bank_statement_id,payment_id,amount,time
7d57a51f-ce8a-4306-9243-8d1b96bd5e9f,bdd640fb-0667-4ad1-9c80-317fa3b1799d,1680405.9930671882,2026-08-03 04:22:28
9278f380-b351-4ddc-9951-86208769ee24,0822e8f3-6c03-4199-972a-846916419f82,8389438.304244636,2026-08-26 04:48:09
c07abe48-f24e-4fd6-9168-36122bb61a4e,de8a774b-cf36-458b-8737-819096da1dac,6987747.334673423,2026-08-26 16:00:48
bdc5a633-ce5b-461f-985d-40112e408d57,f50bea63-371e-4d7b-a7cd-813047229389,6216503.385334366,2026-08-16 13:16:39
d9815a41-e1cc-433c-9838-d1688d3a5b2d,9a8dca03-580d-4b71-98f5-64135be6128e,7526482.831097654,2026-08-09 21:28:20
4251d2f0-20a8-4260-97a1-a2f67a139e90,60e7a113-ec1b-4ca1-b91e-1d4c1ff49b78,5898304.304479952,2026-08-21 03:53:45
27ce46ce-b695-42bf-8379-05edafc8d769,0bbb2599-11ce-4dd2-b45e-d1f03139d32c,1322982.3349115099,2026-06-05 15:27:07
914ba9bb-60f9-4495-a486-07c22059ad46,47294739-614f-43d7-99db-3ad0ddd1dfb2,2678575.4984327084,2026-07-08 19:20:49
a3a22f35-b9b5-43c7-ab1e-fddc0d888933,4458a885-ab90-49a4-b5a2-40ae5af30553,1185251.6413992052,2026-08-27 21:35:10
ad9f835f-3fc5-4786-870c-15e3b51ee0dd,baa80dd4-88bd-4407-abcf-be01a28defe3,4463888.030951961,2026-08-30 00:12:55
2edff02e-7531-4081-b4ef-fa296b1205aa,d7c524a5-5304-417f-af42-e12f3838b326,527733.0769065695,2026-07-28 11:28:39
77fa7bbc-cc68-453e-9a9f-d637fc7aa2dc,3602f8ac-10f1-4c81-848a-aa9e66b2bc5b,5223831.825172877,2026-06-22 10:48:18
6d820335-f3de-49dc-869c-558b496d036a,e27a984d-6548-41d0-bfcd-9eb1a7cad415,4381848.854700338,2026-05-25 16:34:52
ec7ef0ab-e1a2-4ffa-b7ed-70cff111be9e,89fa6a68-8fb5-427b-beb7-99193f22faf8,9564918.086237622,2026-07-01 23:46:27
1641d960-dba0-4dec-a2b8-fdcc4e20c377,ff5e9ff0-ff50-4de4-b825-67b85cabcc97,773970.6632811297,2026-03-08 16:15:20
d862042e-500f-46b1-8544-a04968115a5c,cac5b68c-28f4-4481-a0a0-4dc427209bdf,1590580.08,2026-07-13 16:17:11
bade33a0-13a2-4a82-9458-771da27a2bda,877409a9-77d2-4e02-bf01-cf99988c24c9,94216.26,2026-06-28 15:32:19
9347f486-2a44-4a88-97f8-5f5bf1e2cce7,c0398710-8976-4334-a281-7efdae849217,1822530.8657077472,2026-05-25 14:29:08
8ddd6a3e-492d-45a7-be50-150015a75ed9,00d4af59-7427-4ca3-a87d-06ca6f4cc69a,4374180.206898264,2026-08-14 14:10:13
f6508852-02bc-42e0-9fd5-988eceefd2c9,e9a1fa6f-81f7-4d1c-adbc-2134c30ff46e,8294741.073809878,2026-08-30 03:23:16
af642572-83d7-4afc-bf70-29737acabb76,04fc6d82-7d15-4385-92fb-e43b99546eb4,5072538.918503194,2026-07-29 11:35:33
038ef7af-67cc-4a38-9feb-c9afb2a86456,913e4de2-e0c5-4cb8-bda9-c2a90ed42f1a,8046685.961636853,2026-02-04 09:10:09
bef46f0c-d4d6-461c-a92f-d9fd30afe613,c40db9b4-885f-4e66-82b6-d2c5fa5d3100,8955350.999039449,2026-04-23 01:07:02
88c982ec-b3dd-4cfb-accb-6ae1b6d331ca,9b49bd26-df57-459a-8715-a10343dac043,8896507.591233073,2026-05-03 08:28:47
a942b4d7-bd2d-4fff-be85-544c3e859c67,fec21bbe-6624-4bfa-8fcc-a39ab683d2e6,8580548.93607442,2026-07-11 09:44:10
9b7cd539-0ad7-477c-9bf4-1cc6af1fbe16,1064005c-3985-43cf-bf76-be1d1efa2197,3814619.2132851463,2026-08-29 00:41:55
ee20a0b5-acad-4c07-ab24-ef63f6f32192,b535106e-122c-4a56-81d7-425638602ab6,256413.79,2026-08-10 07:20:16
133b385e-2cc0-4f87-b99e-1823e75f58ba,474a493b-3ced-4f2d-839f-bc501223b513,2170832.228577734,2026-08-22 05:13:18
5a71504b-8380-4397-a221-2e52d6e38103,c8dcd19f-3e35-4128-b900-f7f993829b43,1541162.50130364,2026-03-17 20:35:09
2ba4d656-610c-4ade-bed9-9a6b6c3786c2,6c6fa611-5ab3-4edf-ae59-5ed3a8b317fa,886498.1407186307,2026-02-14 04:17:35
e9fedd48-5684-4457-9cfc-df01f8401eea,56dc8907-ba6c-44ab-a712-303a0f844fef,3147741.838888157,2026-04-27 23:02:46
c433b3bd-d9cc-4656-8a03-be43d4ec0595,6c006f61-23e2-4cb4-b2d8-567d894a05e4,613747.65,2026-08-24 07:58:16
4b25c483-7bae-4f3b-8c96-edc24a41aed8,8ce21ea3-db20-456e-9c81-5fe7ceda8bbb,8910211.419370048,2026-05-05 22:06:52
a194c7b1-bcef-40f8-8092-6d61368b7d68,c0e9ab30-ed26-42e9-97e0-11b7f8102383,7976281.434318501,2026-07-11 00:53:41
4e08ab81-ec4d-4c00-b7ab-aaf864c46086,e7067ef4-66aa-4385-9d59-ba7136b82481,6376042.6713642,2026-05-12 20:43:31
0911e215-e4b7-4864-9362-dea783f9b580,747b6dba-c8fe-4ccd-88b8-d9c6ed3049cf,9115667.732128378,2026-08-15 08:58:01
7cff07e3-d92d-4519-9e24-c724e47a7b03,37bb3eec-4bf5-4b52-b09d-258c27a0c3d7,8848799.683197493,2026-01-25 09:03:44
75d9c07c-9d93-43ea-8182-144d5b120b1b,0cd620c2-0ea2-422b-9048-67babf7b539b,8718825.028310763,2026-08-24 15:00:34
0151ccb0-1b6f-4a9e-9a98-b7154c60b543,14822f53-8201-4c62-b5f5-9b220e8fa8e0,1112734.847481208,2026-05-30 23:56:04
66edef30-2fa8-4808-b8f1-6861e3e3e73b,e3e9de99-f10c-418b-9eb0-e38a675dd5af,659485.2790131243,2026-08-31 13:10:13
7df6bc1d-6e49-48ac-99f1-45cc0244e4d7,956b8c0c-a849-4b92-ab52-52e314fcdd54,4311241.890822144,2026-08-21 21:07:42
e604bfbe-83aa-422f-8772-df4a15b1c4a6,3d1a85dd-506e-4a9a-b758-588dab73295b,4953663.234113903,2026-07-30 15:03:35
7cc70b17-e9c1-44ce-9fb4-26c06924e248,ef8c485b-c07a-40f2-add4-253b50f0fd0a,9335946.787535345,2026-06-30 05:02:00
4008d4da-a819-413d-84fa-84a427d764ce,8181a8cc-3691-47eb-89a2-688b12c136e0,1137221.1931515764,2026-06-16 13:08:09
4c9df049-5fd2-4ec3-a536-3c77787fb578,702cdd20-2862-48b8-88f4-ef125e9953d2,6575620.74,2026-05-27 10:51:40
89534e15-2ea3-4b78-a466-c9376da7c95b,4ca415ea-8dfa-4a56-912d-bc9aaaf91531,2217984.8715055045,2026-04-27 12:53:38
a801f15e-7046-425d-bd47-4d951bd36f41,be0f051b-1b66-45a9-a3c4-36571d8cbbac,3453523.616067747,2026-06-11 08:53:11
bf415c98-5a8e-4f05-a3ce-cf1e296df91f,da587e8a-a25d-4b29-afff-cfd2341ef40b,837532.520390009,2026-03-23 06:19:05
deda028b-e232-4dc9-9bf6-f06d017cc74e,46d483f3-d450-481c-ac6f-7633a2607723,2156601.553671057,2026-08-03 23:36:14
54ca6897-be71-4d60-abca-4f866500f793,e767dcea-b0e6-4969-a213-42b0f1eedba3,6099406.252753512,2026-08-27 13:01:56
f2c8c25e-32f1-427c-aa8c-662d290a3d67,20a04502-6e06-4097-a5e9-79778d7248e2,650101.9647637609,2026-06-02 17:14:47
440b71a6-fba1-4732-aa4d-5bb8f5aed2e9,aabc25fa-3fe1-4e47-ae9b-ec3635c7936c,6661347.397584914,2026-08-30 18:45:47
7edd8483-8cd4-47bc-bd33-8ca26bcce72a,ee0caeb5-ecfe-4b99-a790-cebdbfddc3d9,2904562.525171229,2026-08-18 10:09:16
c7c432a0-c3af-4d93-8047-6d80532bd70a,ecab3301-bc8f-4d29-adea-94930658663a,1026919.6,2026-06-11 13:58:41
bdecb67a-ec6e-4294-b9da-c7798079cdc9,1bac27a7-b386-47a4-8991-603f28c13091,7702752.7126011085,2026-08-07 07:22:59
1b9dff1b-f52a-4cbf-9c17-729f21a496a8,75d66ed4-eb1f-49f2-910b-d1d033173470,3767764.9068509927,2026-04-10 09:11:05
80000fac-5818-48c5-a7d1-99902049a289,6601ddd0-3170-4437-a8f7-ef5a060edf5b,4600581.082780421,2026-06-03 08:48:02
0d527b89-3c8b-466c-af37-4e8cc4735700,adf4e62d-6651-429e-8268-690ba43825b5,449274.92844041425,2026-06-07 19:48:17
bcc8509b-98da-4e8c-b9f7-e0046dfe8745,2db69edb-42de-4fcc-b86c-2ca2e08596db,627182.2,2026-04-17 02:42:05
3f6c5de5-6dcf-4b58-82ca-55ed15263fef,30a900ad-939b-462d-a645-f129629c2ae3,27711.518181998068,2026-08-23 05:48:41
2fd6129a-82e0-4d39-bab0-08df2709f5b2,afd5dea5-89d7-4d6c-8e77-7f00ecf27e76,3216928.4195781867,2026-06-17 20:14:51
dd3a0936-1d71-4339-8448-42af47f8b6f1,aa0b7b14-f2e9-402d-91e9-cdaa6e6981a3,2037515.873698915,2026-05-02 14:30:38
aa94a1d4-3f52-4dae-b371-d64dfe87a17b,688c7015-aab9-4e49-8f2d-479681d2c7de,9165882.085105788,2026-08-09 00:30:41
c86022c4-b4da-4f04-b951-0a4532cb28ba,f0bbac67-aa38-40a1-aba2-5efe311c6eb6,2888632.4957894483,2026-08-29 22:21:25
9c711439-8098-450d-baff-361ab37e3c41,8c459ce2-67f4-4ad5-8d0b-0d1a91b0e1d9,3468779.521423195,2026-07-20 18:48:20
9758a25f-dad8-42da-be17-ddb3304c9c7b,a79ac9aa-9b4e-4c24-9479-e1e6c9277d9b,1765136.0,2026-08-13 00:41:11
fd8ac696-461b-4bc3-89d2-61e066ba7e51,9e87e04c-a208-4977-a9f2-533683f4a9a9,3826736.699464774,2026-05-27 18:15:50
0485742a-6d22-413c-a56d-f639edd9636e,25b8fd4b-32fa-4de8-8e7a-e7f639820cff,7752041.397495275,2026-08-29 20:14:31
0d0b6920-dd46-4c91-9747-8b5c331bd602,74962764-12a4-4ef0-84bb-b7a9d98868dd,3208920.92,2026-06-28 06:03:52
b33d9c7c-4e73-4dcc-8664-82ee6844a0e3,25c73c44-3e75-43b4-a64f-a6637e8f8095,1746923.7823532752,2026-07-21 07:35:49
560fc071-38c6-430f-bb3e-d7bdfae96dd3,f53d4330-cdda-44ba-ad06-e8cf3805f907,9184212.899375793,2026-08-07 04:44:51
6d54a501-8286-4d40-8fb4-9d987aac8a0a,74daaebf-1f11-4b76-992c-9227eadf5085,8658825.478668777,2026-08-21 20:46:57
44ed4fd5-1c2c-4fb1-8de5-f2f70d394b57,c1581092-f335-4ba3-913a-7052986f9025,8306375.853802823,2026-08-24 14:00:18
b62a7941-59dc-4e0f-b168-5db847d28391,722764e6-8c41-461b-a827-a1b9d4a02e53,7841899.093921106,2026-07-10 23:02:33
0c2ca7fa-e525-4eaf-91e1-17993f39562d,d701410d-3f4b-4a70-8074-718e425a609f,8615369.379263224,2026-08-08 11:47:52
a911fd6d-0d58-4ee2-8023-1f700a77b5cc,709b7d97-464c-44af-bd3f-3799a07295e9,4461826.87,2026-07-23 04:32:37
47b885fa-78d8-4dd6-890a-886c36442939,14a0bccb-8a47-4a87-a49d-681d51d87c64,2524547.8579772105,2026-04-02 16:00:49
40944f95-2f51-4ca6-ae4f-f4a419cb84c8,54b4a482-6858-4eba-aa34-c85410714d51,3394842.237730709,2026-06-29 00:31:50
1c8d23b4-4dea-4200-9593-83cf5d13a906,95863a76-c511-45ff-a7a3-7e8163b4c08b,9388473.805182628,2026-06-13 19:20:34
8d40aeb2-aed6-40cc-837f-5347ab402561,5a0cdd7c-f157-4470-8182-67c47a1b5806,6903563.929217058,2026-07-30 15:06:27
cf5e7840-bdc5-41bb-9c4e-3b0054ca4adc,ccc42903-8bcf-43a1-bc10-fa52bf5d2fdf,3628333.3761047767,2026-05-16 07:47:39
87638104-96c2-4045-875f-fb36be30cae9,638c254c-076e-4bba-bc53-08bf6f92f25e,6580152.523963696,2026-04-07 05:37:23
46a47588-a676-4ce1-bcfe-18e95f20ac06,20ac3703-eb67-446a-b7a6-e17cd72b6108,6477101.074995171,2026-08-25 15:55:39
e31f2212-1654-483f-a251-0f01959677e9,157d94a1-06f0-48ff-a9ba-5a27907bfe36,7654480.030229518,2026-06-12 22:09:58
9a11ddf4-be1a-45c9-a12a-c11c21677dca,53cd6268-610c-4373-8299-9aa40cdf742b,6291091.224955338,2026-08-08 20:04:03
e9846baa-f7e4-4c8c-9628-e4290a81870a,6bebac31-d4f8-4d72-b382-1cfdc083b73a,321241.7567053211,2026-08-21 22:29:19
b46499f4-3163-4274-b0c0-41a9d141b9e4,59970043-f3b1-425b-bff9-f5850d557b61,660198.8049499705,2026-07-19 10:06:31
f11afc00-132b-4f36-9940-4d24eced9c30,d6d7b3b8-3309-4d35-bf4d-f561f319c125,2062922.6660474846,2026-08-28 01:32:21
88973a4a-33b6-46dc-82d0-1c42fd595978,bf780e3f-f6b7-41f7-9b74-92459b1bc895,2716577.6566425688,2026-05-20 05:16:33
6b0ffa79-3113-413a-a0b9-98300b373468,edcb8cb6-0692-4c63-9424-aed51bac5c15,6185590.6555258725,2026-06-24 15:54:17
e0880267-e43f-45c8-80a5-82f7b62b9f62,13748146-32c5-4d89-b70b-3420f1043785,3952431.6767780855,2026-05-30 05:03:39
5db2f6ce-e519-4530-98eb-3e59f9a1de3f,d9acd158-4d34-45c5-85c1-4eb4b27b3d90,9299357.672804218,2026-07-10 07:25:09
e92d6961-1e0f-429b-b7a2-ab33a13ecf15,a9597663-6daa-4e68-8861-fe1858e25888,5556482.908910212,2026-07-24 23:53:21
861550f6-6b43-4b40-bb9a-21c41155581f,7d7ddbed-d284-476c-ab88-f83dd97dc9cd,7503237.877500636,2026-06-28 01:39:21
99622263-2abc-42b1-8599-97f6ca77736e,859131d2-bbda-4242-ad17-4fc96f7c15ea,8936660.08,2026-08-12 15:49:41
cb5d2aff-0f90-47d5-90f0-d47cf4af8005,3e6dd58b-7367-428d-a1b2-94de4767d76c,6208119.373962666,2026-07-06 11:51:34
7eba0464-65c2-47c0-9085-449dbd9f82d7,533420e6-d9d8-4b8d-be8a-dee70758e201,4244550.203463632,2026-08-09 07:29:44
1332406f-f8b6-4dee-8373-edf3dec91438,b380c73a-989d-4d4a-a15c-a6664797b2c9,8534645.687747438,2026-08-05 00:52:10
6257ae9c-8260-4132-802f-b24f70100d7e,680bac63-b856-4035-bdc9-829015eabb27,7805256.75937674,2026-08-21 16:11:13
9b72a9fe-669e-498d-a3e7-3896c784ef4b,17d2582e-046a-4df5-8afd-a61372bb912d,4032065.966164937,2026-07-22 01:01:03
28f5f5c2-00eb-4725-af1e-f8dc34f902b7,79279973-5e78-4fd7-94e0-d3baa9f948b2,9061323.08,2026-05-27 21:59:41
0244bc44-b25c-4b50-9794-b38937c23f27,455ac762-7428-4656-b3ee-4d3b5a104129,3169407.64926699,2026-08-15 02:32:27
b877e049-b52f-4e0d-80fa-33637497c7d9,f36cb62b-892e-4161-be2d-740a1e9b23bc,3524741.64,2026-08-15 02:54:19
3867f62d-da3b-4e8e-8dac-49f64242fc5c,fa02eaec-96ef-4ad6-b97e-670346c8adfe,1640148.8843316326,2026-05-10 08:41:31
1e7d8f7b-8d59-434d-84bd-604fb5502e2b,2defe193-5c62-43a2-ba3c-563e4bd6cee6,2091294.5233705589,2026-08-06 07:54:29
3cfbc642-8897-4497-8bad-4234395370c0,8da8eee4-0df5-4ac6-b96b-648a0ba6eab9,8070729.97,2026-04-23 23:08:33
f129ed2f-25ec-47e4-a3bd-d4d60a01d8b6,48ca7651-92f5-4f7b-8323-d342df6a8f93,3051135.9794789306,2026-07-31 07:40:49
df96048a-453b-47f5-a20a-69d3ed601f49,7a4c75d4-dc99-404c-b0e9-8b3b40a26c60,8017060.2251297,2026-05-27 22:56:04
fd523fad-3fbe-4e33-bae2-d4a8a4752fa7,0db95301-afbb-411a-a123-5a8c93b7a886,4957798.973956228,2026-05-01 21:54:47
a60da1aa-005b-4f73-9dbe-4a3c88db3692,8edddfcd-1e52-4770-bf89-7142fe716b14,3725946.197175324,2026-08-05 18:04:16
5e7e00e5-f8e3-41ea-9aeb-bc3ea1f78157,715629ee-e893-4e3d-b354-ea6f61607459,7030694.734864539,2026-07-31 08:11:06
e24cee91-b499-4393-b249-1816154f9eb4,9c10c572-0f6b-40d0-9efb-a58b9191b363,2556594.08,2026-05-20 11:37:20
688928ad-2234-4eac-b8da-35594398018f,2834e4c0-14c8-43b4-a911-d19243bfd931,1295950.69,2026-04-08 22:42:14
0ea8d0ee-fc3a-456a-931b-49d84b7e42df,980402a2-b07a-4066-b354-35ea68949b8d,4711557.379183623,2026-07-27 10:29:14
5b00f1a0-d2ed-4196-82aa-1c76d0e04655,1238d630-743b-45a2-9c0f-2fcfb3f6fe0d,9689343.120798843,2026-08-11 06:21:47
2d3e854b-4799-404b-b719-25aebb0084fa,398d1ca6-8b68-40b5-9d61-fac36cd5e859,2325272.2,2026-07-17 20:40:52
a845f723-8992-4e2d-8400-e249f8bb1616,4ebfa5c3-cae9-44a7-aa79-ea680f44704f,1185577.66,2026-08-07 12:56:00
b0285484-beea-44d3-b8fc-75131b3fd4b0,4dd8eb85-b04d-4376-b7fc-97031fd5a423,8312477.571037156,2026-08-17 23:37:11
34c6d620-8d06-43e2-9ab6-2311a261d918,3a9aca5e-1761-42ed-869f-14f140181c6e,9549987.401725357,2026-08-26 02:48:31
343402ef-44cf-46ba-9302-e6e2387bccda,c3c75611-ffe3-4a49-854f-92fff366bad4,655692.5974100125,2026-05-20 04:47:17
bad4f3e0-3b52-4525-b230-b85b27d81ea0,f8140102-7de1-4dfe-9072-5b5ca2814044,5443031.56,2026-05-16 11:06:12
7aa03208-e6f4-4dcf-a5f9-3ab95e5f310c,292bd156-db94-4570-9ac7-0ec0ab8ddeb4,4757407.276631744,2026-06-13 06:19:35
2f5dff13-759a-4725-ae77-abe37ef74fdb,0964fbbf-8cd3-41b0-82b0-1cfdd045dd1c,5363124.250365896,2026-04-27 17:16:54
f17fb786-7d92-4cc0-91d5-1b0630591fbc,dd6ac7b8-6778-443b-85c5-b37af85e06a1,8852332.536686867,2026-07-16 04:31:22
4f66a914-0563-4b30-8834-0d51a5c6c5ae,84b871bb-3005-48d2-8de0-51a669ca97d2,7201607.918061909,2026-05-18 11:07:01
64ea1dd3-d147-40bf-ad7f-fe23e29ff19c,218a1536-8c99-4894-845d-cc38341c6494,8036871.870135119,2026-07-09 18:59:21
1271c873-24bd-41a8-91c7-bec93016cecc,9bdf0377-a149-43c2-b920-264c0763fcd0,5110722.14335608,2026-08-11 04:41:00
a52680b3-e8bc-4007-b47c-76903ec8f48e,17dc8eff-6872-43f9-8d60-593603802b70,1881900.2711401323,2026-08-05 15:30:04
232585b4-86da-4596-b96c-2da019a8ec19,d50755d9-a5d0-4d53-9e12-42e3f27292b6,4773179.851542557,2026-07-25 13:49:54
624d3473-60bc-4cbc-9987-e6d09a7171aa,d5b077e0-6a5d-432b-85ff-2c83b495db4e,1867399.41,2026-08-13 21:17:13
c3712e42-0378-45da-9399-956c1c2b498f,ebff8d15-30cb-4755-a232-b17a25074181,2261455.6672147107,2026-08-22 05:02:45
3f936724-21d6-4c73-8b32-8c23ef470a44,dabac50d-ca3d-4859-85ce-099c46b82659,8352276.428616058,2026-08-29 09:06:29
a09c4325-f047-4beb-a483-c45844852295,b9de7a3a-4868-42b9-80a8-1de9d20f87d0,8042332.237846364,2026-05-29 22:43:07
0267c983-f763-4b4d-8ada-c12203748864,585a0afa-7bfd-4c12-89e0-6ab37250ee18,3115855.05,2026-07-09 21:39:20
56a0b8b4-d179-4ee0-bc73-1d478ad8c568,304b8590-de9e-4757-9260-001eeecf67d2,4686623.27,2026-06-01 11:11:03
c279d913-7afd-4923-a3a4-957133cb59ef,0b2c782a-6928-4e92-868a-152fdb23aa8c,6277919.065450191,2026-07-14 13:17:24
29c3d598-d0c2-4f21-b1bf-5c97e473b0b0,d21c82f8-cada-4f80-a9e7-82d4fd08b32c,612254.099635855,2026-07-18 05:40:06
3e6a41f1-278e-4f60-ba99-bd7654edfb70,54fd9ad3-9716-408e-b721-69bb80962718,7233573.859961267,2026-06-07 05:18:43
a0a2e9bd-4478-49c0-b129-9cb78b248c7e,03edd1f8-74f9-4d17-a912-b4bf86a4bae4,2526023.96,2026-04-28 01:33:34
0b660bcd-d32e-4757-856d-e1951f81e097,43d88870-f81d-4aa1-8812-0a8e78308930,1328581.301371137,2026-06-21 21:51:11
82f47196-1a41-457f-8bf7-0dc68b6daa25,889b78d5-dbfd-497e-aca2-b148da330aa1,8053509.152714629,2026-08-04 04:27:22
396c8f79-e983-462e-804f-5362244f4ce3,3c19e71d-1184-45ad-9e11-d2cd0930aef6,3702468.378919309,2026-03-20 13:28:12
ebf3ef99-39d3-4f2b-896e-c0c9a7c5f960,0769165f-e746-4cb9-8ca9-cf07b1aa0f6a,4829559.228891618,2026-05-27 17:57:41
d2a20765-b700-4ce3-a25c-7f9cafcfea4d,3e83b91f-2544-4fe0-ae41-7d475ff595ea,2959383.855842434,2026-03-19 20:44:36
1c31d9b9-fda2-49a0-ab68-38e37de7f41a,deef580f-9c07-4751-9437-45092cd1586a,8245778.757733637,2026-08-17 04:58:50
4824faf3-f4b2-4643-b4da-fcc81a0b6310,a34db7c5-760d-4bbb-bb70-b3a124a35cf2,155386.7104295112,2026-07-11 03:21:44
1e4c3fdf-556e-4ce4-9d9e-4da21387bcda,8beddb12-ad77-482f-89a2-3a89e6b5a92c,5700458.36,2026-08-23 06:28:12
15b5bc25-eb7c-4628-acb9-48f7ec5eac70,6c9f82b9-f647-4986-a391-7c994c955f6a,4958442.26834291,2026-07-27 17:13:07
6dba9754-2d95-498d-a6ae-af299ac0ee26,7bb38605-da74-4152-a27b-41a1ffd6f232,1483601.24,2026-08-31 22:57:19
adef5777-2e6d-47e8-9980-236855b85720,4b943e30-b303-4438-be21-10d04bbe4aff,6544875.525849253,2026-06-25 10:20:36
afe9c3dc-aad2-4db6-a4a3-5a102674d1ff,af908e3c-dd75-4e98-90e0-b95f0212b554,8238540.184183913,2026-08-20 02:03:57
592fcdc6-4979-4220-914b-c7719ff0287a,9b689c88-3ae9-49fe-8c82-18dac696f5e6,3117733.006642378,2026-08-30 12:29:46
a9673fe1-7fce-4629-aa8e-55a545665e79,b88ec318-c16d-43ed-ad81-f8bd402913ec,2261328.721151574,2026-05-04 03:04:47
e830257d-cf8b-4eb2-83f1-5176eed15809,0a17991e-a576-4411-a0a1-1839e7457704,9450327.92246106,2026-06-25 06:50:10
eedf4f78-dc99-4976-808e-c990c9f279a8,e8dd5e5a-1712-4b16-a1a4-344fbb7bee03,2866630.5885662576,2026-08-08 06:44:22
51fc4c23-2586-4cd1-a7e6-0e4ec71cdac2,e05fb8bc-8a16-406c-8958-e75e21d53971,4520057.835467963,2026-06-12 06:08:45
cbfe68f0-b8a9-4704-b25a-a10d63fe557c,f1b64afe-d31e-4f1a-a9ff-1cae41c8ca8c,5598830.703204685,2026-04-29 01:47:42
93ed82c5-1cf8-4164-913b-776ed08ce31e,2408a6dc-1346-41a9-b680-2cdb77e490c7,6511585.561409969,2026-08-15 12:21:35
2508f357-474a-4674-ba09-8484f5a7620d,6502d6a2-ca6a-4224-971e-16cc5da36f1b,7521059.706104255,2026-08-14 18:27:52
2e8f2f7f-20a6-4edf-bea9-5b7352b3a0d1,431d029f-ac1e-46d8-bfbf-397bac3e7b0d,6153487.819365109,2026-03-29 01:41:26
6c80423a-7e84-40d7-91be-adc15a449143,066803ee-78b2-4549-bbdb-c09eacc216a0,5345048.096849729,2026-08-30 05:16:33
9a0bd63d-69f8-41b0-b90c-9f84b184071c,a2a9d4d8-102e-4de5-a5cc-8bf738ab854c,4961316.965426628,2026-08-23 12:10:31
f1abf7a0-cd59-4b8c-a362-7835555df8c6,f23e323d-0b9b-4934-a3c8-6d301dde7969,1910289.0795718336,2026-02-25 12:00:49
6b2d470a-6218-4d10-bef3-d5beebee4c80,22bae10e-899c-4782-a323-6d1a3c1bdacc,8830087.52746592,2026-07-21 19:09:02
7e1b2034-88a5-416f-89eb-56c17f421889,278ed00d-ba02-46ef-be05-5787965befdf,7995201.869460112,2026-08-30 15:47:14
6276ee87-3ae8-48f8-9247-8bb2894539ec,479d0cda-f396-4a37-b065-c817687a4850,7336027.3616482,2026-07-14 21:16:38
86e5edf4-6bfd-4189-b705-10f894ba0d7c,5cd8fe1a-dafe-48a9-bc71-e0bef3579560,9025576.145589802,2026-08-13 03:36:28
bf8f81ea-cfb0-468d-b189-25a6c6cec51b,30974b2b-46a0-4a9b-a5ec-7acd0f8035f5,7486843.054069776,2026-08-10 00:03:30
5c98fd57-3c35-4ce2-9656-07c0b3fdec76,a3b5cece-a446-4e72-b64c-911aa9ab364a,5492009.809960123,2026-04-08 02:01:16
04643f52-d9c0-49f6-be70-9416340a22d7,90882eaf-c977-4598-a03c-8c25fd235def,9118243.680875884,2026-04-12 23:22:18
2233212a-f526-4ea2-b953-3cb78ef1a114,dea45c19-d024-4d72-b748-967f961d33ba,9753086.8,2026-02-04 10:45:46
5c613985-596e-471c-a94f-03ec0f4076a2,250a4578-fbe9-4499-9bc0-80fd46fb7bf3,2858882.511036247,2026-03-24 14:51:14
d5d318cf-24e6-4ffd-b5dc-037d4b71481f,21bddb41-0699-4731-9dcf-8766a93b12cd,3873306.39,2026-08-23 10:57:15
6bcbb347-e9b7-48ee-ae6c-69f7f8c92b4a,43ef2016-2c9b-462e-840a-3aae52e2afd9,8720624.165611327,2026-06-26 09:13:18
0e4d364e-397e-4bfb-93ec-214935f2e254,72c22a16-79eb-4168-9045-56e5bee3eb79,1796602.7043676933,2026-08-04 05:05:30
b436e8fb-b21e-4fab-b649-09e81e032a65,9d77a45e-f206-4269-b8b7-7c0780fb9296,8601656.072059574,2026-08-03 11:50:18
b2351615-06be-4b4a-bbab-3b0e60a1451d,07f97d05-f6ca-4b8b-a4b1-f99175424646,6554529.219231027,2026-08-12 08:03:10
1b2375d0-b38f-40f2-8dd8-67e55f26b2a6,b65feea9-7d82-4264-9ba3-62e7afa415e5,1335153.6904168816,2026-07-24 13:53:00
980b82cb-d662-48bf-ba11-4e5612e29c2a,204e178c-10d0-4d11-a5f9-34bf9bb96155,2268226.72,2026-07-25 07:18:33
242ac30f-5d80-453b-a59a-5d6c07ba408b,87d292a6-98ee-4c2b-be9f-ecaa6182f347,7080623.552950843,2026-04-06 23:47:17
91b5fcb4-0331-4d0d-93ba-8d243ebb527c,da509fed-1d4a-4d81-b3a7-d0e0cb08587d,9079334.10914657,2026-05-14 10:47:14
78428071-2eb3-4f6a-83f2-6a392653de2b,3a7e8e14-e359-4ee1-b399-1a476e191042,6585429.012571944,2026-06-25 01:10:01
f2e2503a-b2d5-45d1-8706-f724bf83f2d4,6d4067f4-5003-4b35-9857-8bafbac7e2b9,2522462.9232207593,2026-07-11 17:17:26
565bb785-b8f9-45fc-a959-8983785e02ee,15da705c-d4ef-40aa-975a-81ec112fa612,6074021.267980895,2026-03-28 15:44:22
e19383a9-0f5c-465a-a7e8-3b871c7bf8eb,f0ede303-aa53-419c-9fa4-bb9f5a856750,839630.5477171564,2026-05-09 12:16:42
2c6fc084-c04a-4f68-9aab-1efb0838f528,1a85910d-5a05-4c11-8ffc-a6b199b479d4,7919866.460714333,2026-07-04 04:31:20
d52a85c8-6579-4c22-82c8-37b6290c9e51,d86a6460-59a1-420e-9bb4-3332d8e7012f,4622144.308556751,2026-08-29 07:32:38
744cc6ae-e03f-4f2c-b2bf-fc3fae0e289b,d85c16bd-6dda-4f8d-8ea6-0f4c39e58ff0,9060470.452836402,2026-08-11 12:56:42
eb4d6df5-420f-49a8-945b-4e9bb61ec0ed,d4578ad9-a867-4096-add8-77c89be71737,4462219.591879334,2026-08-16 21:02:10
3a314e67-b598-4577-8e58-3dde807ab658,01902620-59dc-4bd0-96fe-bfb9ebe9e207,6526502.767424463,2026-07-15 11:06:43
f91e8b9b-4596-4e76-a824-162dee7385d8,f8c88fae-a217-4f84-bdb0-25ff2451e5a4,3506375.1318709888,2026-07-10 01:55:31
f37985df-fa59-407b-a0a7-ca57858117a1,284bf962-5744-4596-b422-21676b7a2460,9265785.878267506,2026-08-26 12:12:16
9e79a6fe-6680-45e3-b63c-bc32be3e1402,27d415b6-0d77-45a0-a222-b6a615bfbe97,1350480.1331338843,2026-08-22 21:20:16
d28faf65-2f06-4e12-a46d-2e33380a402d,7c54535f-6c8c-4b6a-a974-d079716fda0a,3545362.4824830154,2026-08-23 22:45:30
d109ffe5-13c3-4c1b-977a-80b89ae6befe,1c6345ab-6e0e-41e8-985d-3f861d2324e6,8047806.316205772,2026-08-10 05:32:01
a452f530-a717-4804-902d-32817a37f3d6,3873e57f-0ba0-48e8-8ef4-92c1aac93316,126652.73052375698,2026-04-12 20:37:00
0dfef633-2a31-4dfd-a166-7c7cd3c6e5a0,c47104c0-3613-4e15-b200-c2614d29d1ab,5443483.365362851,2026-08-19 04:24:34
451972c4-31d9-4d32-ac99-ce56a58aabb5,6e3f683a-bf3c-4140-bf54-a51101fa964e,3792759.25289207,2026-08-08 05:00:25
9a6aabb1-5cda-4385-93eb-43581ab9f662,ce6322b6-ab05-447f-9556-b37d8f0881ee,688640.8133231455,2026-08-16 19:31:26
98dc4031-363f-4ae9-90b8-c1c51b4142aa,4a1dab32-6aed-4dc7-a3e0-5309b5a1b949,5308784.305002076,2026-03-20 17:01:46
084930a1-ede0-4d33-a36d-756733a44f40,6f887f28-3e49-4d09-9b19-d8b8d8302081,6517299.950299521,2026-05-07 10:49:52
91f390f4-fa06-4889-95c5-239244e831e1,5543fc3c-38b8-424e-96ea-57b3beed10b6,1857300.3074258927,2026-08-15 06:07:21
ca4c3b4d-fc8a-4e6a-9051-385e0b7ce5c6,c6b6e4ad-e7ea-4d5a-b1a3-ac4d828c37e7,2403725.81631207,2026-06-12 14:51:41
17dcabf5-5088-4581-8c4c-eedf0bb1b984,328067a1-4187-422b-a57d-5e521a5165ca,1237533.3624807512,2026-04-28 03:46:55
31e3e608-800e-4952-a5ec-4424f56febb1,9082889b-e1cd-487f-ac95-5f87ae5ec365,5351530.708077822,2026-07-02 22:31:20
5b182716-b9c6-426b-a401-118dc078bc3e,780b3657-117b-455b-b094-4bdb26a524e3,4534840.12051432,2026-08-25 14:41:16
54d144d5-18ed-4297-acb8-3fceb3e1511b,12fe28bf-81e0-4489-9a18-e2a30e614bcd,926429.336945107,2026-08-15 11:24:28
06103d84-2672-420c-866a-5821ceb7f2d6,8de7ad6c-9490-47c2-b674-456f626d719d,673910.0579896589,2026-06-28 14:23:34
961b9221-7a19-4807-a1d2-1319cbcb3293,a6ded1d8-9258-47b7-8f50-1889e8b77f7b,8201608.648785291,2026-05-15 11:47:03
aeb00fb9-26cb-4e99-a945-e93a4a454398,1a7f195b-7355-4b9d-8fd6-f47ef52d4af2,1399052.2508583115,2026-08-10 01:26:19
17e1e8f6-a03e-4003-a29c-b897142925a0,3f6c21f7-0a05-47f0-ac2c-d22ba56895c6,8601770.08301499,2026-08-09 00:39:26
ae742530-ceb6-4fdc-b734-a78de2682c9f,5f733a3e-5d28-4aa4-a8a3-97799c1c3517,5563007.01504833,2026-08-31 06:43:45
293a60be-b7f3-40ad-84d1-c310240f92a4,a5b5cdc2-a181-485e-8a0a-c6ac0d67d38e,9107820.64451329,2026-07-06 22:11:47
9bd65068-ba8d-4f8c-be05-fcef842c49fa,da003f16-b946-4bcf-8082-cbb948bddb3e,2489682.8511030846,2026-05-27 01:36:51
5766fe0c-c4c5-47d8-ae23-5eb085f62467,2434a678-a9e2-4ba9-952e-6abb14dd5061,6383852.147461952,2026-04-18 05:40:29
4a74982e-56ca-4fb3-a196-2a11c90cd1d3,15b02530-f020-4992-b576-255e98549f22,5446992.903252775,2026-06-12 02:09:41
6e4f8ea3-f0ad-46f7-9b1f-b4d49f9bc7bd,f275b5f3-d436-47a8-b3ec-b951ab8cbf97,8710287.779595915,2026-03-14 03:04:02
aed0cbcf-c630-4536-b677-9a11e403999b,822c4d32-6c64-4c15-aba3-01cba561e1e9,2958084.2904379233,2026-07-19 06:56:09
9c425665-ff3c-43a6-b575-44ee3d365abf,7c7c404e-c422-403e-b29a-6339577bc55a,2538457.3360915612,2026-08-27 01:17:38
91206a37-2703-475d-b540-838e13331679,19e45c6a-c9c2-4e69-982c-75654bb907ec,8703851.940075178,2026-02-16 08:05:02
ce028d60-18ef-4a28-bf5d-a7f8fe914b95,c42cbc39-e05b-46c5-9636-3094a97431db,2555856.4003283014,2026-08-08 04:50:36
4f3e2a2c-ded6-4d2a-842d-5f032482e8d1,c566aa81-b15e-44f6-94d3-07952e4bebc4,7138774.767528519,2026-05-21 07:44:42
c80cd031-cc21-4b4e-b80c-eb1ade16afca,b836c448-ad26-4ec5-9d42-b9e9692e07b6,4708964.230989172,2026-08-24 06:55:48
11730df2-2956-42c6-8bac-fa4aef1e4acf,fc043f08-9207-4158-b277-1f63ada58417,6263333.6919715125,2026-08-10 05:16:19
16d7ba54-5a76-4b48-9d03-14d893964405,297ca4ff-f75d-499f-ab2d-5b0987079ad4,2279264.077387721,2026-05-19 15:48:37
75f321cb-c59d-44aa-b5ed-7ce82ddf2675,dfc620ce-7b07-4d31-a424-4f230d5ba7cd,8467937.774777085,2026-08-20 08:44:25
418af089-fa7d-4961-b927-a136fc73e358,290a3abb-c35b-4fea-9578-d70948f9e3d0,605385.34,2026-08-11 23:03:15
f098aa1f-23f4-49be-ac95-ccf1a6798ab0,38d77b9a-e916-4a57-b248-23ab177a8a5f,434621.49806414003,2026-07-23 14:47:51
0a22be56-7cfe-4ab0-9198-83f9f8c01007,5fbbf0b1-8083-49c8-a57e-01c90da23e5c,6201404.192712519,2026-04-10 22:23:19
68b666d6-66a3-43db-8960-42b0dbe7a333,195d82f8-ee4a-4b5d-9195-54e307374c86,2390709.061372154,2026-03-26 00:10:49
70da1528-2105-4c60-ae3a-cdf2eac9b1cc,d46b415d-eada-49a3-8970-ed9a09ce3cfb,7754096.350008497,2026-07-24 11:39:57
f3b937f2-9fe7-4068-9847-260b8331d711,144823f7-e7e6-46c7-8158-24639d8776a0,2463589.8507635407,2026-08-06 05:07:42
69c718ee-aea4-47d6-955f-a2f45fa9b21a,871c0884-9bdf-40f2-ba2c-0f19f0b2a5d1,3893521.5698775905,2026-06-20 07:46:48
0e9b65bb-a4d4-4431-ba38-f5a09ee08a70,98c3e3ca-7ff4-4ec6-a7b7-b4c6d6312a80,9490206.16,2026-05-22 00:16:00
02088c91-8f90-4d9d-923c-7585b32281f3,6de299a1-4a90-4d0c-a4c1-73b9b7f28572,9334447.031100694,2026-07-06 02:12:15
6035d9af-4a68-4bad-9af4-cf72da622059,15eacbcf-ab10-41ce-aa14-3cd82ff3cde4,8724758.727683155,2026-08-24 08:14:34
12aebb0e-da94-4cdf-a637-3dc791f448bb,81f38dd4-fd03-4ada-8952-518581e03a5e,7736396.174704318,2026-02-01 22:54:42
ab4d738c-7657-437c-9fc8-e06063629509,5f90bed6-fb25-464d-a30a-a767a2bb522b,1099501.9069294054,2026-05-20 20:24:41
a479dce2-77ee-400f-b743-c1045953ff90,a0d572c8-a837-4e68-bba2-05ca3dba6da8,5411819.158518284,2026-07-01 08:03:40
1bef39f1-7700-4b2e-917b-6fc6e66eb0e2,56ab087a-8bc7-4e81-9a30-45280b599562,7705715.644641698,2026-07-10 04:53:28
eadeae69-1bbc-4748-bb55-cfa32e266519,2285b2ef-cfbe-4fe9-aea9-c542a1b970d0,7569078.480219612,2026-01-24 07:10:52
66ca0baf-3310-480a-aee0-95d5c4a9d8ac,ca862225-0b36-4356-b39b-77a84b1f0d7b,5122605.181967543,2026-08-05 09:23:07
ff169376-57a9-41b3-9139-94a1108134dc,8b040f49-d0be-43ee-bd37-253965f202f9,3114286.876301844,2026-07-11 23:32:40
bdc4d680-b3c9-4502-b66f-42687c7dd490,0c3ce284-c7e5-4bbb-9cb5-1c535b62a8df,1015339.67,2026-06-11 21:43:20
09ccdf05-745f-4433-8743-968f1d447f41,be4969ec-6667-43bb-a3b5-63606fdc0bad,5531191.458674474,2026-08-26 20:27:17
2540647b-784f-4b14-b2d3-1a6527dea64c,5e0a72ab-7f5d-4163-b12b-66807f072cb9,1361897.6917096165,2026-08-27 02:42:21
0804ccea-9175-4c63-91f7-c01736a5faba,febec0db-9a3a-4103-ae3c-453214348f62,5318140.64,2026-05-20 11:04:18
efbbd216-0ff9-4696-a15a-58bdc632554b,4baf0f5e-a932-4094-93f2-8f11147f6570,6958350.785965746,2026-07-02 06:56:04
79315fc6-fa82-465d-ae1b-abe2ca208c07,727716ec-59fe-4bbc-b1a3-fad2b0946d2a,5772594.876773723,2026-08-29 10:20:58
05df9333-de36-492f-b624-65c10dd8063b,a3b442bd-4649-4296-af58-42c3ff86cc31,1230999.1539610184,2026-08-26 06:41:48
2d15420b-a2bc-4715-8087-be6a4514c416,bff9507d-cd14-403e-8359-9af65d01f55f,2324199.121409817,2026-08-27 18:39:40
67b2916c-461e-48aa-91ba-f6162448ef43,08e895d7-702c-4821-8804-0fb7ad973b67,6004134.669537998,2026-07-02 11:15:22
73905263-b653-4dba-9faf-c6cf4c5fccfb,084a6780-9136-41f8-b310-46dc6202bee6,6160549.607016152,2026-07-15 03:07:49
e4a07521-ab6d-40aa-b6cf-94298657d8ff,92ec89af-13ae-4376-8359-810a71a6014c,5135580.105260851,2026-08-01 14:37:08
17aa3aee-0dc2-4df3-949e-dd912f1fc132,06a241af-1d0a-47f7-b5e4-a4713fe68c9c,6388779.39002083,2026-08-16 02:44:32
4c01f701-c0d0-4553-b69f-239b578e911f,42a259a6-c664-4285-8303-cbc11e2595b8,4679713.5793837365,2026-08-04 04:19:39
6b4a3541-f123-467e-996a-2b3632d7cc22,da52d2ee-22bf-48f5-9f65-2a87333ee344,5439618.76,2026-04-02 20:00:47
c8aae0c8-b057-41fd-8916-f0b779ba547e,d8741408-f7b2-47c7-ae92-ea71cf7dcb43,1075684.7205024348,2026-08-18 01:05:28
5acd1e90-6fd1-434e-b25a-4809f730e52e,4cc9f5f2-e42e-4037-8a55-2ea08acbbe09,2884821.463428853,2026-05-29 21:06:14
8f97b21d-028a-4f1c-92b1-2838639e8bbc,fc31a597-1f11-4c0f-b967-e60a823dd107,8187695.807023191,2026-02-03 06:02:57
aaff96ff-b904-4b52-93eb-459932d4d3a5,5e70f65f-9280-45aa-8dd4-595b5c63b6f3,2131347.240201056,2026-08-29 20:48:05
aa000756-52e0-434e-a505-a2b69dd3c15a,4f2dad3f-10d4-4e39-9612-37c9e25df9a8,7906627.419507446,2026-08-25 03:18:57
756aae2d-e581-48d1-a687-944303a1beac,d2c65ee4-68d0-42a8-84e7-f7dd6929de73,5201322.495393409,2026-03-18 15:37:51
1d15571c-5100-4ab9-9d42-da677fdbabc1,8471b4b0-ae1b-4f69-b740-d83173318749,9024103.67174673,2026-08-29 05:52:21
00f0f7fe-b8e7-4cf5-854c-0d1f43470982,21084dd9-f75d-4e3c-848d-56502e9522d6,916600.5507976696,2026-05-06 21:28:21
faa1d736-bee6-406e-b7f7-a96a09572517,4d85e9c7-a001-4720-a00b-290346426c45,2773313.9251461276,2026-08-21 08:23:19
c63e0e47-8bcc-4e8d-b24a-4a6d6b90a95b,2bd3cdcd-2779-4685-94a5-3fdef10d27c8,5505120.319496612,2026-08-29 17:43:21
591c228f-3754-45ec-a0a7-8c2099d76c9c,07437c3b-dd20-43bf-9342-af080a8bb5b4,9416110.183106763,2026-04-20 23:56:46
adfc1dc4-f8c4-4f7a-b0ef-cbd3f3cef8b7,92779574-c457-4cc3-b5f7-89bca6b07458,8256720.6101747155,2026-08-26 12:01:01
d053d7f4-5ec9-4fdc-83ad-d1a4f481b9cb,4d560a3d-f4e7-469a-a454-09374a27ebf2,6687263.496420736,2026-07-01 05:22:22
4e954929-e58b-4d2d-8d4c-3b8004251c71,0f5675f8-b048-4aa1-92ae-5c22741b77f5,7671017.2840143135,2026-08-29 00:47:39
b30672dc-1fef-4fb0-9e25-65fed1ad5c22,5005680f-24c7-48a5-9b4e-164b5716dc2e,4302008.58,2026-07-01 16:45:28
69ff6cc0-74bc-405c-bfc1-9ef6a61f135f,83d5bceb-5edb-48ee-82ba-f0e02179e3f0,7627162.343104448,2026-06-15 17:56:02
8adf1e46-d403-4d02-9a2a-83bd5a0ae917,24108e9a-3f77-4cae-b318-b96d44790612,6298400.676964808,2026-08-30 06:32:13
55f8bbb8-c3dc-4b92-b95c-a96d85ee751c,dd84cacc-f672-4464-bf8e-a40a6b0ae0e3,9544292.744320778,2026-05-12 21:46:05
6daa8c7e-7575-4602-ad02-223fed2532e5,7f8e5483-28ca-4a1d-835b-ec2c3098f7b2,5047956.357043466,2026-08-04 19:36:03
29a3e5f6-984a-4463-8d81-42152d490058,64ab851b-f1fa-46e7-970d-750705eee1d4,3533612.4752561995,2026-08-26 22:05:10
d857ec60-48f7-4726-a1ae-22556f959489,4806f804-0cf0-474c-8c74-dc0f5a575539,7748662.508093409,2026-08-13 02:41:27
9ed0fe5f-b3bc-4791-8882-f6eba254da12,1b84edc3-d8e0-49de-8217-ea0e896490ab,6074185.79135251,2026-07-27 01:02:43
d655005d-ce52-4176-966e-46aefed01fca,0d18ab95-668c-4477-8b95-017c5dae1201,9174766.907010647,2026-08-27 10:55:21
9dc33d41-0434-46c3-a64d-cc1d16f28319,734a6ca3-8116-43fc-a2e7-c1a612d2fa06,1938152.88,2026-07-04 09:01:12
c0712a38-bffc-4f09-bf14-64b31a8a76f3,5f89ed12-64d6-4fbf-98c0-1e2bf99f0704,5961636.7772910325,2026-05-26 14:11:24
a22eb45b-1986-433d-8b73-aba7ed5edfa2,66c14dca-8255-4a61-9a3b-031932f57510,2251019.7091453634,2026-07-01 07:21:32
085acd62-ce4d-49f3-94cb-b94e80dc4cf9,74fd33d1-84f2-4d0f-b947-4bfacdd0b4d4,2282548.6232417882,2026-07-11 20:36:30
390e9f57-363d-4fb5-abaf-1e8fda095b0c,2999bbef-518b-4f21-9cf2-0859ee6e2e72,4911637.916611477,2026-08-25 23:45:02
32103c49-1d4f-41c8-a18e-72a78d34dd83,827c9f8c-d40a-45e9-81df-6517561c9210,4964467.159247777,2026-08-11 11:43:56
f7b5b05b-59c1-416c-9fdb-563af35757c5,54cc1e2a-5e4c-4287-8442-51dbd0d4ea67,9670015.700190976,2026-06-14 11:44:03
a51581ba-d206-499a-a872-443469b6175e,df41e335-b9ae-48e4-a615-99c8cbf81f86,7833599.896825022,2026-08-01 18:40:58
c83e0032-5fe8-47f4-b08a-ba2101f268f5,f8d8b7f1-c86c-4544-a7d4-cf50f791f1e5,837498.5831082091,2026-08-18 10:58:12
e12def58-4482-4852-889a-4ca481ef8162,a107cc46-8634-4718-aba6-adb37afeb114,6213197.511055358,2026-07-15 13:26:47
e71594ff-d6a6-4618-8eb1-8c8843b63613,08150147-3e00-480e-ae44-1e21d25864f2,3113731.2021626164,2026-06-25 04:22:35
e672abf5-0110-483e-bdd6-831bac5d7133,26c432f6-6b35-4f85-904e-268770e7e756,8183589.040798719,2026-08-29 23:09:27
27439b53-06b8-4c8a-83f9-c74d085d5d01,d92f3c1e-df70-4b2a-b8bb-22a5eba742d2,2283749.037950635,2026-07-23 06:11:10
d1edc618-84da-4679-9113-b5ffd73cad84,ff84faef-5336-423b-8f96-468535145890,5184995.933161115,2026-06-07 04:17:43
f58b8c61-2ba0-49ec-95c8-74415145c6f8,57a2be4e-887b-43e5-a980-f80875ac824c,4381799.938616283,2026-08-29 00:41:02
8e44f2f8-3de8-44cd-ae15-c527fe2a0cbc,3f1be0d0-f514-4058-b138-39757bf33a34,4865316.674931018,2026-06-15 02:48:24
64b078a7-a4f9-467f-9dc3-bbee31523136,b47a1c5b-b0b3-4015-b510-2852b4746349,9143118.696803996,2026-05-12 15:20:15
6dd9a879-93ee-46ee-ae93-a4d0cd24120c,ad371d9e-92cf-4021-9f33-242d49ac9087,6499176.75196109,2026-06-26 06:53:06
fa33fa98-63f2-4557-a2e2-d1caf07bf9bb,257f7595-cdfb-4db9-85e7-8b23f4613f09,1296185.2308341328,2026-06-21 19:29:14
846c454c-5170-42ef-a777-c6646732ceca,41a64fed-a7ed-48d8-b13f-8f8cec8be537,8917559.110538753,2026-05-15 02:49:13
b5c43078-197d-405f-bb20-d1546ff98cf7,4588fc1b-b238-4849-8fe0-69b6eedaa802,9563837.217742752,2026-05-20 00:54:42
93b1ee1d-a1a6-4f32-9e4d-acd68116fd6c,e7ba26ac-ab7a-4d1c-8cfe-f6833e11bafe,856628.8177828828,2026-07-03 15:43:52
eaaa94c8-a097-4fe3-831d-b215d7d0dc99,78ef7666-b7a4-4719-948e-1f6b69ce1e4e,84373.17294993965,2026-08-07 16:29:58
f2de05fd-28b7-4541-8d8b-3728d65bc676,682b163a-286e-4390-add9-7a1afa585b27,7771701.584220693,2026-08-06 18:50:12
06905ba5-17e0-4df5-97df-85b33429c8cf,f6c31218-c183-4315-b30f-8be1a689b424,965169.3189032923,2026-04-29 11:41:53
97e1bc36-c520-450f-a0ff-349802f4298f,88ffbd40-3b72-486d-92fa-675fa6fd0cb1,619202.0887662994,2026-07-31 09:21:36
8b2e1eb3-b523-41f3-9e3b-c735071f1a27,2d007d05-d66d-4627-a1da-ce6a6afa828c,6495750.9144623205,2026-07-18 07:57:04
be09f835-0679-45ab-a1e5-48ca926114b7,f64e3dfc-bfbe-4c7a-afc5-97382fb21e66,618125.9640214898,2026-07-06 21:17:25
a1aa19f0-a26c-4d5a-b426-17e7fbc1085b,1b780ede-9a4f-4c0c-9165-f2ed4c636e95,5553440.82,2026-08-30 02:59:45
e5dd614c-a70b-4a9c-bd5e-69df2fc2147c,f0458043-e3a6-4a70-be71-0b558639bd41,4458237.518997227,2026-03-18 14:15:49
d7282d30-8911-4a42-b19e-c58b4c031d16,2999394c-54a7-469b-9cd6-6b09cf0e6d2b,3038687.6802598024,2026-05-04 16:42:20
c93a7471-ce9d-4f4e-87af-fa24b9ef9fa8,4b86b5a1-ca6f-4ff8-964c-fbd2bc92fd81,2867140.5341545558,2026-08-28 05:17:59
0d3f69ed-a8c5-4cca-82ae-cc90c5386208,67ce378f-e5a4-483b-a383-889adb2c6ac8,1432910.457216765,2026-08-01 20:41:28
a09fc700-24ce-4460-af5a-9491153d1653,fb4fb88a-2f4d-4219-986b-2880ab545a15,4054399.557977636,2026-07-14 02:56:46
ddefb7bb-9450-44c8-bc1b-b61aa36d4d54,725d4259-3c4b-4eec-a231-ee7342c2d2eb,5004193.8,2026-08-18 17:18:24
988c89db-ed5c-4a4e-b589-64f51c66021e,42f525b9-02ed-43ce-92a8-1713b90ed44b,1013679.2777802459,2026-08-03 10:03:55
4312153d-484f-4f7c-a44f-52f41b696031,67c96204-28e3-43b6-8e8a-dc4b77242041,5075588.761315197,2026-03-05 07:10:04
640b7b85-353d-4edc-969b-deb1e9a7f5e0,fd247c11-bf6b-4cdf-b479-7b6127372b52,8971997.699670706,2026-07-30 15:01:49
69eb337c-059e-48d8-8ba2-0d387db4990d,aa0217d0-cd4f-4b2b-899a-c252c1e1b94a,9804130.930213416,2026-05-15 10:50:45
13893a70-a02c-4ed2-b58f-41b07c8c65ab,b42a0456-8736-4a84-b25e-134d86879aa9,1852244.5815118435,2026-03-30 16:42:01
e3c443f1-6010-4b93-ab7f-0864aff54774,8167999f-e723-4da3-8c32-bdb2d42a895e,2688969.3635954205,2026-06-07 18:03:25
e754d4c3-0298-4dd2-8c7b-34e22e07cb63,cf0671c7-720b-474b-82a7-f586e61d9cde,6896681.560674866,2026-07-20 06:17:42
9b4dbb90-a197-439c-913a-2b6ca8dfe59a,765e6cb5-8f0d-4540-8ec7-d662905c7bdd,360193.58985809574,2026-06-19 17:54:36
fe65b782-57c2-4cfd-b9d5-9f7f1e014975,beed0af9-00c5-4f30-9103-142441241bb4,6990718.462224915,2026-08-19 22:56:42
999921ec-9d2f-4e76-beb2-d1727be19731,fe7ee362-8a89-40f0-9052-91d3b34c6c73,7703935.12962946,2026-08-20 19:07:36
bddfd7eb-8591-4036-a88c-22220148a245,c4db5a62-2e13-418d-a8ab-80ea497ec6d1,6845607.910482812,2026-08-17 07:42:24
9b2a1376-315e-4e80-9f20-c257ed348e32,72d35458-61ea-4f30-a42e-707afe2bd987,6204090.473497379,2026-06-17 00:41:02
8301b3a6-849b-40bc-85e5-d46189344b06,dfe2c0a0-a96b-4c42-b6d2-2a7baec76a82,5701417.756365703,2026-04-27 16:39:38
1d62c6b5-5d69-4934-9deb-78a4375fdd57,649f7d88-8989-45ab-be2b-34d82db0728d,3668904.673963249,2026-04-18 22:46:23
384243b4-2378-4f44-93d9-a4dd078d27e5,4c61845e-fa7e-4d94-85d1-fb63c194f97f,6904908.752285048,2026-08-06 03:30:58
2067902b-f099-42b6-b10c-cf77ba4d6c8e,3f5cf2f3-3acb-43a3-92c7-bffb6118433b,3096652.841631206,2026-04-25 18:17:49
f406d6e0-3301-4b08-bb48-7db6460f01a5,6b535a19-a902-473f-8f39-f648083f64c3,191209.46,2026-07-10 11:14:01
a6e486bf-8d2e-4a22-b544-f70c593acb51,980cb95c-19d4-4deb-9139-fa1234c1c3ea,806612.4631781551,2026-04-11 23:30:41
7eecdc53-cf1b-4490-bec5-104077902ddf,705fddf5-66fa-4ca0-8b53-1932bd9419aa,919134.1123634467,2026-03-21 10:25:48
ec1f0155-6662-4bd2-b243-b5c6833d7595,3bf2025f-4a0d-4b73-be54-ee4b80ff5173,5277714.819407385,2026-08-16 10:18:11
afe2ff5c-32a8-47cc-ac47-133640061add,d18183d1-ac2b-4cfc-85c5-1060991121e7,2333216.3611769294,2026-07-27 05:19:30
9569f8cb-1a57-4cee-a490-3d65f63d3295,46707cd6-4ced-4164-a9df-14e9389641dd,2893274.262041047,2026-08-03 06:43:38
34b16488-cb4a-4b4b-aa68-3e184fc40b0a,f8e8035b-0c00-488a-bee1-011a8e4c3ab5,6316911.68476135,2026-08-23 00:10:15
6c7a0c9d-7237-44ba-a202-f0226ef7ffc3,6883ac6e-6a94-4054-b241-4482519894d8,8856260.21352539,2026-07-09 23:06:34
5199839c-d0de-4fb6-858c-6c02bf409640,4cfd0fc1-39b0-4e2a-996e-684f3db0174e,7577409.285811952,2026-05-31 10:53:03
6de77482-620f-4af4-9b77-ba461b88fe69,6aa0426d-f7c0-45f7-a9a5-3b4f8ff8869d,4008174.8,2026-07-30 03:44:43
e5dc6ce5-5fbb-4fd7-9a58-abba91303877,143df5b3-a58e-43dd-948c-1d84340de049,1516975.51,2026-08-30 04:27:22
2ad0d57e-730c-49bc-9073-c0c3d1c06099,0d31812e-30c3-4756-9453-f867b97e6224,650085.2743989577,2026-02-25 20:03:11
963d101f-40c8-47a3-82e8-47aef545dfb3,966be275-c2fe-4954-8dfd-9531302b7831,7900519.055943947,2026-04-11 08:08:50
e09397d5-d3a1-488a-9a98-04574b211512,4d9dbaeb-553d-4625-a833-4da5de95d695,3119433.066869309,2026-07-22 10:37:08
5a2d465b-87ce-4aaa-b713-c245f34bfa59,7a9a8ef5-c11b-41c4-bfe3-f366bf337a15,3379379.3604777995,2026-06-21 01:33:41
5b952506-2f98-4e44-8a78-2f586dec4b0d,8347f1da-5c11-4b6d-82f5-b3f54ef4c34d,7797718.044418177,2026-07-29 01:35:23
5f25210e-a82e-4d61-b716-4f3112988e9c,501ba851-5ee6-4495-b400-29c3ea11905b,3606527.6649226137,2026-08-22 06:53:26
1f4f4a0f-507f-4c32-878e-4415252151f9,ef4c5119-8da5-439b-82c2-17970426fcc9,4849655.0389214,2026-07-08 10:49:40
b780606a-02ca-48d5-b033-ee83518f0ed4,613d2de9-3ae2-4023-9472-0d2d32399ffb,9012949.821099203,2026-06-20 21:44:31
cb94cf8d-9145-4a38-b722-ec2c36b9ca35,7d1645a0-d253-4966-836b-9a0a41e02a89,8026392.202104318,2026-08-15 04:50:15
10f4c941-8fc7-4d79-bb8e-de31e61415dd,5a2837b2-cb83-43f2-bb96-f6022b115c36,8000788.225116785,2026-04-01 03:59:37
86faaa83-3651-4c93-9a0f-b0b8489af195,fd85d7fa-8ac9-4b01-a3ad-64d4eab9eb02,557669.4665527302,2026-04-12 21:36:24
b75d2f0c-472e-4f3b-8f9a-fd511a58fa44,0c6b7074-ab10-4c9b-9168-2e09f1f7d904,3838555.908532603,2026-02-13 22:41:00
6bf7d125-a571-4542-a485-a11892ee4820,8d388327-883f-43c6-81b1-58e90406ff44,4532859.61870131,2026-08-22 10:13:25
32b9fc56-51f3-4a1f-903a-9ed2515a3eea,80913ac1-0463-450e-8964-6b96fa3c1628,2958649.215891946,2026-03-16 18:28:38
7fa79708-7e72-49ce-8d7f-65f60cb68029,261e2555-863e-4f2a-98a8-06efeb053fc4,4120710.2332212618,2026-08-19 12:52:04
1e87c27e-6bd6-4443-8640-1757fd81a925,143a9aff-659b-4105-8b80-f288446f64dd,9247927.766468065,2026-08-16 17:01:54
53ae1065-99f7-4c76-abcf-d03f73e9b99b,4ccb2355-39d1-47ff-b27e-1442fd7fe973,523034.56,2026-08-30 06:06:23
0571dd83-938f-4b37-bc86-25826202f35d,8d7dd772-608e-4f5c-a117-727067c0518b,2828809.48311606,2026-03-04 16:46:50
db29920a-c886-47c6-a4c7-55b00490eb68,a518a418-6f14-43f6-9867-888b7ff6b824,1570848.9530242716,2026-08-20 15:40:39
7636ae1c-e961-41f3-8130-8be0fcea9a96,361f6d90-3ad1-4a33-8ae4-ac11eb4d8f42,9337450.23102882,2026-08-29 17:20:26
671e9bb8-f783-46f6-9775-e809218d0520,13087974-ec95-43ac-8beb-7c3445667c48,8965575.822153233,2026-08-22 04:06:18
870b230c-eb04-4ecb-8891-4b26e5551570,edc3a1c3-2dea-4d2d-886c-405fa879d8f8,3431942.647982623,2026-08-19 20:47:38
11c7beb2-042a-4bd7-a510-04b8565f2ea8,b674410d-d218-49d6-8093-bfb024e9bcfd,4928610.987578678,2026-08-06 04:12:46
6a429bd5-cd71-42b4-9471-104f1859c5ae,d5aba8ae-9112-4bc0-bd8f-95f4905f9096,8807884.746770134,2026-05-26 22:01:33
5887f3d2-c0f1-4a3a-9133-577b46510173,23d3cd4c-bd5f-4093-816f-9bcc6243bed7,963619.13,2026-07-30 22:39:12
502c36f1-c64d-40e3-8e73-8520146b9fbc,0dbf0caf-588a-4f87-b96d-40f8bed63da0,1239601.6850372278,2026-08-10 03:25:20
4c66d04f-64b1-4c49-8c0c-f61e9cc10bd8,f4719986-9d26-4599-84dd-8df59aec56a8,5353536.4771842025,2026-03-27 13:59:09
f7974ec8-a41e-4111-9942-96b67e4b4f10,fe1a1ba9-c896-4c5b-85f8-c28da255e1bb,9129811.644859726,2026-08-30 12:44:00
9e33bdbc-f00d-4a65-9fb8-4f18d7d3ce21,95fbe976-ae00-4b7e-af8c-83e56e8d9644,2425895.35,2026-04-27 16:05:47
d3511e95-0c3e-4d5c-b959-0149077f6e36,4499d0a6-1500-4170-92d1-5585b68e47fa,2562441.525752166,2026-07-09 16:33:34
52a6e3d4-fe58-4970-9aea-2c2c23841977,176de21f-1b46-4bdc-9c56-d9bc5111d31d,5943388.642260863,2026-07-18 17:40:13
30efd76b-1688-4399-ab91-aace39f18027,2ff8e87e-1659-4c89-a1eb-faa91a2bd69c,8437448.708251327,2026-08-12 10:41:59
fd54225b-899d-4cd2-a723-2e8ad0ef0cd4,5a9a206a-16f1-42a2-86b9-19aa1a7167c7,5325478.841533343,2026-07-16 21:10:58
0d700c8b-de36-490a-b030-9415ef21db2c,6346d4ef-69ef-44e3-8ab6-821c0328c136,9170679.596502561,2026-08-03 19:40:23
1c5d9fe9-0b07-4a68-88f2-17a3e2213776,af70de70-2b69-495e-8567-1b58926bffa5,4954648.621093816,2026-08-27 10:13:40
43839f12-1335-46c3-8de5-f4aff27815f6,2ace1aa9-1032-46b3-a55b-fc1c7e3d5ee4,7970979.688687608,2026-03-06 21:45:30
cfff0d34-caa8-4f13-9cdd-39a7b01ba134,3f2086c2-f1b8-4d65-806f-64d65c72aebd,3233934.2827377077,2026-07-09 19:59:35
ecc38555-2b9b-4ffc-b2db-b2c54518f4c6,01bb819c-4dfe-4117-a2af-711f1b628a9d,6249452.859563519,2026-06-14 22:45:24
205474fa-1eb1-4c0c-b5f0-06c0955d3078,d0c30018-6e3c-4d4f-95b1-45e470b27304,9692808.985767586,2026-06-29 18:49:41
95899035-c0c6-43ff-a5e3-6ccddca524f2,f280df1d-9a6c-4db9-9217-1c884ce953a7,2902989.23,2026-08-26 16:10:04
1f53db6e-ab11-4736-b260-282fa30c1e0e,bc20b9f2-4a9c-489e-91b3-0182f7fe604f,9532254.375106353,2026-05-13 19:16:39
7a59697d-93f0-40c7-bd92-f1cb87101172,d105c8d6-47c1-4017-a045-2909536d47d7,9349188.79,2026-04-18 20:27:41
c425d020-4389-4f66-9780-29e939d00762,d4cee27c-4a94-4e9f-8c35-1e4f703e957f,6708729.852075119,2026-08-05 10:11:11
8efadaa1-5a5e-47eb-9532-0177b61d170a,3df51967-4d86-40bd-a222-4f9623a13e20,6980332.37,2026-08-19 14:55:44
db19de67-bc3a-4abb-a5aa-9765a8d3bb7d,9912316a-fd9e-4e20-b2f6-095812ef6101,8275438.639523724,2026-07-11 16:50:40
f8c59ac6-133c-49cf-93f8-e789b1e93b1a,f7eae66e-ca6c-4f9b-8969-71018b2c550a,8782397.0327615,2026-08-21 17:39:02
aba5d1c9-035c-4d03-b664-cafa0f6da751,1bffa279-15c1-404f-aa16-3354a35fc9c1,5816363.9612652045,2026-08-18 20:21:54
301b5b4e-6293-4e8e-9189-f75077d8b428,902f3465-0b57-4720-9cd8-758ba5a1c825,6607316.17947425,2026-08-15 12:21:30
d06200e3-356a-4651-9727-bd831ac2c99a,1b1f2eb1-6e32-45a8-8bd5-cc86f73936e9,8447935.800116617,2026-08-19 04:21:27
dbc3f559-8390-4d94-8713-b81fc2f86229,9342a09f-b00a-464c-949c-d8d48ed8a80d,7687436.6118471185,2026-08-28 05:42:16
b56110f6-4fd3-4a88-b1c2-fa18c2af56a6,584fc85b-2697-484d-801e-8690b0c07fcc,4882703.162731478,2026-08-11 07:07:12
8127a8f7-d909-40c9-a76c-7935a7c10adb,1db6b844-15fa-4483-b633-cc2deba900e1,5730021.16160134,2026-08-05 04:30:29
eaacabb4-3802-485f-a14b-a540ea041d0b,34f541c0-c8c5-4b2a-b490-adeb57d337d3,1593638.58834767,2026-06-23 02:48:04
de2bfe58-73d2-439e-b99d-d6d562b51781,51a40d2a-73d3-4457-b25f-13dfb8d49848,1908699.435970517,2026-02-05 07:39:05
6673d42d-c7af-45de-b3f9-2a8783726123,1bff3142-a5e1-4b55-97d3-f4ddd963dc72,4017348.672784105,2026-08-12 22:34:35
2a08c526-6c4f-433d-8720-6b6c11925880,54bbbcf8-28fe-4761-8d49-fe3f2ca8f783,3802006.512909367,2026-08-09 23:23:21
a5fc6d09-93c6-467d-9ead-44fcf3952657,a3f66c61-2fb7-4dab-af38-3b43a137f8e4,3264584.5540983607,2026-06-26 22:15:30
1b6fb706-e04e-4585-b601-16cf25b4c7aa,0123a348-638a-4df6-adf7-2cd3979aa051,1024539.8155840278,2026-08-24 22:38:57
75fa0ebe-e4e3-4c20-843f-1b5f3d958061,89718eea-df3a-498a-8cac-2fb51a0c6c04,7523766.625594777,2026-05-11 03:31:49
a9715404-79ea-4461-8751-6daa444a2a48,7d4ed26e-dcd5-4fae-abb3-16a743299780,6423274.054450467,2026-08-31 16:09:07
1e4aa016-43fc-47b7-9a19-d7ab73e0467e,591196dc-1d3e-403a-9645-f0e4647dc392,2827615.8537691697,2026-07-28 03:40:26
3649f585-6e75-4e7a-9abb-b78f1585665d,15b24e1d-9715-4633-9d4e-db71eb2ec80e,3962126.1666619997,2026-07-14 20:34:38
82077e01-6e4c-4501-808f-8cb9659d12db,b1850eb8-5f90-4c87-aedc-017e1df05d18,2255136.38,2026-08-29 13:59:45
5ea9f259-45c8-4249-b0fb-b28e0d9bb3b5,7c966b55-2f8d-4ded-ac4c-450b623ad0fc,2832581.577344103,2026-08-27 17:34:50
bb647511-61ec-4f07-a60c-13290c941263,23ea7956-49f1-437d-bd59-2e192ab7b2ef,888542.52,2026-06-30 22:55:17
6716d461-307f-4576-8b43-f87331a580d7,22f3f068-7c0f-449d-8274-0f73f3abea0d,9247462.281318674,2026-08-18 05:03:48
9b81b898-8791-4cbe-86a3-110a98139b31,af4847f0-68bd-475b-beb6-581ea72f947d,7345944.763613681,2026-07-26 11:11:29
ae608948-1bf3-44ef-aefe-236884c42de1,07e67cb0-90bd-4900-9529-e6f52ad11fe8,532546.8878247179,2026-07-07 16:04:25
1c6fec01-f57f-4bba-bfba-cf5fa576db48,2b0fbe44-49e6-4c22-89a0-b7eb398f569b,8140803.66618611,2026-08-14 13:16:32
0922d88d-e522-4d31-8d9a-6fce1d7cf46d,1d3ca5a4-929d-4377-9cfb-655f82c42e48,6087197.898099294,2026-08-02 03:13:15
8839c8e4-10db-4fdc-bd1f-d7c0442441ec,c28fa16b-0aa6-4cb9-81bc-be59d296a12d,7026042.542173024,2026-04-12 16:15:25
9ec6c95e-e1f2-47be-b9f9-9c644684833e,c0582da5-a757-475b-947f-83b1bc69c155,526163.8502702996,2026-08-13 18:27:32
384a9967-19ef-43bf-a494-23aa645416be,d1151fff-dcb9-4d5f-993c-572b4347dbca,1931746.4990336506,2026-06-26 10:52:06
c9257285-2bc8-406f-b4a9-1b867ec391ef,96822e22-bcd4-444f-8f8a-368e35ba9357,6996487.491935512,2026-06-24 04:54:28
b4b2ce14-49b9-4124-a30b-d3b558fe7bd2,34e50699-c8eb-427a-a3a4-e70e9dbc15c0,9340929.426391127,2026-07-24 03:17:05
182047f7-00cb-4caa-bbdf-b57449b8f7ba,89ecbc51-98cb-4a52-87f5-301988438de2,4763505.715459254,2026-08-10 02:10:13
9f4325f4-b352-4505-a864-6e0c80d458b9,dba6fdf8-f3d0-4ffb-8470-9848929ecc92,1562620.6036121985,2026-07-08 02:45:40
e81b60ff-da41-415f-8e29-b9dabd350d2a,695e5ea9-c923-4c64-8006-2b5bf67839b2,2067101.9535992374,2026-03-14 11:28:51
11c7c76c-ae73-43c0-90ab-36602b945cbb,5274ee11-b61d-4906-a570-35db3fead90a,6405088.614609662,2026-08-22 02:25:50
74890e8c-e65d-4443-9508-21672ff5cdab,44caa5a2-a1e5-48a2-93d2-28d424655c39,1238768.2357569821,2026-03-21 15:59:03
797f6e4d-aa81-4850-8342-96faf6558f35,4739cc7b-bff3-4c8d-83ff-3e9667213a70,7442511.4694653945,2026-07-20 17:26:03
f9705e4b-2d71-4040-8554-e88b558492ba,de70bd30-00a2-4367-94fb-09f053c93ae7,7536946.733758302,2026-06-10 09:20:26
ade03e6c-2bb4-4408-93b4-c4f6e19a17f6,88d00abd-cbb1-4c79-9036-708dd9a09007,3459702.5059491675,2026-08-01 02:22:14
794ceef2-f833-4fa7-9a26-15f89810b8c1,48998e5f-d40e-43ce-92a7-4a4144bed486,9299237.998945141,2026-08-07 14:50:13
3f5cd7ed-df8b-4008-bd01-b5a30041f5d4,aebbb90e-e4e7-41de-97ff-51d9c9ce44bd,7495048.203070454,2026-07-21 07:30:17
0473b982-d1a5-49db-8b90-b03d1c00b895,28719b9b-db8f-4e32-adef-50031fce01e3,6998769.45975774,2026-07-25 22:43:15
d5da16fd-4a68-498f-bd8b-b697ae1782f6,21c50e41-e8ce-4951-b047-8ea4fee5ce69,4507675.720686289,2026-03-26 16:54:14
c1472ff2-2ad4-4bba-80ce-350586780a98,1519830c-4019-4303-9c45-7e4da79313b8,2734893.5903683947,2026-07-02 00:26:06
4dfa6a17-1999-4b39-980a-7e01c67736bc,b9da5f8c-4e35-4a80-a027-9a186576a410,1507211.298338214,2026-08-10 22:28:53
59ccc94a-bc1c-460d-bd9c-03c773deaa56,13f3cade-7a10-413f-b6a2-c52b00473139,3648547.4,2026-02-08 08:44:06
40e7ca76-7c8a-437a-a9d5-240141e1008c,d12e0eb5-57f4-49b5-b212-a6ee02106371,2161401.1251341994,2026-08-15 22:03:20
5a45b8ea-d3e7-43d1-8378-bcb77570b0ac,16de66c9-6210-4ef6-ba9c-43081221cddf,5149791.963129921,2026-06-23 02:24:37
84909370-e430-4b91-956f-e90eb5ccdbe6,61fa01ba-231a-47c7-8c9b-ff5ce1887eaf,2183493.6431754334,2026-07-30 03:33:31
af8f8cf0-451a-4ec7-9cdd-e8ca7bfeadd1,022b6683-9033-4a65-87cf-63fd11836c4f,5800684.025549297,2026-06-14 14:15:46
25dccca2-054e-4210-a3c9-f400ba6c557c,eb7e2e64-26c0-447e-bf8e-8bfaa0c9da72,3602674.1199266887,2026-08-24 08:47:06
fe7c7d6e-a8cc-4515-b862-abcfdb3437bb,c0a0473a-23d7-46a1-99b8-14fce5871d89,5805117.665951349,2026-06-20 01:51:32
3e8ee36a-07e9-4e6d-bf71-eef65b7117bd,3f6eed9d-23cb-4943-8a84-000350834fef,9141164.777400786,2026-08-30 10:27:51
6e43b319-f929-4271-b220-58f9bdb2fd9e,48f091f0-9b8b-48ae-b89f-3a92999a1d86,4977877.522190124,2026-05-23 00:09:37
319fa2f7-16da-48f5-be8e-b66f34d091d1,304b2370-8270-4238-9b5f-8f39848b34f0,896482.2303204425,2026-06-28 09:15:09
e9926bad-e633-4f58-8b7f-a47eadc5efc7,51045a16-ef15-4b72-9c70-ee97fca45567,9396386.00437068,2026-08-15 03:11:57
86e35e9b-e047-4ecb-b553-8cd3fcc1c48c,2c3aacdc-aed5-4a46-8bde-005b5d8babd7,1195366.5662862053,2026-07-28 20:58:52
594de8d7-add7-4b0f-a90b-365143eb4ff0,431e930f-0387-474d-9149-d096965d744f,6515818.669831971,2026-08-29 18:04:53
f1fcfc36-6ad3-4c40-96d2-6487641a4b74,8044beb2-b66e-4bf4-a0ea-0251495743a2,6672906.64,2026-06-01 00:53:40
945b3711-0a85-4722-b0c9-5ec44f2fcfd6,9db54283-89a3-4811-895c-4fdea3fa4069,1301705.6215215551,2026-08-05 20:32:53
9cc41ca3-d58c-449e-97e0-d57bb3ab800b,cedd069d-f96c-4a0a-b404-c02aebc1bb52,9633631.317033984,2026-08-20 00:33:58
9110c9fd-747c-418f-8b9a-efff6ef735aa,bade8d5d-6fff-45cc-b2dc-6c344f67448e,4026574.394795066,2026-07-11 09:48:16
02223c10-f82f-4dc3-9c35-730b49d52453,74102d5d-1db1-4bfc-af3a-5115ecb4678c,2905200.1743549993,2026-08-08 14:41:56
776094f6-25aa-420f-af7e-ad9eed5f24c3,b3957a98-2320-4ff5-b538-f96c033e02f7,5709710.993442606,2026-08-30 12:17:21
9fb109a3-4a2f-4373-b777-c81685ef875e,b88416d2-d28f-4f68-8871-d7b38468b74d,4382437.041540009,2026-06-14 15:29:14
7ca08cde-4dbb-47cd-a9a0-99deaa10e595,55c34853-0783-443c-a65f-ad87c57c7498,1048369.9232684219,2026-06-28 17:21:36
03fddd08-4b73-461f-8cbe-b6db108ab4de,a0a5fde6-939f-41a2-b99c-ea5cb65ad0f1,5897421.728103994,2026-03-13 20:14:10
d3520a91-4873-4252-b7a2-a1800a7be6e7,2ab8bd33-911f-430b-9bff-00b07fe670f3,1679619.9383676865,2026-08-18 20:56:44
4e4a516f-7d05-455b-8d9e-13281f997c80,3a78b64a-1d86-40cb-b908-00f3ac93281a,200950.47263672628,2026-07-16 05:21:23
d5883c8f-a906-4c79-9a2d-6aee6e29a319,620af158-5d2d-404f-b8c5-90730bc57207,582865.1874192968,2026-08-04 20:24:28
59a7e6e4-2341-49c5-805d-f1860cc66163,bd9c4693-b6ca-4127-a9f8-7970cd98f9e2,4123032.085601161,2026-08-09 01:03:09
aa52cdf3-8082-40ee-9be8-1d7ac90703e8,45712959-51e7-44e4-b864-ca08ea75752d,1969088.17,2026-07-31 10:18:40
b69415c7-1604-42b7-b424-b79c27b0816b,2de982f8-0d7b-4c04-a6e5-9b32ac5f12ef,751245.3689441773,2026-06-17 05:56:52
325cba4e-bba9-4ec4-bef4-3c9c2484557f,ddb449dc-7710-4966-a082-7f7611a529b4,4006925.04,2026-05-16 17:44:16
4a720071-14a9-4e59-ab13-13b795d14b6d,5e717fca-020a-4497-b4ed-51458d9765c7,4950548.092411229,2026-04-15 03:26:04
5ac92db2-eed4-4005-b922-2d87083a1c27,f8cbab4c-9779-4e84-9e47-2e2276c3e642,3218390.943912412,2026-08-23 19:13:44
62e0adf7-a315-4bbb-adb2-31a2cfcc2abd,268b84b6-3ec0-4285-8bc4-ec0ec2aef674,2858647.99,2026-08-22 14:17:29
191f9e05-e777-4701-b787-3461662c4f00,b186a5a8-d6ee-426b-a2cd-159058af393c,24003.03,2026-08-08 07:54:07
4f8c61b9-98d7-48d9-8d51-5b58eb91d7bc,4eb9047d-ba2a-43d9-bcf2-fc3bd95874c2,3907631.4881672235,2026-08-13 12:20:13
e03d1b30-adcd-495f-af91-a7be905c3fd9,f8f9a45d-0f55-4896-b610-396b7df59abf,1538246.5575859686,2026-04-19 20:11:21
aeee2302-23a1-4fdd-9402-c7becdebdd3c,d872f72e-e5b4-41ae-bb41-c943ebd8a3b1,6159469.101393128,2026-08-23 06:18:24
8de58a88-6a93-416a-a2bc-a1044001570a,94ad6252-15bc-4a3e-bf76-55d7f97c6c3c,6492293.82534285,2026-08-20 11:38:36
4c1e172a-15e9-4ee4-8e14-39774d126ab1,6f5b09a6-0ff1-451f-915c-b31b97867b12,4841727.42,2026-07-23 08:42:52
8bbb8f3f-760e-46aa-a0d9-80baed57a5c8,cd0254db-ed11-45d7-90a4-6c85d9d57b02,2691035.09,2026-07-14 05:29:38
d57758f5-e03c-43df-884b-bdf5603f4ddc,131eb723-3bcd-4203-859e-e67473e7f042,9578440.47963322,2026-07-28 23:15:06
7120721e-86cd-4214-a37b-efd118963a6e,7316ce64-2a14-4a96-9b0c-62eb27c8fc6c,8828710.78997932,2026-06-02 04:08:06
b66cdb02-af66-4c57-af54-489780fa07e3,73b0d676-3527-45c8-8534-ca08f6f24d1c,1985065.92767293,2026-04-30 14:45:20
776ffd03-6d7b-4a17-9aac-72b177e7ad81,4de1087b-afa1-4a55-8ebe-abaa28597b34,663539.6767186959,2026-07-06 23:17:16
071592d9-7616-4503-a906-b588f62162ab,25f88c74-53ea-4919-9b48-62c2d5ff2a1f,5893464.538487594,2026-08-20 04:45:26
6bc152ad-c44b-44e8-b51e-2df306c3998e,4c80d33a-ad5b-43c8-8c88-0714837217e0,509775.3087998249,2026-07-25 17:59:58
e8273dee-9d7e-4eb7-a3fd-6adec17fcf19,bf8211bc-8e52-4c42-b3c3-74a6dac726b6,1691711.5824243554,2026-07-09 00:02:26
831ffc00-9490-429d-be1e-0693c960b851,d49347fc-0fc9-4d2e-830f-9be91f178f93,3264693.20890587,2026-07-17 04:21:41
e660a8e0-8b13-4689-9ef2-a148209515d5,f004e897-a15b-4e18-afb0-64065f4b1a97,4249860.83513007,2026-03-22 04:59:45
c15da547-0db4-497a-8b18-8a0de0b7d818,329fc417-1081-4d45-bf45-f8a20594b24f,2137994.042600462,2026-08-25 05:07:50
01862029-ab8a-4015-a727-3710203d54c9,cf133b65-d450-4fa2-98e7-0aebe7b33085,7557455.433492471,2026-04-14 15:39:00
849c30c6-dffa-48ae-8353-ac87ceb7138a,6ee35607-92ea-4324-ac93-e5962b015723,488351.1521127255,2026-06-15 06:16:18
0e00583d-15ac-47f0-8de9-a283d6d5aed2,5a9c0679-2c3d-47e2-ad39-da75aee70ab2,4604882.861649476,2026-07-05 13:32:45
1b678ec1-a65e-483b-bc75-de3dd473f3b5,9d3616a1-08de-4921-a60c-b547e2280fe3,4896563.232290245,2026-07-20 15:06:34
4a633fc3-d26a-4b27-98ef-25019826a55f,7aa1c567-8cf9-4ea9-a1fd-c6d169785221,2261966.181322155,2026-08-04 06:53:08
dd43b0cf-54d0-4314-b0ca-b2497b417aed,cc152a1b-e278-4642-a484-e035330faaa3,8991233.14812783,2026-06-03 04:40:56
aca65492-95a9-4dd7-bd8f-a26f1f16de17,b69f75c5-c82b-41be-a1eb-64e6fd498e20,7997110.710725033,2026-06-12 21:38:47
b39a442b-0d92-4c7e-b78a-2037bd46ebd5,5254aad3-809c-4839-90ce-82e8e9a53368,2607469.14,2026-08-22 02:37:50
bd8c6f4f-8fe2-45b1-a4e7-23838429e12c,cf89569d-e550-4736-8780-6e713811b519,7774419.638911205,2026-08-09 21:00:50
acf96a12-e522-466c-b93a-26ee22eb4a7f,ffe62994-9580-4c2a-844f-c4b85b80b8d1,4054234.823562258,2026-07-10 12:13:46
a0d44d24-4d07-4581-a79f-5df0da2d6df9,ca8e858c-d0f8-4063-889f-e107443b1d0f,3583065.404316156,2026-08-15 03:50:12
01a6c260-efc0-4273-bd39-7fe7b819b15d,636fa890-cc21-4bdb-bb8f-e8c4d8b48ead,2870565.38631944,2026-07-01 03:20:11
1d5d8f65-3361-4134-b012-00ab9fa87040,ce63cb1a-5168-4bf2-97af-5bde3c8e9d78,9809275.161546113,2026-05-23 08:32:02
e14110b6-9a92-4655-a72c-74820002572a,f2933585-5a07-4758-b357-f3f9b4157cea,3125241.273757297,2026-07-24 10:10:03
344c96cc-3f48-45f0-98cc-0e298513176c,7d8d3ddd-2cf1-49cb-8f1e-1a378ac8ad93,3594699.5624641944,2026-07-07 01:31:22
817c6779-d52d-4f91-864f-e16479472ea4,54ec84ce-002c-4b25-ba5d-7c8286c5547c,2123587.205749002,2026-06-12 14:43:52
1f2f087d-ed11-4faf-8e3f-49126405d362,cd6bb03b-eb35-47a0-ad6e-0291b7893986,361397.2925902461,2026-08-02 14:00:27
2f1d80ea-fb91-4b90-bbd5-0aeb679111dd,24435958-eacf-43a9-b466-fab6962c04dd,5981024.922669174,2026-06-29 06:26:34
42a1279b-8bf5-4aed-9904-b887d77b03b3,a981fa54-f121-4129-b45c-9a545fa3a531,4933056.74819987,2026-08-21 04:42:58
a87d2106-dbfb-4ea4-b06a-d042ae6b0455,bb7b6c05-2852-4ca2-b9d2-014a22ee7f07,7985583.166557926,2026-07-31 03:12:48
a2ddd15a-2570-46e8-aeae-bb601f89cec2,8fddbebc-f7ff-48d4-b509-f08a2c988bca,5836378.429329413,2026-04-29 22:07:08
be9e01a9-d18c-4fde-a445-8bad2f4f914c,2ce3d822-d080-42b8-96c5-6fe7aa604892,4797932.889040656,2026-07-26 01:12:59
bdddbd36-82f2-459e-abb7-f1463d9d542a,f2e3c6f0-0075-43d5-ba94-aa662d7e4a45,9387620.676179392,2026-03-04 07:21:54
4a3fcfda-7aff-49bd-b9e5-8450334a34a8,ebc92914-5176-49d1-9a36-24d62e9ce8ff,9389616.857916366,2026-03-03 20:16:45
96b93974-f587-43c5-999a-e3daaae39bc0,54c7743b-2401-442a-bf05-fbf5efcac577,5290699.222894903,2026-08-01 10:34:36
6424fa05-4672-48f6-aaee-5d685e09f48e,16b6bf61-f68c-42e6-a2a4-5909a2dd22d5,5562401.558667228,2026-07-06 07:16:01
76c6533e-1b7a-4c94-8cc3-4f70b2995e18,3fe1e8f3-35ad-4e88-83e4-f66802ead2df,1770135.4385963983,2026-01-10 03:08:41
072915c7-25ee-4dfd-acc1-da4dd0411dec,bb8aa843-702f-41e5-a2cc-c6040c53644b,6798289.260297901,2026-08-24 11:37:29
63b1a52e-9070-41b6-9ec0-9c3575035829,8bc83a02-59ea-4936-a0f3-4ebce1bbb8cd,9558912.142207045,2026-05-30 20:42:10
a525dcd0-08b9-42e9-8d81-c859949e24ad,cc9803de-12de-4e5a-b387-928a29a3db6d,5218916.610029447,2026-04-18 21:39:47
71c966b3-9eb0-4954-a83d-b2dfe4aa212a,5780be17-12fe-4c2b-9acf-42c5f3a02120,1226457.203600326,2026-08-02 17:58:23
f679d544-5acf-414a-a834-fb5be879c9a6,17d5b563-fa60-4de1-a5eb-772df11c0ac5,7990820.661470895,2026-04-23 08:05:30
75566ff1-b91a-4e28-a1e6-8d3577c8c297,2a3d418d-a754-429f-b143-e5456e6b34b9,878628.1867660831,2026-04-16 11:16:54
5b9559d0-2887-4d02-bb54-35ba0255b13b,30a2cee8-f972-4cc1-b49e-f4a954c29d5c,8835622.54,2026-05-02 22:36:04
35f5afea-80d2-457b-9c6b-f2c8db184d46,3ccff6eb-4c22-42f3-8811-e562a91cf192,9108475.794102527,2026-07-28 03:36:51
63fff4b5-866a-4c09-b4cb-22f4e70d8d07,00fa0eb4-5c5f-48d4-8df4-07b82751ab86,5884461.78,2026-04-25 08:07:02
26c25405-a7ea-42f0-acab-d3d710116af4,2bbba89d-34fa-4ee1-8696-9d4818d42238,7712456.805220883,2026-07-17 08:44:40
56dbc7ac-902a-43ae-b81e-1682a7eb4008,788fd0cd-65c0-4b93-88ed-abdd4ef03f80,1510436.9388902956,2026-08-17 10:49:16
23d99d90-c964-4746-9bd1-65a3b716307d,e2afa629-5efb-436e-af54-60336334fa2a,740686.9946968979,2026-05-07 14:06:28
4d8cd019-a88f-485a-833a-402ec8f3332a,39eb038a-436e-4c49-b70e-09db7092d401,2494385.6575489067,2026-05-11 14:16:32
a5278097-d6de-4902-aa89-7692117637b2,cee4e512-5802-4640-ab0b-4cc515f0ea19,9661004.060457792,2026-06-14 14:15:15
9b1872ac-78c4-427f-b66a-015b6063cb32,6319629b-d73e-4bb9-8f9c-a17b8db8dadf,8722432.380875621,2026-08-06 07:26:46
ed6ae39f-b560-4484-9377-49f62e2d0681,79ec533c-3c53-490e-a1b4-1171929d674d,572171.8,2026-08-09 00:56:32
425ca2e3-8682-462f-a8ae-013ac6807bb4,ccea5031-844e-450b-a684-390c923b7820,2413657.637161501,2026-02-24 08:06:34
f487a21f-96bf-42dd-92f6-af5ab2a0f851,2c41cbd3-72f4-44ab-81d7-1f4af3025d16,3513983.38770085,2026-07-27 16:48:22
d4736d37-9e12-47cf-95a1-5905591cc4b6,140ff589-6c62-4c2c-8aec-cec7204db9da,1816437.62,2026-08-29 05:25:32
da1eb729-078e-4e4e-8b80-79d7114c440d,ba236c22-e92a-4b97-91db-1a374204d733,6364438.242295269,2026-08-25 07:10:27
1b314321-aa4e-4b03-98b6-dfc73b50f94f,db4bb8eb-537d-4bd1-8d53-6c7565b90e94,204942.83186396572,2026-08-30 20:29:46
52db575a-79f6-43e8-ade8-1084ef29f413,1cce08e9-6b6a-4061-881c-8d3185c69fbf,9612874.337831268,2026-08-25 01:16:10
ead217d1-cefd-4dee-8590-f851fb385671,19a6f80e-f08c-46c2-b6ff-3521c2250530,1648590.6670187276,2026-06-09 10:20:37
2c8b2151-e179-4fcd-a658-eb6a1afd943c,5807cf74-e150-4425-891f-4683de12dbf1,7967473.993375172,2026-08-25 19:00:37
ec20d201-6b88-4cd0-b92b-7b46c17d049c,2c154804-0997-49a3-b919-955c9be4f19f,6656035.8700831495,2026-07-15 17:02:14
7108022a-12a8-4ff7-bffb-bc83d8c80184,567e642e-052d-4b9a-9f58-4603e5a3d8e9,4582789.878213993,2026-08-27 21:03:20
078aa79e-d736-4320-a19c-7caf9b45c430,1924c644-af52-4666-b239-09f4dbb54645,2477907.97,2026-08-27 15:16:28
73131038-b2df-4075-9b8f-abe952377d88,44f8b53c-5224-4d05-9369-2867c626e38f,1470179.9061288487,2026-07-16 21:29:00
92e33940-a32c-4e99-bd26-a41b221a7c4e,d2efa93b-e9d6-4b7e-b61d-b014711456de,8514586.970842263,2026-06-24 05:07:08
7db8ed71-40a3-423b-b21a-92403321cbb0,ca9f1d59-83e8-4700-8e63-813ed22e3226,8331556.89305187,2026-08-01 15:45:20
33815e0d-39ba-443a-893d-269eadc90caa,86379f04-d9ee-4dc9-87cf-eca822b9f24c,3179631.4441511617,2026-08-03 01:37:41
cf052461-874d-44a6-9057-ab856f1ec0de,08775804-3fde-4814-8ec0-ad4bd6441a9d,812587.85,2026-08-04 01:02:17
a10db956-0634-4af6-9505-06dd16054b9e,814ff657-76d7-4561-92d1-4ef55e4c4fd1,499213.8352695274,2026-05-16 04:39:52
23fbe8f2-cf5c-4d7f-8882-5d14341b2c09,7233d5af-9813-4da1-bd21-20ad5f59fb4d,9726980.548557088,2026-08-18 14:02:04
2f701b32-5738-4b52-926c-4e50dd4f4af2,29b44cb1-0cb5-4e5c-a2f5-f7c20706fec2,3514015.0096255653,2026-06-25 19:43:35
d5185b72-30ac-4fda-bf05-5b1087352231,34ec5264-ad7d-4f81-b9a0-f145a5bab050,327491.6068388964,2026-05-09 23:55:42
8037b969-7946-4eae-93dc-00ee9203c5d2,a5ba2472-21df-4609-a959-137f795e6f2b,3663597.278779675,2026-08-04 12:01:29
8f06c963-e656-44ac-9e54-a1755b429d0e,4e329b4b-f168-4605-8e1a-16699bbc6cbc,4533654.210375715,2026-06-27 23:48:30
6d7168e9-705a-401c-9131-0c8bcd35637c,59450186-da01-4d29-a060-b1ebe53e5f4c,4944076.8099064315,2026-08-16 05:26:18
91b3f921-1224-415f-9fbc-f340604948be,95a0f356-65ab-49ff-9fa4-a627d30608be,6094522.203261026,2026-08-11 11:56:29
4c589a8e-846a-4a71-884a-89b8208fae02,485d831c-9bea-4529-9801-7a2fa5b83693,1054522.557839719,2026-08-14 20:32:06
0d2dba72-3b06-4d82-bfab-9b071e307f10,533c2ed5-a3fe-4479-86c7-9b36fd053963,4881735.745868763,2026-08-16 20:33:00
39597465-05c5-4810-94b7-28fa8a60b332,3d846fc9-c3f6-4136-846d-5a3b2661c426,6638886.896515213,2026-08-18 14:09:07
63f2fc26-405a-4f9e-9401-8a45ec1a1adc,06843c86-b8a6-4402-a3d2-6b8dae46024d,4266847.329084971,2026-08-17 20:20:53
3dcc4915-934a-45d9-88cf-ffa2132497ee,afb28b3d-38ec-4b4d-b69f-5eabb9ff2c29,5866471.51,2026-07-27 04:39:22
4feeea91-8003-44a8-9c7a-b4e3ee8b09a3,d73418fe-2b84-4ef3-986d-655d4cd99164,4853141.289065112,2026-02-12 09:22:58
b2908892-8bc2-446d-8e80-7f039e5f8378,423701f1-bdac-4c5e-a0c0-f2757885187d,2241265.74,2026-06-18 03:47:50
eada2885-efda-40bf-b892-0f7295309450,5af3da5a-38e5-4b27-96dc-5a6ea7890770,6866619.647059994,2026-05-14 07:26:36
568a220d-0843-480a-87ac-a3fea73a366e,4b46ef33-95e7-4614-82b4-02815f269466,889992.5089437976,2026-08-25 14:26:27
e355ce16-55a4-4eab-b354-b4be42c91aaf,123b31cf-9ee3-49ff-b1bd-b598948f664a,1954640.2591024605,2026-07-29 02:38:46
d11756d5-8c0d-4a8b-b448-a24723a86b61,0dd70158-69c1-45ae-8c61-0ae887a37f10,3310434.9945380595,2026-06-29 13:38:14
e98dc5f7-a9d0-4567-81e1-58aaec96af27,e4917f7d-91c4-4efc-bcb8-96bb68c0cbef,5205628.71953612,2026-03-19 09:04:02
ce3fde9a-12aa-4ab4-be59-a0d13c5168b0,55273407-7cd2-492f-94b0-0f62c768b07f,951701.9277393033,2026-08-27 21:34:19
d5c2c94d-b3fd-42b8-9c29-1269e781c4cc,c2dd901d-359a-4533-8605-ec0e73b9c2ac,2611380.9948160723,2026-08-17 16:42:41
f32d2812-121d-47ac-bb26-7d27588955c0,1689e0b8-c79d-4b62-8379-44c1c90394ea,7128130.636955299,2026-07-26 12:03:08
edeac5b8-9cc8-42cd-bd42-11d1992033eb,62210670-7a36-4788-b71f-b9a66dd49c96,6090483.18828769,2026-08-14 09:50:54
f2546c17-7a90-4486-8d2a-3484e3346bd8,d54e7948-c1c0-45e3-927c-8f50e45a87e8,68252.38818488232,2026-05-12 02:39:01
1aa3c18e-0aaf-4962-b92c-23e3454009f2,58274e80-e082-4918-b18a-d67d39ec8ca1,8324322.739717825,2026-08-19 07:17:40
a67c7bd7-39a9-48a9-81f2-5a737f20f661,d2e76deb-10b6-4662-aac1-d5ca4e5d8f12,7450636.830029365,2026-08-03 04:32:34
c8132025-4dac-433c-ba43-82176e77cdd3,6f04af36-567c-4d44-862c-92fd98abb2e7,5653471.150677099,2026-08-06 16:36:40
06bf1fb7-0e2b-48c9-ae66-2c46057d4e28,2a35ce30-303c-404b-8007-93365bf7dda1,6580963.464032644,2026-08-03 23:54:53
611f98ef-dc3c-423a-9bae-fd9e88c06786,fc21109b-ba27-4c64-b96d-1ffb3a799efa,9655737.837357817,2026-08-27 21:43:52
631a9c3c-0d59-4303-bb6f-b65b8d70600f,b60b4f87-5dd8-4ffc-9f87-8b322b429596,4224813.799665137,2026-08-28 22:19:31
b38adf82-6e02-4a88-a00f-8ed9b2086418,fea35d37-980b-4853-8c70-31eb9f85c2dd,327841.54475449014,2026-05-26 11:14:06
701dadb0-1d96-4c53-a344-ec548caef9ec,71be94c3-6ab1-4db6-9da4-66feb0937085,7728554.69015561,2026-04-24 00:56:17
6fc0174f-57d7-44f1-b192-c29c5a0ed9b7,b362cd55-9b0a-4a0b-9f6f-acc1451d38fe,1717227.0283577282,2026-08-30 18:14:16
96afa28a-178c-45a0-bb66-8afa3cf8b913,485f7888-1e23-4a4b-9e21-741fb8011026,3266853.4029329647,2026-08-28 02:12:56
c0a85dbd-bf5a-410f-a9be-a8c93a24ec19,d4dd1b56-4353-41b2-8728-50c13322c68b,6701590.979055836,2026-07-12 10:06:48
cd409bc9-fdae-4920-8bb8-382f916ba250,7f111a36-8c52-4271-8a16-7e18290e3e89,7872185.477550466,2026-08-28 11:24:22
d007fd07-3ffa-4a11-b846-9295df8db157,abf0263e-0343-4b64-80b3-700f3c088990,9411931.360261654,2026-08-02 23:16:35
704532d5-2070-43f0-8e80-ea41139cd2b0,c78f07cf-170f-487b-b30e-e4fe262e5559,1665706.3211590296,2026-04-25 09:09:17
5983ce94-506a-4dd3-8b31-324f485835db,fd1935cc-74ed-460e-bb2d-520ba4f34185,818489.1423453868,2026-06-18 10:44:55
ff82bf84-3e86-4c14-a3f2-df80a7bbc612,0a190939-dfc7-4b26-acb9-41fcd02c75f9,5184136.525031412,2026-06-25 17:14:38
7a8c2c36-65d7-4163-9b2a-eea621351574,d9eb404c-1851-41cf-9dab-b10abd10f87c,2288373.751697633,2026-03-14 21:07:50
3864bf75-dbd7-44b4-aa44-0cc9e5cbbf13,ccc62fed-7a6e-43d0-99c5-9cd9b09d721b,2737566.159382524,2026-03-08 09:24:42
5def5cc2-f101-4bfe-8d7e-fc8eb68ff0dc,0f037337-b9f6-443b-b238-305621ec4754,1706157.0094305046,2026-07-06 05:27:49
3e84455f-a755-4468-9e74-e1224aed4cc8,cd613988-7b90-442f-973b-6977e9462820,6239806.42239884,2026-08-15 00:26:34
b2a12a55-51a0-4d7c-847d-30b8e49a3cd9,af390a9d-dcd1-4413-8760-801f9c81fc46,2151467.135427801,2026-07-21 08:55:11
58bd19da-0dd2-4843-9ab8-873380e1cc41,e3395b1a-1ce9-4871-bcf5-9d5feb9f33cb,4279773.174152513,2026-05-10 18:13:06
7c781b98-9f32-4d3e-b358-206db49bc1ef,ad8cbfea-de4b-461e-b45e-9463032a09e0,9321834.903265122,2026-08-11 11:22:21
231b0c86-e97c-4ea5-b41c-2d1014150ad9,df865633-ab7a-4b66-b4ac-c7e2fa575cea,1559465.9933579352,2026-08-01 14:07:00
8d8f2868-bded-49cc-8e10-7ed63b046707,7b5fbe41-3fa2-4de0-ba05-dd0fa9660a5a,6357609.2623411,2026-05-23 05:25:22
d0fe42af-b993-4041-9f54-f3321f6c6a86,e45e2ad0-8eef-45dd-9391-6dcfd6cade2c,2593247.8776329337,2026-08-12 22:09:04
b2c68986-3c2f-4b76-ba58-4a4b092e9fab,7eef09ab-da14-4a47-b823-51d9d94df188,8146104.473171119,2026-07-23 20:33:44
f3fac150-7429-4f81-83a2-15ffa660604f,47354e4f-f85b-4d0a-94b5-86353dab1614,6264501.2486271,2026-06-29 14:19:21
08a43ec0-d619-48aa-bfb8-66b205733d10,75873920-142e-4df0-bc28-f5dcd12daea8,1458439.59941017,2026-08-13 16:39:08
4ce7db3f-6259-46cc-9696-e8334728ddf6,fb0d3cda-1e63-4261-90e9-688872730e7b,1686402.2083671184,2026-08-23 03:21:01
9c186d49-dac5-409e-8772-9adf0f49d01a,8c91bd13-8ea0-4346-892c-4801698f04f8,4981311.270116185,2026-07-23 12:00:20
61f14c98-dcde-4dc8-84d3-40e87ecfbfc6,abe5be96-a793-4a2e-b4f4-34048ff50701,898118.1058815127,2026-08-28 18:28:18
34aababd-3975-4433-8b5e-d14871ab4711,8f660bbd-54fc-486f-b457-7d47d8253010,6007752.551855681,2026-08-22 23:14:02
88516447-6e5b-4598-a8f0-e3e02f369832,a8ae57b9-c262-4ad0-98f1-a1e41d30a290,4802255.501611886,2026-08-30 18:04:50
8aa2f756-0803-4d31-8e1e-2f3da91022b8,1b37ef19-b3bc-412f-9fb7-474e85a0d089,2298644.8357032877,2026-08-30 14:36:17
9bd65690-e8f9-4c88-86a7-6b07efede7bb,3227e8d8-9c60-481b-8119-1aa71b61d453,6397051.428634566,2026-07-28 12:15:09
43355860-e84e-4da0-9402-2243ec35fb0c,30c9c51f-c80b-4af7-9315-fafa7500f785,6811168.307833185,2026-07-26 19:24:49
5748218a-0700-4750-81db-480a376f6fff,ac117bab-d664-4fe8-a21c-0c06ed376567,7439860.439498715,2026-07-23 03:00:30
c8594dfb-6d73-4d1d-9da1-497a6f1f9af1,811317a8-f4c8-4393-96dd-6c82a8909e31,2197794.2,2026-03-10 14:57:00
635b36bd-8da4-4fbe-9bf5-3332ceb18cd3,d6bca712-6ecc-4931-af70-5d018da03d88,2931672.33,2026-08-30 09:05:32
88e61f32-f01f-433c-bdab-0afadbc7945d,20dda0ff-d0b3-4752-bb01-b2a52c745800,5321088.881626702,2026-08-29 03:45:21
917c4f11-b81e-4083-9296-14b56c8073b7,fac08fc4-6b2d-4ccc-a279-403ce1a2cfe7,4108170.712786261,2026-07-19 00:01:24
619c4a06-f5d6-4c8f-a99c-cd734295f5c9,f8722413-57c5-482c-b6ae-10e865daced0,2294446.1510483157,2026-07-17 12:31:57
3cfc7050-ecb6-47a2-be1b-e3e9bee1dc65,bf98e734-e2ed-4686-b334-22cb9a3f0ad1,6750435.85,2026-05-31 09:20:58
ccb1dc1e-47db-46a2-83e3-0f78e85fda55,8db78572-ef7d-4821-bca0-258eb63d65d5,4799626.725346541,2026-05-26 12:50:17
c5767c74-3ffb-4577-bfb1-c19215e5be78,fb38cd91-21f6-463d-ac20-af11ebd33927,2895249.3133999025,2026-07-27 01:36:10
650495b5-9232-48bf-9668-85304bbb2e9a,5287964d-a30a-4658-b1be-6df28ae0b8a0,9234763.48,2026-07-13 07:34:31
44cca057-5c98-48f4-8636-8d129d94813f,aacad101-f153-4f68-9215-583a9532caba,8742896.78151475,2026-07-22 13:32:10
c58536b7-cf6d-4a9d-a72d-0bf4c84d16c0,ceed0ffc-6c21-435d-98e8-b97ce0a25901,6309915.069502639,2026-06-20 14:24:20
91855abd-4e90-4e4a-9fd2-8b9e0328a80d,332cce0a-0e7d-4698-ab95-c72f0d95aaf5,4677011.802352349,2026-06-06 11:09:20
2dc4d065-d8fb-4542-83b7-6bf2d604153c,b0cad2eb-0fe1-421a-96e1-ba00257c54bc,8899439.894328458,2026-07-10 07:50:11
024559a5-709d-4505-846b-96f976751903,1a3c2131-73dd-4bc6-9064-05a85bd29cb1,9168065.852962714,2026-07-04 19:51:56
7aeee7df-5bd5-4037-b744-459609791408,638e1388-8faf-4d4a-a5a9-9ebcbe0ec2da,4722120.939997811,2026-04-17 19:04:03
689ab92d-37c4-46a1-8e7d-e390d825b478,6aa415b5-6336-4815-a1af-663ced2e1bcd,5143774.08998169,2026-08-13 22:45:51
46c524a5-145d-4f7e-b057-712b945eb87f,4057e470-be61-47a8-8351-b09d0dc5fb06,7293569.629240603,2026-06-03 19:40:44
10652764-f40b-4779-9064-0ae68d2bb00b,b5a4c55b-b462-4214-a23f-f67de9572bc2,9045168.258631807,2026-08-29 12:38:43
c96782fb-c417-4ebd-820c-be742e07a11f,f6dbb2b6-b993-4f63-86b1-8d94324bcc3d,1235614.2868112915,2026-05-24 21:42:22
2091a706-7eb3-498f-9e7a-69b442714418,838b77ad-bc2e-4b59-ac7d-d667f664c720,4547773.59234249,2026-08-11 10:38:24
df0987e9-259b-4aea-acab-b9ada15dd7c4,95801c3a-2932-4211-a14c-0a4d43a534d2,7670760.8058680175,2026-07-04 14:07:24
81b85934-af37-4cf9-af2b-5e3109db40a9,5bab7f4a-8cd7-4c27-929a-f586ca376c36,8655887.11451521,2026-05-22 22:15:45
8dac20f9-0abd-49fd-913c-d4649473b7cd,11740357-8546-4426-af12-0b9ef4fd25b7,9006769.349466594,2026-08-06 17:11:34
adaad2f9-0420-421e-81e7-ebbaf9ac1a4f,c0ae0b1a-f347-4736-b7ec-07a64b27b079,9313369.147535048,2026-04-17 03:49:54
99bf88ed-0b73-4040-b7e3-c6158a5a5d57,72173fa3-5893-4f12-ab3f-8d221d5e6aee,4037632.32,2026-03-11 11:58:30
3caaa31e-13d3-4726-82d3-39481cf98855,06531d47-4867-4b30-b956-77318a4cfe1f,6189627.242157048,2026-08-11 12:04:52
d44260d2-5f11-4839-9203-7fc25366e938,7c9f3bc3-7210-445a-823c-7ef9cd8565ce,3133328.9387161746,2026-06-08 22:24:55
e037e953-6d2d-4cb9-a452-b5591246d2a5,189099c9-f2be-429f-9514-9755838e9a61,6685567.11,2026-08-27 04:32:12
9b622c0a-5398-4922-8652-62a224a0db6e,35f5c654-10c2-42e5-a07e-afb101e06ad8,6937080.526793528,2026-03-08 20:15:57
e5bb7f3b-687b-43ce-b9a0-13be55c1a0d9,b3e6f4c6-d428-4f6c-89aa-429334a0dcd4,7140518.4452197645,2026-03-22 18:46:55
f9375fff-f146-46f1-b87e-d06b5fed5cb7,0614ac41-275c-45dc-afa0-8cbebf343ca7,1430461.375198106,2026-06-26 05:10:18
5e4908c8-290a-42d2-87f9-ee879f35e95d,407d0aff-cb51-4911-ad90-e4ee0de4833e,3763837.112274175,2026-07-03 23:49:27
e9707c9e-266a-4b90-ae28-b2f44a76a0ea,a155eb2c-737c-48b5-a356-1add685a9f2b,6401120.555297945,2026-03-07 16:18:41
362387b4-9be9-4c86-9b32-06f006897b1c,b864a47b-a434-47fb-8182-978288eae7d4,9638108.150863497,2026-08-15 13:58:26
bdf68eb0-c7e7-4797-b73c-91ca82c3892b,5b923c67-1295-48df-9926-fe41b36d0121,4960501.45,2026-08-29 02:36:06
5813d72f-b67c-42ac-94dc-4c97c8914d99,ed3b9d13-c3e9-4323-8811-86e9162534ca,503002.9996453585,2026-07-17 00:12:04
0858714d-952a-4d00-94aa-826d60fba34c,22e9e527-3849-4ecc-8891-57fd2804d0ac,8882900.015141498,2026-07-31 12:06:19
c33a8761-618f-478a-a66b-4b6db9ec28ff,4c4d6e40-24e2-426c-a250-d133f5cb5be4,6159265.766543123,2026-07-09 02:08:18
f5687574-13ca-4eb6-b486-a2511414f827,243113fd-8e19-4d07-9ff0-b9bf8db3c2c1,6463367.248018349,2026-08-06 10:02:50
930e7347-ff70-4baa-80e5-1b3d90be35ee,4e003d55-15ca-4faf-b26d-3dd38c2aa0b1,5640856.381881491,2026-07-29 09:40:51
89f9c43e-6b07-4c79-bbe4-3aa78c58fff0,d9f93502-a55b-444f-a7d7-3d1d69a3b991,3612345.802262119,2026-08-30 12:23:49
cc5732f2-871b-4b1f-a0e4-0a11d8fbfda5,1d57e734-31bf-4cf6-80b3-af7cd5b211a9,886075.652554886,2026-08-20 11:00:30
31ed10f5-44e9-48ac-9122-f00170e68474,f3981e9e-7cb8-42a0-94a1-eab0b9c037aa,3878862.9052611766,2026-02-24 19:33:13
5424aae4-3e78-4f27-a93b-da3b4b0653e2,e66e2c11-11de-4ebf-9e98-961d48febf6d,5380892.992444807,2026-08-30 11:20:50
5ca9bc53-fa3b-4921-8484-4743cc8ba760,958c2936-b186-48ce-8e40-bfbaa8cfe589,5237456.345021322,2026-07-16 17:57:22
f8ef0017-bf89-444e-9097-ce4674b0b243,3f05557c-502e-4818-813c-a9982b2bf58c,7218351.704817561,2026-05-19 07:53:43
bb98abdf-71ec-42ad-bdb5-38c9b16d3da7,adf8f767-2261-4def-9c07-4653d71173e4,7676005.77994838,2026-08-16 15:45:56
8f7a1e43-5a1b-49db-9466-91895ca43e71,7caa281b-4e33-4644-8657-20ae5bd67d4d,1361473.401574085,2026-06-17 19:22:23
a740a142-5cbf-4ee6-aa25-8d831391d18a,e42c0aea-23d7-463d-9391-d017dbd4a86d,1258416.94,2026-02-16 17:30:47
c94b3a6f-72ef-417e-baf8-34f29aef9aec,81d67019-d97e-4d3c-84c4-f46ae4610160,9499883.391152939,2026-07-19 23:31:00
d3a81c4f-d3ec-4562-91c0-69ee3ad1c48f,e80382eb-3677-4be4-970c-9eb4c4ea4ece,8911003.194463572,2026-08-08 09:48:53
c6c55054-3eb4-4527-89a1-321decfbc936,5da64a3a-260c-4fb4-8673-5380a7668617,9747155.65822317,2026-07-08 11:58:04
235d2722-aa78-48aa-95b2-868bac92275a,82aa5c46-8049-4bbf-b6f6-a77822460ac9,173418.28586767713,2026-05-27 04:31:34
57713fff-4971-4ec3-8bbd-373242a1a429,fb5abb36-ce79-48b7-b6c8-b8b9d9155664,8418257.590905914,2026-03-13 11:18:03
6bc822f4-6893-438a-94dd-93141e32e3e1,90fcc9f1-2ddc-456b-a8c2-cce9723b80d4,2406021.600397366,2026-08-31 09:08:39
7e83e815-9375-4195-a5fd-72f4fbb61ff7,38048786-0a58-443c-9bda-0655f06dca24,4329860.540517778,2026-07-09 14:48:16
e65e0ac3-32b6-4533-85cc-0fb0e1a62208,34ef2552-ab28-4d09-8af5-7e603be8a5df,4744279.18,2026-07-06 15:59:01
2ab18038-03f8-4c7b-b43d-e03ae05c1fb9,0be3534a-e1ad-440c-b463-835eeafb9f20,1687231.8097197635,2026-08-24 14:54:00
8df8dff9-c3f8-4f2d-836c-9e186b2b0c27,d5ba304c-4603-49ee-9463-c183a2317211,9350470.427405782,2026-08-16 07:25:08
de94da10-205b-4db8-99da-d534be2badee,5d8416e0-60e6-46ff-a757-43f9606cc2f5,1275578.0819447907,2026-07-30 00:14:34
b0a6e457-0620-4f4a-ae71-8848d577c131,e8410a39-f901-4b9c-a057-153a4067f790,5622709.725952252,2026-08-03 22:31:26
83d04bac-21e3-4238-92b1-178bfd6c47e3,9aad9234-e31d-4345-bb6b-911ecaeb9959,7243729.215310912,2026-08-14 14:20:17
6c1fb2fc-e77d-4bec-a35b-729ceb2ae08b,a4bae8bf-83b8-4a05-93bc-0dc63ae0acdb,2584874.5214491496,2026-08-09 12:56:17
8e93abd2-b269-4b43-a6fe-47b320a0c244,1e4ae3a7-d123-47c1-b7a1-267e9a1e0036,5413098.059041055,2026-02-19 08:48:11
5639117a-1e78-4a02-8b1b-bb3ab6448d24,7aa1219a-7a93-48bb-acdb-d5f27b44acd0,6699569.159318396,2026-03-09 17:07:35
5ade80d4-ebb4-4c9e-bd1e-9dd812e1725b,0e503fd8-2598-4383-9280-3da2e40b50e4,8568744.65346563,2026-08-24 03:16:04
73230f23-a17e-44b0-a8ac-039ce921f231,a33b3dfd-9048-45c6-b820-5aa7996f7e88,4692251.898174652,2026-08-02 19:31:48
b33aa6b9-7a23-4f3c-81f6-028b4a0efbe5,fe268e77-9b45-47e0-b2fe-fdc23772aa97,3620878.5372670465,2026-06-28 04:08:25
c415ac73-b944-4469-aef6-a152bbc2ede6,95284c0a-cb6b-4562-a488-c84d99d090fd,8355825.294227637,2026-07-05 15:00:29
8266557c-efc6-4c4c-91f2-789bea956113,57b94dfb-af82-470c-b964-4e4f2aefcf3b,1130303.274392447,2026-07-17 22:40:17
97f31baf-01fe-4d86-a545-fcc626fa466b,1bcb404c-21d8-496a-a2ad-a15760d2759a,8328297.360910367,2026-06-27 07:01:28
741a5b09-a63f-43ea-ac85-2cc75eb00e6f,18a70609-9b02-4535-a649-a478d3966f0a,646755.7912247401,2026-08-20 19:13:14
82380358-2d3d-4b8a-b047-3d9d520826b8,17db4c2f-1e15-4e2f-809c-2ebe80da2ed7,6624472.74,2026-05-15 05:22:55
18ce58d1-c5e3-4e15-b1dc-527047802d60,adb610f4-c65d-486e-b00f-63efe59fc1c2,6064811.2091625035,2026-06-24 05:27:20
0c5c9940-5753-4534-be48-7b1c4c1f088f,3abf9c65-6dd0-43f3-87a2-0e22b298b811,1552886.76,2026-07-16 00:33:07
946f9f07-8673-473a-a5b5-8f3084868583,e869707c-bdcb-4ffc-8dfb-a4e996cbdafb,1606622.9780016819,2026-09-01 00:52:21
49069da9-6d3b-467c-ad94-4378d814abe0,c40f5405-7a25-4d81-8128-17eb224629cd,4657977.03645913,2026-08-26 08:11:11
2daca88b-c1de-4d58-918e-58fd62524390,41ff81d1-689d-4205-8b31-f4d8e073c1d0,117978.32277579783,2026-08-28 15:44:55
bc106ec9-f1ee-4895-9061-76b30abc36fc,01d77831-850f-4cdc-9e2a-03f185c53910,5242736.177967949,2026-07-16 10:35:23
933c3b76-473b-4cd4-84e6-078f6e37b721,6d130705-279f-41ab-9b49-09b65cbdb682,8826697.029206099,2026-08-07 06:09:01
48e80f79-58eb-4462-9976-a39a507a61a9,468b22af-9ca4-464d-9d9a-d9f1908e3a95,3361217.60259913,2026-07-12 21:52:46
7c9428af-461a-4f63-89b0-16e51e595d1f,7b8301cf-8ebc-4d7e-88a6-5b858d56bff6,7994355.910917912,2026-06-09 01:05:25
49d9bf73-2b58-4b3f-a2a6-3e3c3940093a,5827bc1d-93e0-4235-8e80-d10bfd0ee0b6,2289019.8305980936,2026-04-27 00:32:20
1b2aa4e4-c0e3-44e7-9b2d-f807fd225cba,c879d932-7254-4ab7-bad2-4ac8bf70c042,3492820.2923217625,2026-08-10 20:15:02
1891e25c-2418-47fd-8754-3604aa9b64ba,cd04c001-56a3-4ccc-893c-9cc6668b28da,849976.8529386196,2026-08-29 00:25:31
c13ed0d3-823a-4b12-96ba-f0f28d5a9549,015aba1d-a2c8-4f62-b6ee-137d639c4c6c,7743128.623796127,2026-08-25 10:51:56
0a2cbb1b-e70c-4274-9930-300a07006af3,4359ff43-1067-43b6-9690-636b6f74e55d,615059.3078194525,2026-07-15 00:55:48
01b4cdfc-31f4-46ea-8c8a-bd6989b4db80,9d2cd944-6690-4951-bc04-ca7aee415f16,935164.874478184,2026-04-13 21:58:22
5e9a35cf-0699-476d-9288-b06ad51f03b1,02bdeabe-7060-48eb-be8e-ed12a3ea21a2,8489361.926984968,2026-07-07 15:14:55
9237e145-f2a8-4faa-b11a-31f5482680f9,9979cf26-c8b1-40e1-889a-9f4f31dae817,2799699.508171854,2026-08-12 15:16:31
204d3f55-8559-4d77-b1e0-07b0bb6a3647,0012d399-a7af-4545-bd3f-ec1b5c17ebb5,4579442.359959612,2026-07-14 06:27:31
b75c3825-1c0f-487f-ab01-bba74b814a84,67cba27a-6528-4970-ab6e-f8dd5a669316,1122290.2895679323,2026-03-27 20:11:48
7e45fee4-6ea8-4b32-a38d-9fb071c487bc,d46b7756-b9e4-49ef-88d4-95a48cb21aa2,5716519.931674227,2026-08-26 06:33:10
fe3a4f96-2306-41aa-9d50-0d6b163cb529,31cc6738-f68a-49b7-9b3a-a1d139ee80ab,76250.5397473736,2026-06-12 12:08:28
f7eba7e9-1dd0-4ec8-ab30-f1b1bb4c5947,1b414999-8198-41f5-a839-f98f2ccf1472,5542154.167683144,2026-08-13 18:08:37
cb170945-be88-48e4-943d-bd6ccdbb6c1f,41f83199-f4ea-4769-8366-c189cd8d9f75,9513666.998888442,2026-05-06 12:40:40
281f45ff-53bd-4b05-9308-9f8bba345e82,60885550-f74f-4900-b159-4914b1b68ecd,5574874.441439015,2026-08-27 11:05:57
a170920c-7416-486b-86af-040d55d8a81a,963a4333-e582-45dc-b5f1-c654ae7cfd14,4227336.615050166,2026-08-07 11:03:40
b4f17ca9-12f7-46d1-86ec-757fac0d8818,fe83c32a-c9e5-4c47-a237-a8c161f6dfbe,5192026.743740408,2026-08-21 17:01:26
6ef1d60c-09d1-411f-acbb-1aace46bf89a,89207bc4-8439-4ed9-9a64-845ef49816ad,4115829.549743026,2026-07-20 11:35:21
8573b517-cb50-4544-b481-acdeeeafab56,bfb0942c-ac77-4762-a620-516717cf775f,2943718.56146085,2026-08-03 22:02:44
a93fd7ec-8ee4-4f7f-9768-065730bdf7be,e4f1e8e8-37f3-432b-9a81-762a5059f77b,3137317.7413957412,2026-08-25 22:44:25
a095c0d0-a26e-47da-b2fd-a085091f73f3,bc45144a-3c1f-4ff0-b31d-58bbbcb3636d,3755479.6402521506,2026-07-18 17:21:43
604f3c8d-961a-4968-a30a-37e53ef433df,9e5c5dcd-d61a-480a-bfec-0a37d5bea8dc,1956622.5392883504,2026-04-13 09:25:00
78597bc6-43e9-494c-b217-f93cac6082a4,7e1f48c4-a9d6-490d-b4ad-fa22ad0205f5,8933669.0511091,2026-02-03 19:55:48
bbcaa210-2fe6-4a89-9059-b5947c08a960,9ee4105d-5f06-4c76-bb77-7e71d91738f8,9408732.289517863,2026-06-11 08:45:26
a2807710-32d5-4d87-a1bd-1db7485873c1,c3a6b204-fc01-4a22-aed0-b0b27da56b6e,3667368.3073392264,2026-08-29 09:43:27
b9291d34-db6e-40ba-842c-a512f369c683,cc9cf41c-8696-4901-8ddc-a78820d4ba18,530529.2373093165,2026-08-19 20:40:22
7d9def75-1138-48db-af2f-841100d190bd,afb3e3ad-dc43-4ed5-a4ca-a1c758e7edf8,1966398.3288803266,2026-08-11 21:48:31
2d98f251-b5c1-4027-b563-559e9c78bade,0227b8d5-b070-4a53-90ce-857f75c72fb6,9542955.24,2026-07-02 10:41:45
9d065ae8-4358-4e3f-b01f-90e76b0c7da5,dca1adcc-9cdf-4664-9c91-f845534fc96d,3902567.662205761,2026-06-19 02:05:22
a341441c-3c16-4571-957a-66e5a18af1fd,57d52b78-9cf3-437e-b562-037b78aa16ea,3474617.9341432825,2026-07-03 22:49:58
f44f5031-a82d-4879-87cc-4d1c7bf6b2ad,5d75c03c-5f4f-4f10-808f-e6d7b361e70a,2968356.370986595,2026-08-13 05:40:32
3b5d5c9c-d737-44d5-8cd3-6406e0bd6044,af9e7a0e-936d-44a7-bab1-996a21925613,4395834.5498309005,2026-07-02 03:45:46
cbf78eb1-7d7f-4fed-bc2c-e385ab00764e,618192de-db37-4ca7-aea5-e3418e2ac3ff,2463638.3148046914,2026-07-24 11:25:42
8b1d2284-5b6c-4b7a-990c-2e2a6467e0c0,6be8c756-2d36-426c-827e-789cce40483b,8497935.917617975,2026-08-03 09:42:56
1cc41c62-380b-44cb-98b6-66f84ba0768a,7c93243e-c90b-4454-90d3-802db876a455,9243154.931629848,2026-07-19 16:40:59
534d388e-7279-4c9e-b828-1e0b6b6a838e,29d0c613-b0c7-4002-9956-699065fdaadb,7809903.780056439,2026-05-13 05:57:12
2d1b143e-1da6-436d-acc3-f8aaa9943d14,42803aa0-55ac-4d06-be9d-a9517329af6e,4233574.45,2026-08-15 11:29:25
1d10b6f6-a91d-4cb2-91a3-d21bf4d1183f,59e110eb-1f09-4b9d-a969-29b20513eda8,3277005.0853271256,2026-08-18 05:21:06
20c8667f-b46f-4145-a5e9-2e49b26c8876,89d716ef-a62d-4221-a65d-958e936dd1a8,5875822.088528484,2026-06-12 03:16:04
7d3a8826-dd2f-4568-8e02-3728d712288a,c655a597-7ccc-43de-82ac-7e1dac565da6,6283127.375750968,2026-08-31 12:26:59
076a16e7-3c1f-49aa-afed-c6c3697905ea,f4e35f7b-a1b7-43d8-b6b8-74d349599bed,5518205.427487975,2026-06-15 18:55:18
e3caa0c4-3711-42b7-81ea-b1da4496a883,679f2f42-9256-4707-9cc0-5b67a19b224a,2656701.38,2026-07-24 05:24:38
52bcb64d-c594-48c5-8ff0-18450f90cd63,a72bdddd-511e-4eb8-9040-5c433a6c7da6,6467457.100998267,2026-08-26 05:11:54
64315fc2-6946-4f3f-914f-6fd9accc1507,dce0e2bb-c7ed-4a02-b1e4-dc42e33fc52c,8616879.98989944,2026-06-30 20:27:20
e990ff49-42bd-41c4-a60f-dc406cd9dc3f,daada0b1-2f13-4a6d-aad5-5c0b69fb2fe6,4133351.0268328446,2026-03-13 04:20:17
380cfd3d-ba6a-441c-bc4a-14cf44b0703f,1a5ed196-65a4-479b-aaba-a4f935e80364,7712071.257396922,2026-08-05 13:35:14
4efa8dc3-0bae-4fc1-918a-d3caa2e25753,65a29cc8-c55b-495d-86bf-d9c40dc78104,1710924.2838020818,2026-06-26 13:37:07
e028c315-928f-4bae-b8a7-c67868e968cf,a7a31d25-1595-4c42-a7c0-0f899e3bf1b3,3755747.5404987787,2026-06-19 08:00:00
a012c6c2-c790-484c-b4c9-93ae8938279c,a06109db-7172-4636-88bf-b602bcd2e8eb,2826762.382576522,2026-01-18 15:49:31
9c5a342e-9d01-4d3c-b7df-9baff2a81e6e,dc412176-5b59-428e-a9de-5b2608ffeab0,7607278.170620483,2026-08-16 07:23:07
051978bf-8a2e-40d6-9ade-bcc221144198,71e15b9f-8c6d-468e-85bc-f3baef52d36e,8847098.03877345,2026-03-23 02:02:19
c7ca7ddc-171a-4d35-a112-7927cd6aee30,a18c5492-74e0-479a-98fb-47279740b212,7189815.297250395,2026-08-25 13:00:39
c4196c8a-c44f-42a8-9a4a-96aee987cfb2,4f45f6f7-88a6-43b4-a3b8-1f92a3c90c6a,3760415.7887205817,2026-07-17 21:22:57
84c62e4b-0c99-4e2d-a7a9-98ab103f3a46,6986305a-5da3-49cf-8ed0-730d711dc1dd,1526.2348397616568,2026-08-08 12:56:06
fc37337a-32cc-439d-8914-bc965cb27033,22e49628-d913-457d-821f-84fcd0bcbad5,136610.22945241557,2026-07-31 15:11:23
dc16cbae-6541-45f8-8923-8eb6d690efa9,4cb34663-7a21-4151-8166-a8b3f26bcebf,4856129.238778001,2026-08-26 17:48:24
e9209b3a-2951-48a7-8d21-0a344a49ba1b,8c57a277-01d9-49b4-8bf8-f29e3b30ee97,9123870.832548872,2026-07-25 12:14:04
8d8e352b-3732-4d15-a9d4-45f354dd528c,b7062cfa-29cc-4789-bff9-3134650e78e4,6168423.961312774,2026-08-02 10:00:26
d8718196-093c-4582-837d-f82ef0a4be8a,a0152b5b-6c17-4150-9447-16cc4352acea,4473418.06,2026-07-19 16:53:22
1a3ecc71-86cc-456b-b0bb-1e32c14fa9be,cf0e1567-882d-4fc1-be30-74f8a60147c3,1134459.0242529034,2026-05-07 10:22:57
0ad33361-7c22-4735-8a95-7c2e65df39cb,a30b669c-1c40-4045-8a22-eae922f9cafe,4017206.97,2026-03-28 11:32:21
3ae19f9c-0634-40e6-8d2c-e7964878917a,0cb4afe1-26f3-41c8-84f7-18c85215b503,1681612.268584721,2026-08-16 18:25:07
08a5ad03-3f4f-4031-b025-5b9dc5bcc4cd,703c1286-b717-44cd-a002-91bb44e9f8fb,2466549.0272497307,2026-08-03 18:39:32
d17bd6cc-2195-4073-a697-9d0fa7c02a59,548b2ce3-081f-4c82-8a9a-cf77b26a51a5,2413044.3767085266,2026-05-29 13:10:35
12ea7890-1397-4770-95bd-18badcaaf6a5,12464474-6475-40ee-8691-30694439940d,4083646.3896382595,2026-08-04 12:55:08
bb8e37e2-c32b-4a73-b417-dee1b8dc6390,f97f4994-1f38-4f55-833a-c4d6d4085391,7211647.473868444,2026-05-04 01:28:14
d48b5d0d-be1e-40bc-83c6-1e180528d309,32fd73c5-0894-4176-be99-df69bcd49975,8613220.152992954,2026-08-05 02:52:41
187666ec-26df-4b57-ab41-eac79ad8e1cc,f6121d2c-ae73-40eb-a39d-8fe7790b185c,692890.8802801231,2026-08-27 15:00:34
d4db5496-31bc-49e6-a420-b22acae9250b,7b31dcdc-40d9-4a8e-9f44-aa88855b6c5b,858449.8073625081,2026-07-20 00:30:28
52dfc152-c8e6-4d4b-8feb-aa0edbfb491a,a206527c-3c68-41d6-9ce8-e12ff9287d26,4500472.44711774,2026-08-23 00:07:33
4d59f68e-05ff-42f2-be54-eceb8329bd1a,3e3b1a40-ca05-43a2-a553-b15f1ea15b0f,7812939.227439215,2026-08-21 12:55:41
4a8e9dd2-6067-4824-b8ad-b1829381ebb3,276732d3-a502-4c4b-9b03-34d80f4d6c40,2053453.5824847226,2026-08-03 09:48:18
68054a24-f785-4cc1-b8e5-91c417d2efe7,8ef00de1-fb4f-4972-9115-d7ee3b90908e,7246219.7595550995,2026-05-30 08:49:25
e85cc863-48cf-41da-bbbc-cb5d474f9205,5bb0dd76-60b5-4717-b072-afc805776108,645423.9794863568,2026-08-15 13:43:35
04680a4a-61e5-435e-be9f-069a81b01ca4,4b726a7c-8f1c-4fa0-b000-0009b4e570ba,9333707.276277049,2026-08-03 19:51:43
5f6bbc54-f392-460b-a4c5-ee2dba41348a,bb7eb979-52dc-4ffd-9900-8d658b2ab759,4518225.83,2026-07-27 11:29:26
395c0d62-73c7-4d75-9bb9-d499b6eea1cf,730ad7de-27af-4ff9-87f8-9f6211a1e557,6035003.071583028,2026-07-28 22:19:16
c56dbe29-65b8-438c-865f-5046f9a61744,8186722b-a355-4d05-86a2-8e4e002f2ca4,305781.91566220584,2026-08-31 04:12:40
902ad019-7a0f-4a86-9eac-a15d72742e76,9ec5405d-c6a9-4598-9d34-0833db592a19,8900627.28256398,2026-08-18 17:21:45
24ce3160-551a-4dcd-8f84-2010a48fc1f1,7f5f61aa-aee7-47a5-8629-6fbe309b48dd,1168565.54,2026-07-11 12:33:01
8f962ff2-186b-4a71-9569-12ddf9cf2bd2,1c4760a5-5270-4b29-a412-47a268e8f311,718503.5370203694,2026-03-03 09:54:40
7d6448b2-f12d-4664-9d65-5951352aa2af,33bb7382-0801-4e83-9f9d-39102dbb45bd,517810.3289758369,2026-08-18 14:05:49
6737cac9-242e-4d71-9579-bc243ffdf8f1,a86d8706-637b-4648-9617-b9c0a449d64f,9707594.660365108,2026-05-25 11:04:31
c474e1c0-0f16-4af8-bb80-8449c2b579c2,14780c9d-d503-4b43-a3c7-ca9aedabddab,5929564.746605686,2026-08-10 08:20:08
524a1652-0958-4354-a68e-81b4d5963842,bbfb1b71-0a68-4eb8-876d-e8c5440c7e5b,3546005.6632158905,2026-08-02 09:03:06
016d26d9-df15-4667-a812-a17c9946601e,3b23feed-b9a4-4e2b-99e9-e3a418dcceb6,8643818.007259758,2026-07-23 23:58:40
8ffa1194-c14a-4a61-b58f-b73fb0bde14f,2dcc4095-f28f-4444-a015-4d6591ed554a,1736420.1384811956,2026-08-20 03:12:40
f5a02c0a-5021-43fc-bff3-e8188babb414,b3da5808-756e-467d-acab-8b695ba37cb5,2752608.395975245,2026-06-12 17:37:08
b5786277-761c-4a2b-9263-f8e03c5969c6,56673e49-8133-4bdc-a6cc-73768cca8963,7330151.549187489,2026-07-05 20:30:06
bd5bfece-dbd0-4d57-8e07-d8fc83b1c1ec,fdd084a1-8cd2-416f-90ad-ff63e7094153,6752296.548653851,2026-07-16 21:34:38
b30269aa-6cfa-4ecc-9ae4-27cfebd5c149,9bc0fa93-52cd-4def-b9d2-76f4d37ee471,6157637.7522933325,2026-08-12 16:53:21
037ce599-c1c3-43c4-a095-95a4602cf604,5c29850b-410b-4c29-be9c-afcfed17f6e9,6564342.907302337,2026-02-01 15:25:45
2a8be289-1f19-497e-bf86-ad63851ab93f,48d3d2ce-fba3-491f-88df-aaf8b9efaad6,4934883.018777903,2026-05-30 20:10:46
1d191f64-f8cf-414a-9ea7-e1ae7006a2c6,36fea0b4-38cd-4122-bc01-45e14ce2afa2,4579462.412946894,2026-08-28 16:04:01
2bb47157-7ec4-49d8-ac97-34c0e2b05055,ed0940f7-9217-4fb0-8e6b-308582e2b02d,7531457.594911718,2026-06-20 06:59:37
23ce37db-7cb8-449d-864b-789acd9b79fd,5df924fb-43d6-43ed-a36e-b83227f6a2ac,4195440.867679552,2026-05-03 03:11:06
4bf7e012-025e-4446-a63f-730d6b0bb457,91ae3d4c-6659-4d83-920b-725b17871810,5304538.97,2026-07-15 20:02:36
b84e2f11-4b52-4dc2-bee9-19726f7b93e7,e6267164-d361-4b3a-bcff-ae922c435667,1571599.312834316,2026-08-28 05:03:27
e3b93a34-9d77-49b2-9287-e5f485c14181,bb1502ea-0991-4f46-8ce6-928ba46acc9a,916400.6816738184,2026-06-15 02:37:00
243a7f53-2a7b-4a7c-a674-dd6b9055e085,6f2e92b9-d130-42db-a13a-14ca5911f42e,3703226.4243362965,2026-08-29 07:06:39
cd853347-3457-4c7f-af5d-b99c85f3cb12,c704e80e-a246-4cd7-82ed-5d15edbc36d8,8537146.06599753,2026-07-24 14:21:01
84f612df-5f0a-44fb-b6e7-d214f3b5f7d7,264ae04f-909e-41ba-8a38-d5aa51beba8e,2519072.3895519166,2026-07-23 16:42:14
35eb0106-767f-4095-b8dc-340b4051391c,6493f5ef-ff53-46a4-bb48-bbbaac735be0,9547526.498385906,2026-07-17 05:19:53
ff0614bb-b85a-44cd-bf2b-f0e4ed55169f,4a2f3876-6e93-4615-b8da-9a90170fad32,5526918.039364753,2026-06-27 19:34:00
d4541573-b70f-4392-863d-aa902a0b83f4,0c9fa6e6-becc-4760-9249-ee3a79d19c4e,6540401.061128745,2026-08-30 23:20:52
2de1bda4-6a92-447b-9154-00a60283a43b,2160446e-b2a7-4475-8619-67736f3acf33,3232669.020883441,2026-08-16 05:00:54
fa1b1bac-fe49-45a4-912a-0ef57872420e,32339053-9242-4a54-a6f9-c0e165339cf0,8553696.150134245,2026-07-29 21:18:14
3303343c-300b-4e7b-b393-2fb84fd4c793,c6da85f1-4429-4ca2-9257-429e3e085cb7,9482249.766224517,2026-03-25 10:07:50
280d4e22-982e-4afd-b7fc-562b9ffe3709,4e089bb4-c509-4558-8632-6b36a7c8f0c5,7277073.787441577,2026-07-26 14:22:08
e222c775-8f24-4a7e-a2e7-68d759b7463f,d173b70b-ec99-4c80-8b7d-185670c23600,2553122.649586285,2026-08-20 22:12:05
ed8982c2-039d-4d70-a0fa-7665584f218a,3e3869e2-0df6-4417-bd55-38c71cc464ed,4738722.59906325,2026-05-29 21:43:19
e958c430-d21c-4643-88c0-8457464aea48,1c7cb6ed-cde5-4848-b19c-905e57e0a1f1,5439381.082688417,2026-06-14 19:18:48
5e05b8b1-4e45-4736-bab4-eb77959fb841,342c5348-363d-45f1-89ba-b9c8bd717da3,4543424.19,2026-07-12 20:00:53
41374168-ef2e-4dc9-a73c-984bc4596172,242f5829-fe07-432a-badc-45999f7fae0c,6195908.004548709,2026-08-17 19:19:08
33dcd09c-a8cc-4023-a43f-daf08a8016fe,0b21a308-86dc-4e34-a9dc-fe52e7f2418a,3268190.9782036203,2026-08-30 00:31:12
bb0c686a-1a5c-4752-a705-1d9697b732b3,a79e3626-7707-4c0e-8d96-feb34572b385,4475487.65,2026-06-19 04:01:40
904c01a1-434f-4133-ada6-b97447ad21dd,4ae0fd7a-04e2-4132-9b9e-c5f9dd419a67,3785859.886049112,2026-08-29 13:38:49
965a693e-85b6-4e95-8c00-9f08206faddb,197fa0fd-b5ae-4a56-ba03-3d6c822fb2f0,8713029.444028193,2026-03-23 11:22:31
ceab2f76-f776-44e8-86f9-09649ad28c4a,4e0fbae1-8787-43f4-ac19-e4eb3f551740,1281438.19,2026-02-10 04:59:22
35951ffd-7931-40ce-a8c3-47d0ab229d1d,5afa0fb3-5a16-49d9-af2f-077358c69158,8180983.138744559,2026-07-09 18:40:41
fd34d21e-3b59-475e-888a-9a7400af085d,41f74651-a033-4dad-8fdf-de19cfd835fc,485664.08308387425,2026-08-19 20:16:53
9d6ba3b5-cda8-48b5-adf6-cca41761f1ce,26d658fb-39bf-49b6-87ba-c8aaf2f94b2c,2265248.8412346123,2026-07-03 04:49:26
dfe6b589-79b8-423d-aa31-89ba24b17e45,f5ea4128-854d-43bf-a1d8-5365bada0c94,3722576.81,2026-08-24 03:12:37
708f75a1-cea6-49bc-82ff-1dad2310c9fb,a7087280-34ee-4b67-a1bb-d1838acfd4d6,1650524.41,2026-07-29 19:01:46
4d747649-53bc-40e0-b8c0-9d8baa3319bc,e60d7a94-b483-4162-b043-a39a4f1a84cb,1204580.95,2026-08-28 01:19:59
8f65abf9-3da3-4aca-9e07-24a8c28fd8cb,115c42cd-5147-4e86-a875-d40aeac7dc2e,1963638.838239076,2026-07-28 10:31:03
b4cc7214-62b2-45ad-861f-98b160975bc0,2540fbfe-e12f-46cd-96ea-f269514e1353,6789299.908466182,2026-08-29 10:01:10
85a0daf6-d6b1-4a8c-8fcf-9f895ae0bb5a,ef0b743e-bee0-4762-b168-bdec4da838b7,4463004.9080217015,2026-07-30 05:19:48
9afa3fb4-e21f-4167-9404-e49287db0168,21acfdb5-1b55-4f6d-b01c-6abfc7739d46,4343134.864235921,2026-08-28 08:12:13
a23ebe36-f20b-40c9-aa86-9922f4927b35,98ab182c-3b1d-4181-9cc3-c1f59129bc75,5877119.433992567,2026-06-27 04:59:33
6fef2c5d-d702-4edd-a494-0bbdb61ae1b0,22538040-7a02-4a6d-87a2-b171b02a06ee,6156805.55,2026-06-17 14:43:07
c9f99d37-b1f2-4ebf-bd76-c495710fc415,794e0838-7dcf-40fd-a330-98edda252795,534260.0530276912,2026-07-23 04:41:10
e656cfbc-8ed2-4e16-9ec8-0917af744001,ece9504b-03d7-4962-b804-43eec3b8d179,3325829.304172832,2026-04-30 18:48:54
0679c4f2-2d92-48a4-9922-5b53a6ef8273,f4672866-ed56-42a0-ad54-ff2b10ee4f77,3997119.04,2026-06-14 13:07:23
ab87aea4-c54f-47ad-b750-bfbbdaf9ae1b,3f2d39c8-e338-4579-b521-aa18dde4f5c1,6261184.871760753,2026-07-21 22:43:14
9df20554-36ba-4892-ac90-5f13ba7e6b51,be125f8f-f06b-4c12-9c8b-955064e70f9a,630703.3289336184,2026-07-29 04:47:08
f07cfca7-ebac-48e1-bf76-61bbe054dba1,d3b6ef1b-74f7-4d09-b39c-afa51bfc270c,4006821.703687094,2026-08-05 06:04:54
eee5b33e-2dd3-4f8e-9fcb-f48261e8baa5,bc341b4f-fbdc-432e-a546-c66d89b1cad1,818018.7633871102,2026-03-28 05:47:41
86a81b2b-5c69-4e49-b12c-31263222504f,e267e12b-65e5-413f-b086-9a454a8abb17,7539484.595697011,2026-06-08 01:07:14
5415668e-4f75-43d1-9610-7189016ff44c,eb45bc38-9cf6-4e33-8b5f-174b6c267b56,2348528.2379928655,2026-07-01 05:52:23
40f66fde-ea72-4584-9e6e-187ae939f790,172720fa-73a2-4c7b-a566-e884d473e687,9650334.856934752,2026-08-03 01:54:54
7a8e5e5c-a444-4040-8663-3755a5b01639,400564b8-1716-43b1-b466-1e6fe1eeb1f1,2694630.5366747216,2026-02-20 14:21:41
b44aad77-b20c-4a3f-bee8-acf10b3e2b6e,730bc657-b4cb-4613-9d39-e9c217584f23,6306550.768953806,2026-08-25 10:33:20
f89cad3f-0ea6-4dbf-a011-b8d84630419c,60f11528-28ef-4f46-b323-123e9cb0c90c,2792871.346973898,2026-07-17 08:33:52
b7d0c829-dcf9-4680-87ca-07d8d2c57940,dcd81a8b-a8d6-4af6-9f0d-def190c40e45,2960684.9749489226,2026-06-04 14:14:41
7458d92c-a1da-4c7a-9b88-26edff4a9185,baebe15d-4f3c-4771-8edd-2a2a6b69b4ae,2996482.1530739213,2026-07-07 10:06:42
dffbdc2d-bffb-4e28-b933-ea492c7c4106,33ee16e7-f5de-4eba-a1ae-a39be606d7c2,199206.43783452729,2026-07-05 15:23:39
1a985b74-ceb3-470f-8bab-9c9cc0266d51,8b22e445-7fa7-4485-9afc-38057f6485de,8093607.155629708,2026-04-22 22:49:42
e4ee8f51-9ce8-4b7d-8761-dc0c5e99c568,79c842cb-a8d3-410e-96bf-ae6e37850b5c,108652.92209491086,2026-06-23 12:36:34
def42b39-2d49-4235-bc77-5a20b4a4cb80,9ea8fcb1-4732-48c9-8c1e-9464e1d5c0dc,3385155.65936141,2026-03-15 07:50:22
d8868de4-d585-4f0b-ab69-1bd21533fe82,a73d2746-0e18-4b96-a5f4-1dd62f51ac6e,537131.2070989294,2026-08-26 18:01:29
b5e9489c-a331-44b0-b181-38900e592949,54c3b22e-4c66-4a4d-9a70-ea8ad6881d3e,6860913.707044304,2026-08-16 16:21:00
8b490e26-db9e-42e6-98f4-26dd5071ce94,9c7060da-48cd-49c5-ac0e-1f71294d43ed,9456534.475989932,2026-08-24 19:48:29
a7b4f9c8-31b5-4fb0-9a42-698bfbc053a8,bfd467e7-7491-450c-b75e-fed82d6b5953,1538806.4150646352,2026-07-18 07:38:47
d6578ecb-5529-485a-8444-c6f1bcc9c2e6,61022b56-e5c4-42ff-9e5a-90c152a473f9,9141292.40261391,2026-06-01 07:09:59
e7dd93a5-2b51-4424-b595-459de5d20eae,1f3cea1d-2271-47ca-b887-73ed4af715b7,8611762.979541546,2026-06-16 21:51:03
842ee348-5dc2-4d9b-b1bd-b57bb8dddfc2,35845d71-b221-41c5-b5b8-6d0a864f36dd,8625567.03718648,2026-07-26 15:24:22
6a97cbce-6736-49ef-aa1c-5dcaf0c7915e,9ad2bb72-b04b-4584-b95c-ec2d7bd15655,4704733.398431663,2026-08-26 19:22:35
c2e41a50-d336-40db-b164-82fe10a0e260,42791490-5105-44f9-9909-49aa9bdd3d7a,5858559.14620064,2026-05-15 23:46:04
157ef914-4442-4098-ba9c-ee3d25c37945,850b7073-7f13-4e67-9008-cdc99d421bae,2961502.560483997,2026-08-29 01:58:51
9bc88efe-4688-4612-8b64-e782718296af,fab0a15d-4a5d-4cea-b565-f64e3b93a53f,7667596.285888374,2026-03-27 09:55:47
2c47a51f-68c4-451a-8166-356cb04fbce9,ccb03fc5-3513-4238-991b-1a04bccaba38,746640.391932718,2026-06-19 10:33:17
59c67a52-8f80-41ef-8615-575c4fa87a65,4cdf697f-4eca-4e96-915d-b44fca4a40bc,100973.2343591167,2026-02-26 21:29:55
d60b04a9-9173-4d93-b75c-4f3057696e2f,65637d1f-5763-4902-9552-0712af92ef22,481189.27031217597,2026-05-07 23:38:08
1691c83a-7687-453e-ae26-5c9590f1c7ee,56830783-d575-4337-949c-9eb931ab0158,7746611.928818025,2026-07-15 10:48:44
bac3d057-2eb8-4221-972f-0d9beb02c661,27c7655a-7b43-4a72-a2c0-c475a54976d0,8882847.458438357,2026-06-02 20:50:32
a06a7de4-9755-428f-9147-c3ba2f875748,69f8d3e4-d06d-4943-88b3-815e76647043,8587485.259781232,2026-06-13 13:40:16
02ac1c61-c9ea-45b9-ab59-97f2c447ee3f,50c4cb4b-ad9e-4c1e-b997-402490a014ab,9496644.635252783,2026-05-27 20:28:11
14ce6f0f-75d9-404d-9fe1-2b57a3506764,cbb86be0-e355-4636-aa8b-31f5ccae58fe,4635971.812496929,2026-01-25 04:53:16
a46ee99e-ae4e-489f-9659-d69f4ecad266,a06303ca-600f-479c-bbce-708756d2b14d,6395728.54573935,2026-05-28 19:36:15
21fae8a0-bcf4-4ed1-817e-3dc0bf5628b9,c847b130-dd56-430e-9de9-87a2985e7e89,5163010.515759995,2026-04-24 06:40:37
497dd968-b4b6-4702-a11a-7d790da761fd,7f3ef59b-1638-4137-a9f3-5b2d4580dac2,4925700.780376203,2026-08-03 16:45:34
50c74b31-90a6-4567-a3f2-f68f476a2533,1cbb304b-2ccd-42af-8d64-bb63866cfb2b,3336730.8896499933,2026-08-17 06:39:58
45d62ecd-3030-47f4-95d4-999b39d88a14,cc8ceba9-0662-400c-8188-de48719b2dd6,3096902.725331896,2026-06-26 03:37:45
42650798-4b80-4fa6-bab1-fa122d5737a0,dfb68a5f-bb81-41f0-bbc4-d138ec737598,2348410.970825921,2026-03-06 14:31:18
5aeb5055-7d69-4580-97a8-510843b93b02,84222f58-f022-44af-bb76-4637d277ab64,603759.8587306456,2026-08-06 05:04:23
a44eb3e1-c5ba-436f-994e-d61a5d15c129,85b864d4-dd64-4387-b6b3-8fbc6338fb29,722961.7515176932,2026-08-31 18:37:02
afe1d845-a18a-4249-945a-1de3731dc76f,77852ddb-5552-4a3c-964a-9b18df3334c6,5118234.334215519,2026-04-20 20:52:30
95d12c70-d5b0-4c12-b31d-40e209673567,a38bbaa4-4fe8-48d8-822c-a6a893daf60d,3149973.709337136,2026-05-10 18:30:19
35edff38-9197-407c-89b7-02ed27dc3b65,c5d56016-51b3-4cf5-8843-3a3846d28109,2477686.7307826593,2026-04-10 00:26:01
ae98b722-cf97-4016-a560-c77558cfd966,f5530567-03e7-4d21-9d4d-46d6460d113d,3389111.2611415214,2026-08-18 10:12:00
f7eefd84-b31c-4349-9799-2f42351b3e63,4563abbe-5188-4a26-8ca3-3a5459ae7302,4657715.008339556,2026-08-22 17:00:12
cb56eb48-be3d-4265-9471-8d868d366459,4fb67094-123c-4911-abd8-ad4d3eacdb28,7234154.332272301,2026-02-14 13:11:44
35f1e04b-c5fe-41d6-8365-d2cf173be226,e73e2bc5-7882-4064-876c-108d214c87b1,888429.277252432,2026-07-04 23:16:24
080cfaaa-42c6-4c42-b7ba-69f137df8dfb,b465c027-2dd1-445b-a454-a82a6d2cdbf9,7285594.0978647,2026-08-29 19:27:03
2fb9950b-a190-4a44-a888-7521845c10ea,d143e0a2-5513-474f-8ffc-1c545b0a31ea,8752227.48666731,2026-03-22 23:58:17
52af891a-9639-42b7-b79d-7db423caef2f,c3b1927b-c178-4e77-ac3b-9258f943375e,7722452.921965567,2026-05-06 04:10:28
96a0c726-a886-49fc-a0be-b85d9053317b,a4f89e23-af39-42ce-8f75-d45a74a12a0d,3798827.938818813,2026-06-26 10:56:40
a125151b-1ac7-4a5b-b387-a11d5286f977,9defeab9-e54c-46ca-9c70-ce2224caf1b8,3007203.099121209,2026-07-07 00:18:37
28a3df6e-0205-4f80-a6a9-8352de8c5a13,53238aff-e1e5-48a1-9c5c-d673c9ed66a6,7786948.350573276,2026-08-11 03:05:21
a5db8ca3-5630-4021-95af-b78379ba19db,d8842354-7613-4f44-ba88-f16259f8068e,9406079.112522345,2026-07-14 20:14:46
4e681465-5ba6-4f73-a9c4-1f0d2fe68a52,d14b256c-67db-4943-9a59-c3eb8208fd42,9114337.516115084,2026-02-11 09:01:04
c0860861-2fa8-4aa4-8bf9-a66d7782e83f,760272ba-8862-436f-8d57-9d00cadcc10f,3979032.0572484722,2026-08-07 20:41:04
40a8bd6b-3e5b-44af-9587-57a3793c04f7,bd472885-13f0-433f-ab6b-3f08a9a0f4ef,7977129.375141768,2026-03-10 08:54:56
adb5d5e6-7b88-44ef-967f-309699d75477,534bfa86-7681-4ad7-9898-6758979800c3,2907877.36,2026-06-11 17:50:23
edd24200-f884-495d-8a45-e44d4cd82847,9927839b-11d1-4e50-a7e2-189bf4b4c704,4678097.41,2026-06-21 13:38:15
ed486d9a-e69f-4f78-af4c-113dc35f4e12,0fbd4c81-a900-4ecd-a51e-01ad7e8a2078,9533297.609265111,2026-03-13 03:13:23
c6299ca6-6d07-4774-abc5-bcd41b9c67e0,26330c43-a92f-45fe-a58f-cafcc1cfd878,9457108.57555364,2026-07-23 12:24:10
97d3d50e-6697-4f77-93d6-40ccf4382911,e09ef2a3-ae77-4249-b4a6-3e7632173525,5049207.116897816,2026-07-04 08:58:32
ec1f5d97-2a98-4090-831f-d30229fd9b08,5821b9f8-ea45-4afd-bb8a-61ebb7c12a4c,8427322.417047266,2026-07-10 15:30:10
b297fa7f-f719-4e43-98cb-3cb4e2f7e7ea,4b4fafaf-da3d-4780-a0a7-7d78d8feb8de,869099.4580161512,2026-05-18 04:28:49
9167adea-f8f1-466b-b395-1a4532ce6a3d,fa8bd601-d21c-4315-8f5e-248eb40f040e,516133.0617644666,2026-07-14 06:42:04
c9dfaf7c-5549-4107-a9d5-00dd21408672,64eec4c1-9714-4adc-b3c4-d0306e84e832,6725980.196333011,2026-08-26 23:15:21
caf91924-4f2c-4cfd-9724-5dacf8673a5b,a998c8e1-3612-41be-8b8c-e7be6f689d65,2281180.97,2026-07-08 00:32:33
655fdaa5-756e-4fd6-989a-2b88cd2e6c8b,d707cb6d-5c3b-43b5-acaa-dafbd7e4527a,2044384.8226675193,2026-07-26 07:12:58
25c1f899-a89a-42c5-8037-42ae75e913d8,04056d2b-a5fc-4671-925d-f20602f865f8,7176143.584194671,2026-08-07 08:30:54
4eba12da-4d20-46cf-ac0c-ad5ce2095271,ce52309d-a46a-47c2-a320-de1615ac80e4,6940233.562801506,2026-07-17 04:30:02
340ce8c9-db96-4db1-bc76-86e52f4187bc,8d532691-6c93-4f69-8269-041a74533044,3686535.6484259143,2026-07-28 14:52:26
2775957e-3ea6-4a65-b960-df1f17152d76,93f3c702-01e6-4e9a-9ac5-50236cbdd931,8290184.2392567685,2026-05-27 23:37:01
01440fa3-5fcf-4c27-868e-47b0d87db947,938bd3f8-8bd1-4d4b-ad33-53fc692caaae,9279439.717000432,2026-07-10 00:25:28
788664f3-1993-4dfe-983f-097d28c9d68c,948c7eb4-1cf8-470b-9e5b-2ad8b4732eb6,2337030.5981107624,2026-07-31 01:17:37
3665de1b-b2e3-4ad9-a4e0-4880afd13c73,c02627d1-fbd1-40c0-9bfe-679afbcbd6ec,1278270.9002135622,2026-07-31 20:24:13
76a6e2e6-d4d3-4808-a054-a51cab1ead74,3ec77a8f-16a4-4b83-9c2d-9672e3d1803c,1277346.9704929043,2026-08-07 07:21:07
63380b42-1887-4a69-aabd-37dac357a620,9cf021b8-4fff-4b59-9462-8786cc502a89,177890.10885411786,2026-08-17 11:44:29
222ec711-ef6d-4b4b-8356-dee2517fd316,781f9d3f-e7f3-49dc-833d-e3ad743b9f71,5848085.427571207,2026-08-04 17:15:31
487f70f0-e5e4-4935-93bd-99f9c5f4656a,b1eedf64-090b-43ed-aae1-d0bc4a099088,9180726.752446596,2026-05-12 06:48:07
12581998-88bb-45bb-a4d3-609098d0fc61,94010dfe-7921-4c7c-a119-ceee0fb91307,4832073.37,2026-01-25 20:31:50
f860b58f-bd8c-432e-ab7d-09b27d01d706,20775ce4-151f-42f9-bc19-3e6f496cc03a,4524816.041601624,2026-06-08 10:37:23
9bc81ea5-e2b5-474d-b8c0-f0c306e2ac94,4674a0eb-47ed-46dd-9da4-ec0f21ee0f6c,1820587.991863701,2026-08-28 14:19:56
5cbe693e-5e7f-48d9-bc33-499fc4916b7f,bd2cf4eb-977e-4f2c-a8fe-60952cb37e23,2870672.3864878197,2026-08-21 17:39:11
9c4e1662-0068-4d9c-92bf-bc31805f6a69,7c239ebc-3c77-4558-b365-fb7cc853bc55,538743.4317084263,2026-07-29 03:55:26
13c7f140-ea22-4efd-a5ef-2c84c06e6481,252352f6-f7a3-46a6-959b-558bfbec1ed8,8076468.503651114,2026-07-17 23:53:14
301ed689-7ffc-43fe-a359-34433ae61863,a9217ddc-3cea-4f89-a217-3b7fc536d2ce,3445296.84110201,2026-08-16 11:24:40
17c50a7c-6f76-4a77-8d4b-cdb2361352a0,0de84b63-5856-41fc-9782-5ea3bbff16e9,1912374.7883610642,2026-08-08 09:28:47
6cfb6acc-2e0c-4488-a76f-7d3c62522f26,79ea5621-6614-43a7-b6c9-aeb22ae7dc19,8703602.08615639,2026-07-22 09:30:35
acdeafcd-6306-4765-8fa3-baf648f368ba,63dba8c8-b4a2-4699-aefa-823b613a9ff9,7218674.236529824,2026-02-12 18:52:17
f47bffba-f561-4747-82d2-2c7408ea6671,72e5e892-cc1c-4204-ad5e-749b49ee4969,8711755.198863782,2026-07-25 06:00:46
aeadd1dc-65f1-4e33-a9dd-f2292df4e387,a32e3ab5-8802-474a-aaef-2ec218ecde2b,4485990.140177161,2026-07-09 14:16:06
ce65050b-7705-4c84-9b3f-0866d59042df,1928aae5-cd64-4aff-845f-dde1453417b5,7554664.990315835,2026-04-17 11:39:06
19f5af3c-bb90-4dfe-afa1-ff1758a64190,c53f4f7e-96b6-4287-ac00-f929bbfbf76c,2947735.55159576,2026-08-17 00:37:42
ce9205ae-cdb5-482a-a78b-941fdcca9a71,022b7e76-ac3c-4e34-82b5-3d3d8c30563f,1603568.4521778165,2026-07-24 23:42:50
931e5f89-20f5-428d-91ab-ac77292fadf7,59fcfaeb-7229-44a9-af7c-e6091a99aae0,3153671.629650459,2026-08-09 14:59:01
02f77979-7466-4319-afb1-44b5624d2ff7,0e8fd00b-1789-46de-9e90-d10706113bfe,3532903.03,2026-08-30 08:23:04
66d6089e-ab91-4501-b5bd-62cda76090e7,f5321352-b544-48e4-9f2d-a344a3596667,2152974.290740512,2026-07-30 13:31:16
6ccb9163-4d8e-4d5e-8df4-73bbc577d3a5,a5dd2836-e65f-49fa-838c-2eafa8097a77,1832387.507021465,2026-07-20 05:30:21
9a87e44d-1daf-4374-a255-80efbdf7f8f0,a9151364-778a-469f-8b68-d94d40da9c7d,4588265.676013477,2026-08-14 08:34:16
793a650c-c7ef-48e2-9f71-7ac680871ba9,c516e394-aae6-487e-a744-aa30b1356d67,1207104.1685954346,2026-07-15 13:09:39
5d679515-f8c5-4f5c-88f7-57fbd81b6bb7,637aa999-61ff-4d9a-8ff8-9e8ac6f06a71,4346088.615832683,2026-04-05 10:52:49
6c8f8833-fb11-4ab6-adc8-6df8c9162eb7,fabb6609-7de1-4a85-91c4-194a70c98336,2909032.9297514036,2026-07-21 05:39:43
acba60e2-decc-4aea-a22b-3588c275da34,c4ca00d7-8a66-4e67-a4d4-d5a31bc2197e,1756866.047420466,2026-06-25 03:14:01
d015f623-83d0-4e33-b296-c4c04201938b,261b5048-7f69-4b97-a581-d60104cdc4e8,617978.7031382453,2026-07-14 14:06:05
6f54d2b9-747a-4ecd-9f48-d6faba45e0ff,546fcba3-b336-4143-a6cf-bf5144352e6f,8402969.929948358,2026-08-03 19:39:57
1f1dfed9-0a33-4eef-881e-67f376fab828,d8139af7-6766-437b-afa1-79a57a675870,1157218.0912841684,2026-08-25 11:12:45
e3a060f1-0cd1-4e0c-9dfa-893375d2fda9,f443864c-6269-4a44-80d8-c04639d11950,1996529.1706882312,2026-08-24 01:52:29
6cfad76f-4098-4d5c-9e8a-35cbafb719ba,5be2124f-fdd9-4681-af5e-eca58909b003,914173.0482264807,2026-06-07 18:25:32
d1b51519-c44f-476a-8bd0-1f7aaccc8e70,f5ff3705-da74-4056-88dd-44cc5d87edd2,4723996.170092708,2026-05-28 07:55:05
4b11c181-2dc1-4143-8469-8c048af190cb,f7aeede8-0a11-4bac-8df2-1ad52d36db7e,3219795.8,2026-03-22 23:58:10
531b1e76-725f-475a-847c-1fe56ac475a5,7c8b7f1e-5bf8-4967-b057-fcd4a1701e8e,3115590.961883049,2026-03-04 09:13:54
1c974694-9884-476d-891e-11dfa2cfc32d,b840d136-067e-4b72-b16e-8645092385fe,6444542.948747142,2026-04-20 03:04:37
bd1a2704-8801-46fc-895f-6d43bb5e14d6,4ec77371-a4b6-4cfa-8a61-9e64caf0f442,7328988.04104611,2026-04-02 11:31:09
88f4ca54-1584-484b-acdc-1cc03fa60025,5674b9e2-0e59-45aa-96db-638a097ba119,1957651.343687643,2026-08-13 01:44:33
a2070bf3-2507-48f2-ba0e-bd5620451dbd,85eb2b3f-aad5-4fb8-a762-b59cce9e5929,8830321.67284372,2026-04-19 20:30:51
586b3c22-4652-4e16-a489-149f6e5c9ae7,ecc0baa6-3ba4-42ba-9450-0024bdb58d06,8010288.370923056,2026-03-14 05:16:46
eb34d8de-3e7d-423e-9e03-83d4b061c6ff,9e4da214-eb03-4c4e-a83c-dff978a1d988,2135617.7471439173,2026-04-16 21:08:28
1397df7e-0a67-4292-b55a-fc3d91ae757c,e797f3ae-0cca-4c05-a1f6-19ed2c1882c9,7432156.41,2026-08-28 05:40:51
9bfe970a-2591-4ffa-89cd-33a65f6f83c5,105f86aa-974e-4f83-95d9-a3852bb24cbc,8187369.9184336215,2026-08-30 21:26:32
61c50cc8-19e3-4dbe-a1cd-2b70cffe7547,1027fbf7-3877-40f0-9d99-d4c5cc96bf43,6577022.972287178,2026-06-14 21:07:33
56784633-1429-4f31-b9b3-c0eefaf2be80,937292e6-af20-4a9d-b9d1-85071eece891,3530615.593217311,2026-08-07 06:06:44
6696dea0-6c2a-4b89-8d4e-f3fabfcff645,102f4f5c-55e3-4295-ac67-10bd97d46f61,6837696.968758305,2026-04-06 03:17:55
d63c04c0-144b-48bc-a207-6595be209925,a1d78199-d8ed-4649-8a82-673019977e2e,257054.01329537877,2026-07-17 23:04:22
310f8eb5-cb2c-4e21-9dce-0e8cf714bab7,2dee003e-01d9-4e96-81a0-204714aa3ca3,9780203.65,2026-08-07 09:43:27
3e668eb8-cb31-4618-9aaf-b63a8a063bf5,734eab10-85e9-454f-855c-f668a3cb9e18,624464.106792325,2026-08-24 00:48:13
3717f44b-7911-4e22-92c6-26305fcdf4b8,9caf4bfe-7ff8-42c6-b79a-566b2e1482be,4965321.966958748,2026-07-09 13:20:01
c73f41d2-b059-4815-bf32-dbc546586cb2,3c52d68a-8ec6-4be5-812b-809e6b358d15,1575029.403021024,2026-08-30 06:22:30
0bb5c276-abe3-47f3-8066-703846dfe43f,fc9dc0d0-c2d9-4cc9-9cdb-f14e5ca59057,3390201.906555895,2026-05-14 04:04:39
ad9f0e53-2e67-4517-a8e5-2412660f475f,cbeed3e3-1cd8-49e2-b197-91670d95ee72,7743566.329604259,2026-07-28 23:04:37
3506e337-683d-41a9-814b-069c45ce5149,aabc25fa-3fe1-4e47-ae9b-ec3635c7936c,6661347.397584914,2026-08-30 18:45:47
a83f18e2-6a11-415a-8834-777604cac3d1,4cc9f5f2-e42e-4037-8a55-2ea08acbbe09,2884821.463428853,2026-05-29 21:06:14
76628c4e-445d-4a87-8657-3d382138681b,3a78b64a-1d86-40cb-b908-00f3ac93281a,200950.47263672628,2026-07-16 05:21:23
a285f766-f9d4-4d34-8a4e-5cc5995d455b,9d2cd944-6690-4951-bc04-ca7aee415f16,935164.874478184,2026-04-13 21:58:22
398e1dc0-38a8-4b55-98de-abfe5172e4f0,f0bbac67-aa38-40a1-aba2-5efe311c6eb6,2888632.4957894483,2026-08-29 22:21:25
38973d15-5319-4080-b581-94e004a06d55,47294739-614f-43d7-99db-3ad0ddd1dfb2,2678575.4984327084,2026-07-08 19:20:49
ba68f429-49af-4000-9c83-cfae10501d65,56ab087a-8bc7-4e81-9a30-45280b599562,7705715.644641698,2026-07-10 04:53:28
75ecc661-d3b4-41d1-9bfc-24bdb647d58d,ef4c5119-8da5-439b-82c2-17970426fcc9,4849655.0389214,2026-07-08 10:49:40
98610b0b-a280-460f-abb7-3dac96818aed,727716ec-59fe-4bbc-b1a3-fad2b0946d2a,5772594.876773723,2026-08-29 10:20:58
79c11c4a-6398-47e5-8a9c-fc8d5429179b,bd472885-13f0-433f-ab6b-3f08a9a0f4ef,7977129.375141768,2026-03-10 08:54:56
57cb9e5b-0337-4b0b-8ec2-9e07ee0c2303,479d0cda-f396-4a37-b065-c817687a4850,7336027.3616482,2026-07-14 21:16:38
d297cb66-58ab-466f-91d4-1c6a57314c46,d8842354-7613-4f44-ba88-f16259f8068e,9406079.112522345,2026-07-14 20:14:46
dab712f6-7642-41c3-a6da-f6d171c316be,b47a1c5b-b0b3-4015-b510-2852b4746349,9143118.696803996,2026-05-12 15:20:15
8840e78a-35ec-4514-bfbc-cd75be1924aa,3bf2025f-4a0d-4b73-be54-ee4b80ff5173,5277714.819407385,2026-08-16 10:18:11
63db0dea-ac48-4eaf-ab85-ffb7b29e2126,3f2086c2-f1b8-4d65-806f-64d65c72aebd,3233934.2827377077,2026-07-09 19:59:35
a923895d-0842-4e20-a726-f5b4417511f4,a34db7c5-760d-4bbb-bb70-b3a124a35cf2,155386.7104295112,2026-07-11 03:21:44
141fb001-f7bc-4c14-9241-9671da2fc99b,d4dd1b56-4353-41b2-8728-50c13322c68b,6701590.979055836,2026-07-12 10:06:48
fc257ff1-8fb3-4b07-bc8d-c9d0a1a262d0,1cbb304b-2ccd-42af-8d64-bb63866cfb2b,3336730.8896499933,2026-08-17 06:39:58
bf7da45e-3522-4344-9545-847858658721,24435958-eacf-43a9-b466-fab6962c04dd,5981024.922669174,2026-06-29 06:26:34
4dd516c8-5e83-44da-8793-5334fc20594e,8de7ad6c-9490-47c2-b674-456f626d719d,673910.0579896589,2026-06-28 14:23:34
7395734b-50b9-4f30-8038-32d04ab4ea29,2408a6dc-1346-41a9-b680-2cdb77e490c7,6511585.561409969,2026-08-15 12:21:35
27e9184f-0791-4b35-b7a6-3918acac1f3b,3f6eed9d-23cb-4943-8a84-000350834fef,9141164.777400786,2026-08-30 10:27:51
9fcfd711-2aaf-4966-95be-6c8a9ff7007b,b0cad2eb-0fe1-421a-96e1-ba00257c54bc,8899439.894328458,2026-07-10 07:50:11
6a5731f7-6e78-4d59-909c-ca675a042fb0,2540fbfe-e12f-46cd-96ea-f269514e1353,6789299.908466182,2026-08-29 10:01:10
c05afd94-05fe-46de-83d3-1e5cfeee7138,92779574-c457-4cc3-b5f7-89bca6b07458,8256720.6101747155,2026-08-26 12:01:01
be7a3168-8e72-417c-88ac-dcf8f92dedcd,c78f07cf-170f-487b-b30e-e4fe262e5559,1665706.3211590296,2026-04-25 09:09:17
6012a24e-3c16-4418-bd5b-af207da23e1b,f3981e9e-7cb8-42a0-94a1-eab0b9c037aa,3878862.9052611766,2026-02-24 19:33:13
60e0b673-21b6-4b84-899f-ad03ebd23573,14780c9d-d503-4b43-a3c7-ca9aedabddab,5929564.746605686,2026-08-10 08:20:08
1f9d4db1-d983-4adf-b2e5-cecf9b6c5494,fabb6609-7de1-4a85-91c4-194a70c98336,2909032.9297514036,2026-07-21 05:39:43
3618187c-37e2-4c86-a54f-da3118d3ab67,2b0fbe44-49e6-4c22-89a0-b7eb398f569b,8140803.66618611,2026-08-14 13:16:32
4a12c64f-921c-4875-9c52-6dd1fdfc4a9d,,11806.0,2026-03-03 19:04:57
bc059dfb-fc00-414b-870b-db6ec451e562,,26387.0,2026-08-02 15:01:38
37bea260-c053-4253-9a1e-490d6894844f,,27505.0,2026-08-21 17:24:04
5cf90400-c53f-477f-91c4-6d6e4764a956,,41405.0,2026-02-11 00:37:29
f5d23fc6-afd5-4018-a27f-7dc7aa0b46ea,,41592.0,2026-05-04 09:52:42
64657945-8852-487c-891e-daa2809709fa,,14852.0,2026-06-06 21:14:08
4949ded7-76c3-4071-81bf-7df87ead63bc,,29555.0,2026-03-02 23:02:45
6669f679-2d78-404b-9f93-55acec8566f0,,19001.0,2026-01-02 07:06:23
c34fb3a9-5584-4e58-9472-1e33885cc793,,30510.0,2026-03-08 21:40:44
6223733d-192b-43bc-a843-8f65aef0244b,,38121.0,2026-06-12 08:58:24
305a1bef-6909-43c4-ab13-b71df96846e7,,41808.0,2026-01-12 06:40:54
9c15b25e-2379-450a-b964-afe69e6ea7d7,,40727.0,2026-07-15 11:40:00
9211d6cc-997d-4ca9-949c-0766ffb88ef4,,48082.0,2026-06-08 18:03:41
9c1cac23-5334-47f7-85d8-6c95f20b9199,,16480.0,2026-03-06 15:30:32
af326af5-78cf-436a-a020-72d991be0c2a,,6061.0,2026-05-24 19:24:29
