bank_statement_id,settlement_id,bank_amount,settlement_amount,status
568a220d-0843-480a-87ac-a3fea73a366e,2d5c1a61-6302-4daa-9ba3-a49c99ef827f,956205.312929262,956205.312929262,MATCH
dbc3f559-8390-4d94-8713-b81fc2f86229,78b3842a-7c2c-4791-b6bf-faa971fcf2e6,1895507.580142908,1895507.580142908,MATCH
6bc152ad-c44b-44e8-b51e-2df306c3998e,eba18fa8-1f19-485b-8d33-0569889cd33d,660198.8049499705,660198.8049499705,MATCH
7a8e5e5c-a444-4040-8663-3755a5b01639,c075e119-441d-4e33-8fa1-659f026f05f6,2918621.058635701,2918621.058635701,MATCH
f5a02c0a-5021-43fc-bff3-e8188babb414,018c0313-a139-4d49-b13e-90352efcd60c,6492128.311223056,6492128.311223056,MATCH
a0d44d24-4d07-4581-a79f-5df0da2d6df9,6bf843df-96f1-4d54-88a6-a0052463463c,3560890.347256662,3560890.347256662,MATCH
072915c7-25ee-4dfd-acc1-da4dd0411dec,93acceb8-8ab5-4799-9e63-638cf485e944,7919637.294533996,7919637.294533996,MATCH
650495b5-9232-48bf-9668-85304bbb2e9a,250487e4-ada5-47e3-a85d-81db9620ed14,8830102.364938533,8830102.364938533,MATCH
f44f5031-a82d-4879-87cc-4d1c7bf6b2ad,b2da61f7-64bf-476d-9874-ed7d9190c53f,9306118.521147486,9306118.521147486,MATCH
a012c6c2-c790-484c-b4c9-93ae8938279c,abe05b22-13dc-4154-ab1f-c2ab640eb68e,3730505.6257325537,3730505.6257325537,MATCH
12aebb0e-da94-4cdf-a637-3dc791f448bb,5193412d-6906-4118-af75-a3b2d8186112,7561085.65720996,7561085.65720996,MATCH
243a7f53-2a7b-4a7c-a674-dd6b9055e085,7b64665c-cb26-4809-b429-73f5d1d18e0b,5517004.170860487,5517004.170860487,MATCH
6dd9a879-93ee-46ee-ae93-a4d0cd24120c,1e0aaf12-9136-44ad-b27e-8ce72b8d2c49,854663.1698042977,854663.1698042977,MATCH
aeee2302-23a1-4fdd-9402-c7becdebdd3c,bca2c581-928b-4e4b-8c47-2ded72e06bb4,9632359.99424954,9632359.99424954,MATCH
4b11c181-2dc1-4143-8469-8c048af190cb,35b80aae-82b6-4c8e-89c8-18d79b2e18c0,7394361.092373287,7394361.092373287,MATCH
63fff4b5-866a-4c09-b4cb-22f4e70d8d07,6a394607-2e35-45c8-afe0-5fa257076494,2475856.2827201257,2475856.2827201257,MATCH
17c50a7c-6f76-4a77-8d4b-cdb2361352a0,1ddb4f15-1eb8-4863-82f8-60445e08e249,8687512.011375442,8687512.011375442,MATCH
f0eb453e-d67d-490d-9795-70bebf3025c3,b3126a11-db6a-47db-a888-e7affca39bae,7819948.573509226,7819948.573509226,MATCH
e14110b6-9a92-4655-a72c-74820002572a,59410ea3-8c2b-478e-9f50-e1aa0088b13a,5964974.797228096,5964974.797228096,MATCH
e0218caf-ba73-4a4e-86c7-1c162cfcbb3f,ab8e77a1-28e6-4130-ad23-8ed17f5d21f2,6216503.385334366,6216503.385334366,MATCH
88f4ca54-1584-484b-acdc-1cc03fa60025,470367f7-5beb-41c7-977f-199a374e6538,2149809.979805516,2149809.979805516,MATCH
bbcaa210-2fe6-4a89-9059-b5947c08a960,937d6fb1-7673-4597-b5cf-f7557daf76e7,9561562.678849276,9561562.678849276,MATCH
ff169376-57a9-41b3-9139-94a1108134dc,6c097204-6fa6-481c-bdc5-62858f50b11f,5245290.821768261,5245290.821768261,MATCH
9c4e1662-0068-4d9c-92bf-bc31805f6a69,fdbcebdb-b119-479c-869e-17c960185b17,1926069.5459006096,1926069.5459006096,MATCH
02ac1c61-c9ea-45b9-ab59-97f2c447ee3f,723fd85a-e57b-484d-ab05-82e077806788,5192514.348247293,5192514.348247293,MATCH
64ea1dd3-d147-40bf-ad7f-fe23e29ff19c,a391ffdb-8794-4c7e-8aaa-7f994a34041e,2261455.6672147107,2261455.6672147107,MATCH
999921ec-9d2f-4e76-beb2-d1727be19731,7dc42f12-fe9b-40e1-bca3-765350c76baa,3625455.614760365,3625455.614760365,MATCH
b44aad77-b20c-4a3f-bee8-acf10b3e2b6e,fcd49681-ca09-4b17-951b-2503aa528f85,2963696.0344537427,2963696.0344537427,MATCH
fa1b1bac-fe49-45a4-912a-0ef57872420e,0111fa05-308b-4146-aa87-9f65279c058a,6157540.069403037,6157540.069403037,MATCH
4b25c483-7bae-4f3b-8c96-edc24a41aed8,173a0c96-ffbb-4bcc-a5cb-bf6f3d333164,8718825.028310763,8718825.028310763,MATCH
071592d9-7616-4503-a906-b588f62162ab,14fa7d50-697c-4d7d-9414-7d036cfa28cf,4296522.30622557,4296522.30622557,MATCH
6c7a0c9d-7237-44ba-a202-f0226ef7ffc3,ad49e072-7f84-4004-84ac-41b53f042c7b,651760.3326721548,651760.3326721548,MATCH
3867f62d-da3b-4e8e-8dac-49f64242fc5c,23bab528-6a08-4aa0-a57c-5c02ba85e403,4957798.973956228,4957798.973956228,MATCH
5b182716-b9c6-426b-a401-118dc078bc3e,97289c5e-0734-4403-8fb9-7b5d520b28f6,8317824.450970363,8317824.450970363,MATCH
4d59f68e-05ff-42f2-be54-eceb8329bd1a,6379064f-b241-495b-a180-f402fb3e127f,4129029.153123952,4129029.153123952,MATCH
9cc41ca3-d58c-449e-97e0-d57bb3ab800b,e70af828-26a4-4bef-a437-199cec2a322b,4411363.921502175,4411363.921502175,MATCH
ae98b722-cf97-4016-a560-c77558cfd966,1c8390ba-1672-480e-8a7d-6fa11d9ddb86,882636.7755445394,882636.7755445394,MATCH
c93a7471-ce9d-4f4e-87af-fa24b9ef9fa8,18643b6a-12b3-45eb-8198-002998e1d54c,1013962.227004318,1013962.227004318,MATCH
b2a12a55-51a0-4d7c-847d-30b8e49a3cd9,d51fde3f-573e-4c3a-b574-175b3d051bf4,6360129.204539059,6360129.204539059,MATCH
c6299ca6-6d07-4774-abc5-bcd41b9c67e0,0d74fc38-bc58-42ec-b34d-e663399e4d08,880068.6390039196,880068.6390039196,MATCH
a46ee99e-ae4e-489f-9659-d69f4ecad266,f1b7bd1e-c0d5-4828-aba1-7f78362e17d4,3312114.7761756578,3312114.7761756578,MATCH
bdc4d680-b3c9-4502-b66f-42687c7dd490,22ed1e25-45d0-4382-a8cb-b7ca33b5a667,6976967.633900284,6976967.633900284,MATCH
40e7ca76-7c8a-437a-a9d5-240141e1008c,ded89c47-bb88-454e-bf96-8d71818270d2,3587494.03215157,3587494.03215157,MATCH
914ba9bb-60f9-4495-a486-07c22059ad46,3a4fece7-537d-46c6-9c31-aaf3c76aec88,4381848.854700338,4381848.854700338,MATCH
6bf7d125-a571-4542-a485-a11892ee4820,aa5f89ca-5bea-430d-a19c-00cb9a7fde23,522982.8958854098,522982.8958854098,MATCH
4312153d-484f-4f7c-a44f-52f41b696031,5ef361c2-abd7-43f1-a50a-d9aafa3f012e,1833789.6616353856,1833789.6616353856,MATCH
17e1e8f6-a03e-4003-a29c-b897142925a0,b020321b-e90f-4137-95be-bdd097b027ce,6499677.05335175,6499677.05335175,MATCH
4a8e9dd2-6067-4824-b8ad-b1829381ebb3,7b6ce596-aa97-435d-99ff-74ebfa5f9e72,9115810.938981991,9115810.938981991,MATCH
ade03e6c-2bb4-4408-93b4-c4f6e19a17f6,ab636d66-9ab2-4735-83f0-6e7ddfaa8505,4527488.4801716525,4527488.4801716525,MATCH
1c8d23b4-4dea-4200-9593-83cf5d13a906,b506c24d-8fff-49f7-b485-0fcd2f3b2b18,7654480.030229518,7654480.030229518,MATCH
b5786277-761c-4a2b-9263-f8e03c5969c6,f42323d9-11ea-4815-bddc-44f5deaf9631,5009010.618695315,5009010.618695315,MATCH
362387b4-9be9-4c86-9b32-06f006897b1c,cb7e717c-217b-429e-ac95-73e9e1fa2466,6119746.1149265785,6119746.1149265785,MATCH
b5e9489c-a331-44b0-b181-38900e592949,66dce997-b2c4-44a4-9edb-cef974f8a913,8976567.91422129,8976567.91422129,MATCH
b436e8fb-b21e-4fab-b649-09e81e032a65,ac0e7307-7ddc-4af6-ac95-adb1ffac54fd,7084482.334344834,7084482.334344834,MATCH
02088c91-8f90-4d9d-923c-7585b32281f3,76658707-5d41-4ac5-b35d-ab4685b375aa,5514784.480904167,5514784.480904167,MATCH
6e4f8ea3-f0ad-46f7-9b1f-b4d49f9bc7bd,9291e493-528a-44f3-a3ea-c0a19202b09c,2515981.369159691,2515981.369159691,MATCH
4dfa6a17-1999-4b39-980a-7e01c67736bc,5c94563a-e936-4d1b-b494-3114def14d58,2199226.573227197,2199226.573227197,MATCH
f5687574-13ca-4eb6-b486-a2511414f827,3f46a43a-53e2-4047-a608-7b53ca226cfe,1624142.695938406,1624142.695938406,MATCH
9347f486-2a44-4a88-97f8-5f5bf1e2cce7,9a87e357-4b8f-4475-a2eb-b2d2384852b6,8046685.961636853,8046685.961636853,MATCH
ec20d201-6b88-4cd0-b92b-7b46c17d049c,722be4aa-6820-4025-9178-8bdd4dfb1b6e,1471911.8010170122,1471911.8010170122,MATCH
4efa8dc3-0bae-4fc1-918a-d3caa2e25753,9b639a38-049f-4b5f-96a7-aa062babba12,8913974.368560703,8913974.368560703,MATCH
930e7347-ff70-4baa-80e5-1b3d90be35ee,df73321d-47b2-424d-8bad-3916a1243bea,3843496.529561406,3843496.529561406,MATCH
9b622c0a-5398-4922-8652-62a224a0db6e,610114f4-2322-4464-ad6d-84efd4d9a0ae,6410538.207846736,6410538.207846736,MATCH
531b1e76-725f-475a-847c-1fe56ac475a5,3cb29bf1-0b73-4a1c-91dc-01e5a9a14475,1936441.793921815,1936441.793921815,MATCH
29a3e5f6-984a-4463-8d81-42152d490058,eb25d7e7-e073-4c70-ac20-2d89b7a69c32,1937358.1973661927,1937358.1973661927,MATCH
a52680b3-e8bc-4007-b47c-76903ec8f48e,c0ac430a-9948-4f82-9831-b802c3c2aee6,8042332.237846364,8042332.237846364,MATCH
6ef1d60c-09d1-411f-acbb-1aace46bf89a,798b2f02-aa2f-49d1-b5ad-09f5d161a381,1977858.3633814887,1977858.3633814887,MATCH
93b1ee1d-a1a6-4f32-9e4d-acd68116fd6c,61cf91fb-7e81-4dfa-bf16-e3e949b7e037,610293.9010101964,610293.9010101964,MATCH
c58536b7-cf6d-4a9d-a72d-0bf4c84d16c0,5804550b-6c0c-42f9-8dfa-be46dbd3e865,4732222.975282171,4732222.975282171,MATCH
6e43b319-f929-4271-b220-58f9bdb2fd9e,6bf5fc98-8797-4916-80e5-d883c0d2201b,1195061.1652261715,1195061.1652261715,MATCH
8573b517-cb50-4544-b481-acdeeeafab56,4f70b88b-f06c-49d9-9339-304b9a8cb3d7,8867557.981949726,8867557.981949726,MATCH
a942b4d7-bd2d-4fff-be85-544c3e859c67,f23d9820-977e-4877-ad6f-4ee3e44e7cd1,886498.1407186307,886498.1407186307,MATCH
b46499f4-3163-4274-b0c0-41a9d141b9e4,f1aa9ba0-f838-41c5-8a32-1d2ae55ec749,3952431.6767780855,3952431.6767780855,MATCH
d44260d2-5f11-4839-9203-7fc25366e938,05808066-322c-4dae-adb4-e4283ef7839f,1447055.4991121846,1447055.4991121846,MATCH
aed0cbcf-c630-4536-b677-9a11e403999b,b0dc75fb-199d-4089-bd05-121cceee7d65,7233362.545314804,7233362.545314804,MATCH
182047f7-00cb-4caa-bbdf-b57449b8f7ba,5b673a25-42c4-4041-a183-10035bd972c7,1236066.5244694776,1236066.5244694776,MATCH
96a0c726-a886-49fc-a0be-b85d9053317b,cbebb43f-ef15-4821-ade6-bf3ccc2a261d,9383439.159301952,9383439.159301952,MATCH
b39a442b-0d92-4c7e-b78a-2037bd46ebd5,85d4bf0f-0a4f-4e3b-8a22-9ba5925f2cc6,2880495.6865710444,2880495.6865710444,MATCH
080cfaaa-42c6-4c42-b7ba-69f137df8dfb,4f908490-006e-4070-bca6-a6b093b0d27e,3795629.04481581,3795629.04481581,MATCH
86faaa83-3651-4c93-9a0f-b0b8489af195,a5accd5a-48f1-4eed-a703-7089c78cd2c3,2926521.96922469,2926521.96922469,MATCH
3f936724-21d6-4c73-8b32-8c23ef470a44,034d42fd-24ca-4bcb-92c4-c2865a0461c9,612254.099635855,612254.099635855,MATCH
e958c430-d21c-4643-88c0-8457464aea48,299094c0-90cb-4982-aea0-0af96283f50f,136498.38690322405,136498.38690322405,MATCH
2f1d80ea-fb91-4b90-bbd5-0aeb679111dd,c30f3c69-21ff-4f72-9b0f-caa7d56c478f,4872075.533785556,4872075.533785556,MATCH
e037e953-6d2d-4cb9-a452-b5591246d2a5,19e79a3d-e920-4a24-8304-93f0d7c713b7,3741159.408326515,3741159.408326515,MATCH
5887f3d2-c0f1-4a3a-9133-577b46510173,1397a29f-8d0d-46f6-8c37-eb80918b8e18,4906058.216058189,4906058.216058189,MATCH
655fdaa5-756e-4fd6-989a-2b88cd2e6c8b,64ce4589-8c4a-42ba-9b33-5860b37bdb99,5803144.467020179,5803144.467020179,MATCH
076a16e7-3c1f-49aa-afed-c6c3697905ea,db13f2ec-663b-4427-bef7-110a57f9f3a7,4101394.853960877,4101394.853960877,MATCH
35f5afea-80d2-457b-9c6b-f2c8db184d46,7dd12d57-0b84-4c50-96c1-b18366dc3989,736401.0744201528,736401.0744201528,MATCH
db29920a-c886-47c6-a4c7-55b00490eb68,ad2b2c82-76a9-40f1-b928-5706577c9717,4876400.441472518,4876400.441472518,MATCH
222ec711-ef6d-4b4b-8356-dee2517fd316,2dfc6b9c-794f-4bef-b962-77e55b078b11,4547404.321044164,4547404.321044164,MATCH
64315fc2-6946-4f3f-914f-6fd9accc1507,761b7e11-7c19-4e61-b6d8-cbc7bfa93b6e,3800139.4960511927,3800139.4960511927,MATCH
195c663b-9b82-4430-8563-cafe8d31df34,0b16dac4-7401-4bb3-8227-0738e3dc419d,1322982.33491151,1322982.33491151,MATCH
c9257285-2bc8-406f-b4a9-1b867ec391ef,7e64c44f-fe67-4797-b16c-084e6a7df379,2069597.5366419544,2069597.5366419544,MATCH
fe65b782-57c2-4cfd-b9d5-9f7f1e014975,e48623dd-6f8e-4978-9021-71bd8458526b,5729634.370100902,5729634.370100902,MATCH
a10db956-0634-4af6-9505-06dd16054b9e,82a4e22e-d737-4450-95cc-fda236770e04,328308.4547676136,328308.4547676136,MATCH
85a0daf6-d6b1-4a8c-8fcf-9f895ae0bb5a,bfacc63e-44de-450f-a488-dee3d0713f73,6131744.163719891,6131744.163719891,MATCH
202f00a8-db75-4ada-951f-6de1f17daa26,cc876b1c-a987-499b-bd4c-938cd76ac5a8,9561995.996797385,9561995.996797385,MATCH
6cfad76f-4098-4d5c-9e8a-35cbafb719ba,b1f22be5-7d8d-492b-93ba-f4a323cd8a44,3090502.487700354,3090502.487700354,MATCH
d8868de4-d585-4f0b-ab69-1bd21533fe82,19a53942-ce67-4962-948b-9bb7df8200b8,1521641.5907767268,1521641.5907767268,MATCH
d4db5496-31bc-49e6-a420-b22acae9250b,b668705d-1a10-448c-bd8f-b938fbac9ade,1773771.033513944,1773771.033513944,MATCH
ae742530-ceb6-4fdc-b734-a78de2682c9f,566c93cc-1d4d-4db1-8e0e-be2ede72d970,5435341.305522651,5435341.305522651,MATCH
bd92232a-4fbb-431a-a96f-90744084a290,57bd0ca8-54ce-40ea-bb9d-92c0d8d0b8db,2760059.6804736285,2760059.6804736285,MATCH
5ac92db2-eed4-4005-b922-2d87083a1c27,97ae50f0-8a39-468b-8bed-e473e3ebf7c1,1538281.4263364845,1538281.4263364845,MATCH
afe9c3dc-aad2-4db6-a4a3-5a102674d1ff,0b147f1f-40c5-4cf6-a895-60411e71afa9,8322611.133472585,8322611.133472585,MATCH
9167adea-f8f1-466b-b395-1a4532ce6a3d,793228b9-ad8a-44bc-ac24-dcaa566082e1,2046828.3274825225,2046828.3274825225,MATCH
08a5ad03-3f4f-4031-b025-5b9dc5bcc4cd,6d899035-f05d-45c7-a522-e8b98aad0665,7321117.8806165345,7321117.8806165345,MATCH
eb4d6df5-420f-49a8-945b-4e9bb61ec0ed,d48f5ba3-0d87-4c72-bce0-5a63197f9b8d,1341738.665575462,1341738.665575462,MATCH
97e1bc36-c520-450f-a0ff-349802f4298f,43054a31-f9e3-4905-8a4a-15ea075dacd4,4452577.138578588,4452577.138578588,MATCH
eadeae69-1bbc-4748-bb55-cfa32e266519,07179ef3-3121-4863-a663-ed111d122ccf,5589180.859330887,5589180.859330887,MATCH
35edff38-9197-407c-89b7-02ed27dc3b65,393aa0a9-3bbd-480c-8ef6-6a146fdcc21b,7249828.954759263,7249828.954759263,MATCH
75f321cb-c59d-44aa-b5ed-7ce82ddf2675,35b1773c-6d56-4fd5-b9ab-301887f3c9a4,2414109.8084689174,2414109.8084689174,MATCH
cefd1224-736c-467e-a886-818ea2307350,df266424-7fcc-4456-a0bc-2fa0fa801062,7687693.299029635,7687693.299029635,MATCH
8d8e352b-3732-4d15-a9d4-45f354dd528c,ab404598-ae11-43c2-b130-dc8fd20e0734,1674123.2396923432,1674123.2396923432,MATCH
9a0bd63d-69f8-41b0-b90c-9f84b184071c,19437791-b9b0-4ec4-b93c-8859011bb348,6012227.048051236,6012227.048051236,MATCH
ccb1dc1e-47db-46a2-83e3-0f78e85fda55,9a73cd2f-4f05-495e-b832-b59c25bc99ae,6215064.945343321,6215064.945343321,MATCH
2d3e854b-4799-404b-b719-25aebb0084fa,e4871ab3-aa79-4de7-a760-49771fca0f16,655692.5974100125,655692.5974100125,MATCH
86e5edf4-6bfd-4189-b705-10f894ba0d7c,c2ebbaa2-1ce3-40ed-a857-07ac3a40fe39,9764274.38828098,9764274.38828098,MATCH
88c982ec-b3dd-4cfb-accb-6ae1b6d331ca,9457f388-6f2a-4c8a-93c9-aacb3f71e1ae,1541162.50130364,1541162.50130364,MATCH
bb0c686a-1a5c-4752-a705-1d9697b732b3,7a4c38ef-3e0a-466d-bf2d-bf97bc547d54,8640648.056048889,8640648.056048889,MATCH
2d98f251-b5c1-4027-b563-559e9c78bade,3fc74cb8-6a40-45cc-acd5-1392d98f5e83,4447103.751002868,4447103.751002868,MATCH
05df9333-de36-492f-b624-65c10dd8063b,a84d5f25-abf2-4369-9d0a-06d3e592ee7c,5190195.183703774,5190195.183703774,MATCH
47b885fa-78d8-4dd6-890a-886c36442939,0a88e6ca-1dee-4b6d-bce7-5d1e2947fd26,6580152.523963696,6580152.523963696,MATCH
4824faf3-f4b2-4643-b4da-fcc81a0b6310,fb29ff36-2155-4ba8-b5b8-23e420168e6d,8238540.184183913,8238540.184183913,MATCH
8adf1e46-d403-4d02-9a2a-83bd5a0ae917,462741ec-08ac-484f-8a10-b49968028b3b,7814668.656002927,7814668.656002927,MATCH
3864bf75-dbd7-44b4-aa44-0cc9e5cbbf13,cedcf5bf-6e94-44ab-badf-14580722ab3c,4316215.730637379,4316215.730637379,MATCH
12ea7890-1397-4770-95bd-18badcaaf6a5,757256f6-3677-45b4-a3a1-bcaa03113626,849041.7875370372,849041.7875370372,MATCH
0e4d364e-397e-4bfb-93ec-214935f2e254,2de66d5b-5e10-43a0-addb-8943f067ad82,9025360.928536717,9025360.928536717,MATCH
27ce46ce-b695-42bf-8379-05edafc8d769,536016e7-e5fb-41c0-ad46-3549bf4113cb,5223831.825172877,5223831.825172877,MATCH
5acd1e90-6fd1-434e-b25a-4809f730e52e,688b4cfb-7081-45fd-8648-bbe8f84ce7a9,5189325.044016493,5189325.044016493,MATCH
ce65050b-7705-4c84-9b3f-0866d59042df,6f041c76-b3e6-422d-a504-4925fffcff63,3199934.1175775845,3199934.1175775845,MATCH
bac3d057-2eb8-4221-972f-0d9beb02c661,164b85f0-cbfc-421c-bf78-042820bb859a,4604200.716679156,4604200.716679156,MATCH
c96782fb-c417-4ebd-820c-be742e07a11f,a3863cd1-00f2-4a96-ab82-1435382afbde,8713469.033436393,8713469.033436393,MATCH
11c7beb2-042a-4bd7-a510-04b8565f2ea8,20b6d43c-fbf3-4106-a60b-13e04ce6929f,5387985.759417829,5387985.759417829,MATCH
d3511e95-0c3e-4d5c-b959-0149077f6e36,2df721e0-767f-4c15-a95d-3271bd9277a4,9206298.94977522,9206298.94977522,MATCH
41c17233-bf2c-4fd1-b34a-b83d2f160f3d,6f023006-c9ac-476c-be11-230e50fcfdaa,3398584.14993219,3398584.14993219,MATCH
14ce6f0f-75d9-404d-9fe1-2b57a3506764,3dabba61-8a69-4650-a9a2-e9cd7b6f65df,4927198.329223621,4927198.329223621,MATCH
ff82bf84-3e86-4c14-a3f2-df80a7bbc612,067ec672-cec3-46f4-9262-c536e14e21f7,2743626.552249717,2743626.552249717,MATCH
a7b4f9c8-31b5-4fb0-9a42-698bfbc053a8,c05e5ade-b303-4188-b378-cb94478b2f00,8757480.051961953,8757480.051961953,MATCH
d655005d-ce52-4176-966e-46aefed01fca,b1f94a09-7408-4646-93a7-1719bcdf8302,2294372.162053886,2294372.162053886,MATCH
9b4dbb90-a197-439c-913a-2b6ca8dfe59a,9ce91544-4362-462d-a07e-e721e71d6ba3,6158416.884094002,6158416.884094002,MATCH
cb170945-be88-48e4-943d-bd6ccdbb6c1f,283379b8-641f-49aa-a92e-33b9e8e977f0,4094444.4703137446,4094444.4703137446,MATCH
2ab18038-03f8-4c7b-b43d-e03ae05c1fb9,136d6cce-a535-49d7-83ff-fdea3bd9b015,7226101.63889676,7226101.63889676,MATCH
0d527b89-3c8b-466c-af37-4e8cc4735700,75373d14-e24c-424b-a453-c4c23037f0b7,2037515.873698915,2037515.873698915,MATCH
085acd62-ce4d-49f3-94cb-b94e80dc4cf9,1c5f3cba-150d-48eb-9368-3dd65050127e,7739529.45808814,7739529.45808814,MATCH
8efadaa1-5a5e-47eb-9532-0177b61d170a,302f420e-f874-45ca-b22f-2e9104110e35,6610736.90502487,6610736.90502487,MATCH
1691c83a-7687-453e-ae26-5c9590f1c7ee,812fdd98-b777-4609-9b57-6a7fc8ecb641,9479456.824831152,9479456.824831152,MATCH
9d6ba3b5-cda8-48b5-adf6-cca41761f1ce,f9619ae2-960e-4c1a-b4c0-fd1865cd7fd1,2290763.1888920376,2290763.1888920376,MATCH
a740a142-5cbf-4ee6-aa25-8d831391d18a,6559b365-3c00-40f0-9cf8-987873bb84e5,173432.38974052563,173432.38974052563,MATCH
a911fd6d-0d58-4ee2-8023-1f700a77b5cc,cb618d75-aa96-4dfb-a79b-265ab15f3994,3628333.3761047767,3628333.3761047767,MATCH
8d40aeb2-aed6-40cc-837f-5347ab402561,58065bae-fa5f-4fdb-9123-39faaa61b32f,6291091.224955338,6291091.224955338,MATCH
b5c43078-197d-405f-bb20-d1546ff98cf7,f2307c22-30c7-409b-b401-55bdb6ac1c8e,982175.014613688,982175.014613688,MATCH
21fae8a0-bcf4-4ed1-817e-3dc0bf5628b9,b73c62ab-fe4c-4fed-af55-2c9e1b000f9f,3141801.0685480614,3141801.0685480614,MATCH
c433b3bd-d9cc-4656-8a03-be43d4ec0595,5bc07988-21f9-49e9-b7cf-45f6f32ede3c,8848799.683197493,8848799.683197493,MATCH
fd523fad-3fbe-4e33-bae2-d4a8a4752fa7,9162f6db-b5d2-4f7f-b64d-7e7c8e49d0f9,3785475.877150387,3785475.877150387,MATCH
26c25405-a7ea-42f0-acab-d3d710116af4,61cb78c3-513f-49a9-8724-91cadc11eb13,9605434.429535324,9605434.429535324,MATCH
e9209b3a-2951-48a7-8d21-0a344a49ba1b,03ba33a0-fd42-469c-8727-59406bf36656,8089514.522502075,8089514.522502075,MATCH
3cfc7050-ecb6-47a2-be1b-e3e9bee1dc65,8a8864c7-e29d-4722-956b-212f4faa0851,8845215.13108841,8845215.13108841,MATCH
6696dea0-6c2a-4b89-8d4e-f3fabfcff645,d2524487-6b70-4287-a9fe-ba149adda7c8,9855025.609912248,9855025.609912248,MATCH
8e93abd2-b269-4b43-a6fe-47b320a0c244,aefc6ef1-c4bb-4ace-90c8-da67bec62bbe,4678775.602953234,4678775.602953234,MATCH
1271c873-24bd-41a8-91c7-bec93016cecc,a0c69223-c435-4252-b19d-d940838cc137,8352276.428616058,8352276.428616058,MATCH
f47bffba-f561-4747-82d2-2c7408ea6671,becfdded-b198-447f-8612-d4247ac067a6,2938675.403041479,2938675.403041479,MATCH
86423a80-a8c1-4f22-b8ea-904d9b6b0992,109b851a-9d69-42c9-a9db-47b9ca7ecb33,7232802.50164079,7232802.50164079,MATCH
340ce8c9-db96-4db1-bc76-86e52f4187bc,233731e0-93c0-4687-a9e7-e176a79617c4,1309757.2827677347,1309757.2827677347,MATCH
e3c443f1-6010-4b93-ab7f-0864aff54774,50326fe6-1de9-4c72-82a9-f7e5244cb9a8,6914502.706269202,6914502.706269202,MATCH
81c6af40-13d5-4c4f-9bf2-235c5987e1e6,e2a868e7-380c-4838-ac94-df5a48bad5fb,6959588.351561836,6959588.351561836,MATCH
904c01a1-434f-4133-ada6-b97447ad21dd,a1861de1-5c85-458c-9029-0d6bebe55cc4,5800217.184715903,5800217.184715903,MATCH
88e61f32-f01f-433c-bdab-0afadbc7945d,cc09de64-233e-44ac-be3f-3da02f98ad33,4731376.587966054,4731376.587966054,MATCH
e9707c9e-266a-4b90-ae28-b2f44a76a0ea,1e559419-10bc-44d3-b600-4df4e0de0676,9008269.844884276,9008269.844884276,MATCH
e98dc5f7-a9d0-4567-81e1-58aaec96af27,ebe0c8c1-ae38-4f46-87f8-6de4c227e0f2,6174250.940961149,6174250.940961149,MATCH
5e05b8b1-4e45-4736-bab4-eb77959fb841,41589d90-f504-4d15-afb1-38c2c350bf4f,1768499.9925915329,1768499.9925915329,MATCH
c8b7bcd0-d020-4ede-9fa7-0e6bbffa749e,5b48961f-1b1b-4cd7-b6ba-49183b7f1998,8559443.048749361,8559443.048749361,MATCH
301b5b4e-6293-4e8e-9189-f75077d8b428,0595c9a3-6c00-46f0-b957-595f25ee2f0f,5686237.793226031,5686237.793226031,MATCH
6257ae9c-8260-4132-802f-b24f70100d7e,584cb0f7-48de-48be-831e-ef965f71dcc4,1640148.8843316326,1640148.8843316326,MATCH
74d99fb1-9dda-4e36-8f29-21017062dff6,809bd813-4f13-423b-91f4-a72499503858,2891900.6638314063,2891900.6638314063,MATCH
0e9b65bb-a4d4-4431-ba38-f5a09ee08a70,a0733e57-ba03-41f9-90ed-01d3ef444cf5,1099555.361263065,1099555.361263065,MATCH
83d04bac-21e3-4238-92b1-178bfd6c47e3,33474b1b-8bc8-4d37-89cc-cf1a5c387c2a,8502438.176905379,8502438.176905379,MATCH
35eb0106-767f-4095-b8dc-340b4051391c,2cfaa174-ba05-4e68-8d87-b7be271dd0f1,8630020.088680182,8630020.088680182,MATCH
cbf78eb1-7d7f-4fed-bc2c-e385ab00764e,4ab946a2-89a9-4af3-a0ca-0f8ee1ef2dd3,4244773.971109983,4244773.971109983,MATCH
e03d1b30-adcd-495f-af91-a7be905c3fd9,c1ade98a-0c38-48a5-9fb2-35c45abec3fa,5344519.908813664,5344519.908813664,MATCH
5ade80d4-ebb4-4c9e-bd1e-9dd812e1725b,c523b4e9-022f-46bb-82d9-c5d7e991e6d5,1136785.0638657114,1136785.0638657114,MATCH
8b2e1eb3-b523-41f3-9e3b-c735071f1a27,3f91c419-e846-49df-b373-35549e204ac7,3042018.689619229,3042018.689619229,MATCH
bad4f3e0-3b52-4525-b230-b85b27d81ea0,047dd583-9344-4b2f-bba3-16688334e524,8036871.870135119,8036871.870135119,MATCH
931e5f89-20f5-428d-91ab-ac77292fadf7,050e1961-b363-4272-9018-1ce667c3bd9e,1808196.29517632,1808196.29517632,MATCH
988c89db-ed5c-4a4e-b589-64f51c66021e,618521ab-9ea1-4617-8129-aa0c40efa857,9835141.357655035,9835141.357655035,MATCH
e12def58-4482-4852-889a-4ca481ef8162,159b2b6b-32db-4028-8823-debeccade92e,5200444.032818276,5200444.032818276,MATCH
45e526e1-9b55-4178-8353-9b9aebeb9d98,7c35b274-7a57-472b-bc1a-8ce295ecec2c,2833786.140043028,2833786.140043028,MATCH
52db575a-79f6-43e8-ade8-1084ef29f413,a22fc331-6851-4341-8766-699f7bf2aa06,7768322.866880725,7768322.866880725,MATCH
592fcdc6-4979-4220-914b-c7719ff0287a,c12a34f4-02a1-4629-aae6-f1a14d38a8d0,4878574.024683516,4878574.024683516,MATCH
384243b4-2378-4f44-93d9-a4dd078d27e5,ed5d6510-e52a-43e6-bec5-8a891db3c075,934131.1562747512,934131.1562747512,MATCH
5f6bbc54-f392-460b-a4c5-ee2dba41348a,c249f59a-9dc9-46df-856e-3d783b8c0f84,4646865.15554884,4646865.15554884,MATCH
de94da10-205b-4db8-99da-d534be2badee,14023a93-a4c6-48ec-8bf1-60df8346452b,5384202.63179447,5384202.63179447,MATCH
9ec6c95e-e1f2-47be-b9f9-9c644684833e,2c5cce54-210c-48d9-bb9e-a9ebaac4363f,4802040.236399619,4802040.236399619,MATCH
1d5d8f65-3361-4134-b012-00ab9fa87040,bd5a6112-d1b2-4e3c-aede-2487373058be,359190.05949097924,359190.05949097924,MATCH
7eba0464-65c2-47c0-9085-449dbd9f82d7,65c65c7b-5c6e-4f5a-aab1-33bae88ffab5,3169407.64926699,3169407.64926699,MATCH
6bc822f4-6893-438a-94dd-93141e32e3e1,77b16be3-737e-452f-ad15-0b06561c9af3,9343559.195102943,9343559.195102943,MATCH
4c1e172a-15e9-4ee4-8e14-39774d126ab1,59afb1d1-3bdc-4ce0-9875-e4dad830dffe,1972900.6062604145,1972900.6062604145,MATCH
d1edc618-84da-4679-9113-b5ffd73cad84,3a8c8ed5-a06a-468a-9cac-3d21a5a8c8af,6470809.108690035,6470809.108690035,MATCH
8839c8e4-10db-4fdc-bd1f-d7c0442441ec,bfcf214e-b0d1-4df1-884f-1db9350b9f51,9279657.896958204,9279657.896958204,MATCH
a801f15e-7046-425d-bd47-4d951bd36f41,8f0ce422-a5ee-44a2-acde-531f5dce8d9b,650101.9647637609,650101.9647637609,MATCH
5def5cc2-f101-4bfe-8d7e-fc8eb68ff0dc,ef60250e-a055-41d3-8c16-ab4e97b018b0,9251296.532532616,9251296.532532616,MATCH
6d54a501-8286-4d40-8fb4-9d987aac8a0a,25f98046-0c1d-480e-9873-9636c50e5194,2524547.8579772105,2524547.8579772105,MATCH
8f7a1e43-5a1b-49db-9466-91895ca43e71,3832dfc1-350b-4860-895e-e97ca6552e7f,9653088.020841006,9653088.020841006,MATCH
80000fac-5818-48c5-a7d1-99902049a289,fa63bde0-cf0d-4f06-b177-116df2037633,3216928.4195781867,3216928.4195781867,MATCH
4f3e2a2c-ded6-4d2a-842d-5f032482e8d1,36cdf42f-892c-4b33-99af-8224d7232ce3,2271627.299210713,2271627.299210713,MATCH
c9dfaf7c-5549-4107-a9d5-00dd21408672,126301a0-641c-4619-a430-58d9c1f98e90,7132235.980953044,7132235.980953044,MATCH
d857ec60-48f7-4726-a1ae-22556f959489,42ceef41-b2cf-4a8b-a90c-42f8d30bef65,6005596.764590436,6005596.764590436,MATCH
7df6bc1d-6e49-48ac-99f1-45cc0244e4d7,6d07ee0b-4bed-423c-885f-f4d187ea651b,2217984.8715055045,2217984.8715055045,MATCH
961b9221-7a19-4807-a1d2-1319cbcb3293,59ecc846-6974-47ea-9b7c-57e8fdf02450,9237993.40593146,9237993.40593146,MATCH
9b7cd539-0ad7-477c-9bf4-1cc6af1fbe16,014cc3a1-e5f3-4466-92de-0df8e9ebd446,3147741.838888157,3147741.838888157,MATCH
5aeb5055-7d69-4580-97a8-510843b93b02,55327432-b118-4ad6-8ba8-8a28172730d8,3158906.532704744,3158906.532704744,MATCH
f2c8c25e-32f1-427c-aa8c-662d290a3d67,5209eaab-39b6-410e-82c9-6b28beb96a4a,3767764.9068509927,3767764.9068509927,MATCH
594de8d7-add7-4b0f-a90b-365143eb4ff0,569b111f-15b4-466e-91d0-12a7f19293c9,4043714.561827263,4043714.561827263,MATCH
e672abf5-0110-483e-bdd6-831bac5d7133,92051da0-e264-4336-95ad-86bcf1db9ad8,4854929.073260915,4854929.073260915,MATCH
b2908892-8bc2-446d-8e80-7f039e5f8378,71f71add-abee-45b2-90e9-15d4d50372a8,3295592.31384562,3295592.31384562,MATCH
9fb109a3-4a2f-4373-b777-c81685ef875e,be216c79-b8b7-41b0-8de8-1d1edfa0bc17,202538.8544729401,202538.8544729401,MATCH
6673d42d-c7af-45de-b3f9-2a8783726123,9423251e-bcb1-4a00-bee6-67ded93eea4d,7562209.08081036,7562209.08081036,MATCH
bd8c6f4f-8fe2-45b1-a4e7-23838429e12c,fdb37e45-4e0f-49b9-9f18-7c021e245a97,9821685.69241937,9821685.69241937,MATCH
f860b58f-bd8c-432e-ab7d-09b27d01d706,08b3c111-3eb8-42c6-a76c-269fb8f91075,540690.4850028649,540690.4850028649,MATCH
5983ce94-506a-4dd3-8b31-324f485835db,55af47da-31d1-46cb-a450-dd3c01521e60,4461960.892377324,4461960.892377324,MATCH
d11756d5-8c0d-4a8b-b448-a24723a86b61,be3eb6f7-38b5-45b9-8265-a22371cfd772,7009655.366455573,7009655.366455573,MATCH
a452f530-a717-4804-902d-32817a37f3d6,8bef4a76-8a60-4b92-9c13-7c04cf3a2f8d,9373003.275300372,9373003.275300372,MATCH
bade33a0-13a2-4a82-9458-771da27a2bda,c2a59d7b-2bd3-4971-ab10-b78675656daf,5072538.918503194,5072538.918503194,MATCH
adef5777-2e6d-47e8-9980-236855b85720,0f2c01b7-97da-44cb-8373-5f49a8e7ebe3,6781434.768460163,6781434.768460163,MATCH
e222c775-8f24-4a7e-a2e7-68d759b7463f,969b6b4b-fcce-4ef8-a41b-c4c24eccb0ab,299452.4846860501,299452.4846860501,MATCH
688928ad-2234-4eac-b8da-35594398018f,397a284f-76a4-479b-bd67-34588f2d0b17,5050736.515857996,5050736.515857996,MATCH
9e33bdbc-f00d-4a65-9fb8-4f18d7d3ce21,042a2f64-80e1-4e4d-84c6-08eb14eed987,5317344.660380397,5317344.660380397,MATCH
4251d2f0-20a8-4260-97a1-a2f67a139e90,6b47ed61-5372-4bed-946b-448297bb9fbf,527733.0769065695,527733.0769065695,MATCH
d1b51519-c44f-476a-8bd0-1f7aaccc8e70,ff2e1955-fc6b-466b-a929-15a385cd74bf,6439524.311363431,6439524.311363431,MATCH
bcc8509b-98da-4e8c-b9f7-e0046dfe8745,2dc69c90-e5df-47af-a403-c4bc14860c2d,9165882.085105788,9165882.085105788,MATCH
f2546c17-7a90-4486-8d2a-3484e3346bd8,d23525df-fbf8-41fe-b232-be7201d3a033,6605210.620337385,6605210.620337385,MATCH
a93fd7ec-8ee4-4f7f-9768-065730bdf7be,757e2b43-af51-4850-b77e-5f7a80a233e3,9486894.816885384,9486894.816885384,MATCH
4c01f701-c0d0-4553-b69f-239b578e911f,bcbb859a-9596-4725-9513-da02544c14d1,8113732.866526686,8113732.866526686,MATCH
4a74982e-56ca-4fb3-a196-2a11c90cd1d3,51071545-fc5b-44bd-85b1-49a096867676,8724225.606867285,8724225.606867285,MATCH
2c47a51f-68c4-451a-8166-356cb04fbce9,f104ad27-ee75-434e-b067-dba16d8bebc3,481686.3982005864,481686.3982005864,MATCH
c13ed0d3-823a-4b12-96ba-f0f28d5a9549,faec8f42-6411-48ec-9df0-177192e9b765,2812738.446128971,2812738.446128971,MATCH
4bf7e012-025e-4446-a63f-730d6b0bb457,65f35984-5c0d-4fcc-b8f9-60bdf37599aa,8622569.902972246,8622569.902972246,MATCH
b4f17ca9-12f7-46d1-86ec-757fac0d8818,4f4c3f0b-34a7-4f9d-9ed5-c01721433dfc,3741051.453730878,3741051.453730878,MATCH
1ed68b71-3ab8-4c3f-a612-e9e5a26d18f6,9425fc3a-6964-4112-95fc-0f2ba50939f1,9184212.899375793,9184212.899375793,MATCH
2540647b-784f-4b14-b2d3-1a6527dea64c,da3ed15a-a4f0-408a-ad0d-5e1d8cfb137c,1221542.7391597102,1221542.7391597102,MATCH
01b4cdfc-31f4-46ea-8c8a-bd6989b4db80,1bcfb92f-798b-4757-b036-f6b962ed5403,1128869.8978952074,1128869.8978952074,MATCH
64b078a7-a4f9-467f-9dc3-bbee31523136,f541a44e-16cc-4813-a635-53ba4299b351,9576690.43990563,9576690.43990563,MATCH
dffbdc2d-bffb-4e28-b933-ea492c7c4106,56282768-6df0-4c3c-9ab8-180f56479889,3416624.9554667133,3416624.9554667133,MATCH
49d9bf73-2b58-4b3f-a2a6-3e3c3940093a,239e5593-ec11-444d-883e-d925c90d35aa,614441.2469565113,614441.2469565113,MATCH
0d700c8b-de36-490a-b030-9415ef21db2c,df107434-eb09-4202-b77a-efe15761b099,6194896.34001359,6194896.34001359,MATCH
43839f12-1335-46c3-8de5-f4aff27815f6,ac648459-df22-467d-8262-a48c9aa33580,2940350.8032407123,2940350.8032407123,MATCH
b4cc7214-62b2-45ad-861f-98b160975bc0,a2dcb574-1bf9-42a5-96c0-68e8de922cf1,5955273.69846782,5955273.69846782,MATCH
c1472ff2-2ad4-4bba-80ce-350586780a98,2ac38bd3-1afc-488c-81de-c9db0abe8257,5138704.725716206,5138704.725716206,MATCH
c0bde748-dbb4-44a3-8ec7-9642a13a9da2,1e9d095b-d17a-49bd-b1ba-0beaf9690579,7201607.918061909,7201607.918061909,MATCH
7cc70b17-e9c1-44ce-9fb4-26c06924e248,9ed62705-14b9-4b4d-af46-37b3c9a62c37,837532.520390009,837532.520390009,MATCH
fe7c7d6e-a8cc-4515-b862-abcfdb3437bb,5f57fd27-4419-49b6-95d1-e2f82bd7d038,8733559.869810676,8733559.869810676,MATCH
4a720071-14a9-4e59-ab13-13b795d14b6d,05fef7bc-28f7-4d49-a2bc-491ec1cdc9a4,3938216.444115192,3938216.444115192,MATCH
c94b3a6f-72ef-417e-baf8-34f29aef9aec,6088825e-e382-4da1-acce-4c234e55f3fe,8461206.484338574,8461206.484338574,MATCH
88973a4a-33b6-46dc-82d0-1c42fd595978,ad91f456-23b1-4ebd-8a42-be3fe671d582,7503237.877500636,7503237.877500636,MATCH
1c31d9b9-fda2-49a0-ab68-38e37de7f41a,3a00c83e-b023-4bc3-a471-a957b1b9fd9d,6544875.525849253,6544875.525849253,MATCH
5e9a35cf-0699-476d-9288-b06ad51f03b1,a395b867-7397-41a1-b641-940591cbbc49,5695415.501373903,5695415.501373903,MATCH
48e80f79-58eb-4462-9976-a39a507a61a9,b0c5d3d5-c755-4c99-8349-95ff67432c04,854531.3358145606,854531.3358145606,MATCH
59c67a52-8f80-41ef-8615-575c4fa87a65,9b6fbe20-4b3a-4a83-a286-16f4bbf9a04b,8831678.914465759,8831678.914465759,MATCH
a87d2106-dbfb-4ea4-b06a-d042ae6b0455,ddc8d27b-2623-491a-b2f6-8fe1aacefa98,9364567.124529812,9364567.124529812,MATCH
4e954929-e58b-4d2d-8d4c-3b8004251c71,c1b4fd44-d29c-492a-afb2-d33c171aa532,9451390.048972018,9451390.048972018,MATCH
f58b8c61-2ba0-49ec-95c8-74415145c6f8,430438b5-32c1-42f1-b661-7a3bf9606ca3,1308545.5153009065,1308545.5153009065,MATCH
6b2d470a-6218-4d10-bef3-d5beebee4c80,2f64672f-96e1-4522-b2b8-d6985dd0855c,1509624.0935224437,1509624.0935224437,MATCH
cd409bc9-fdae-4920-8bb8-382f916ba250,c24f3f4c-846a-42e6-9c89-6b2a7eddfc17,5170648.852440626,5170648.852440626,MATCH
fe3a4f96-2306-41aa-9d50-0d6b163cb529,0eb54078-7464-46f2-91ea-2c00863ecbe2,4239712.662010843,4239712.662010843,MATCH
7a8c2c36-65d7-4163-9b2a-eea621351574,f530c98d-6c7f-4bef-b086-47e1fa647958,1704150.3600982844,1704150.3600982844,MATCH
56a0b8b4-d179-4ee0-bc73-1d478ad8c568,80ddb386-2790-492f-b7c6-bc5d1a380e8e,1328581.301371137,1328581.301371137,MATCH
2bb47157-7ec4-49d8-ac97-34c0e2b05055,f7bce0ef-72c1-468e-9390-6193490ce315,913453.5155865336,913453.5155865336,MATCH
deda028b-e232-4dc9-9bf6-f06d017cc74e,8a257159-3d17-4879-95bd-f39efb334e61,2904562.525171229,2904562.525171229,MATCH
d5c2c94d-b3fd-42b8-9c29-1269e781c4cc,389d2267-b7c2-4d94-8ef4-40984d9d1bb1,1678440.336266985,1678440.336266985,MATCH
133b385e-2cc0-4f87-b99e-1823e75f58ba,089b5b49-8114-4252-84c3-6368bbc51a50,8910211.419370048,8910211.419370048,MATCH
b75c3825-1c0f-487f-ab01-bba74b814a84,11ca2a0b-32f1-44d8-afcb-0dce06dee37b,9435765.13684006,9435765.13684006,MATCH
04643f52-d9c0-49f6-be70-9416340a22d7,150e3388-0a65-42a5-b8dd-f15d8ea035f0,8666924.59765264,8666924.59765264,MATCH
1d4e2772-401f-45a6-9ca5-b74f0fda6ca4,3415c076-801c-4617-a2c3-b917d8a5aa52,8491122.639713619,8491122.639713619,MATCH
6c8f8833-fb11-4ab6-adc8-6df8c9162eb7,933882b3-20fa-45b7-8a05-49501f7fe5b0,624601.6181574255,624601.6181574255,MATCH
e604bfbe-83aa-422f-8772-df4a15b1c4a6,8add06f9-9ccc-419f-b233-5074b2b3bb39,3453523.616067747,3453523.616067747,MATCH
49069da9-6d3b-467c-ad94-4378d814abe0,93d797e7-2392-4df4-9fec-59ac07b4e684,3366135.5244440674,3366135.5244440674,MATCH
5639117a-1e78-4a02-8b1b-bb3ab6448d24,ff7ca58f-9aa1-498b-b4a4-feee30cdf149,3588392.618409637,3588392.618409637,MATCH
edeac5b8-9cc8-42cd-bd42-11d1992033eb,b43c7851-e78d-4f32-be2a-9f7347dfa607,2182658.012915104,2182658.012915104,MATCH
cb56eb48-be3d-4265-9471-8d868d366459,92a593c8-1db9-4330-b127-6a5cbe9f44cb,8746937.284161564,8746937.284161564,MATCH
bdddbd36-82f2-459e-abb7-f1463d9d542a,f544b28c-0bba-472a-8a7e-9cce56c890a5,1773959.4855526793,1773959.4855526793,MATCH
5ca9bc53-fa3b-4921-8484-4743cc8ba760,b6658a34-5263-4028-add2-d8c076da3875,1254771.414310176,1254771.414310176,MATCH
a9673fe1-7fce-4629-aa8e-55a545665e79,9a0f09e9-eb8b-4c11-9fb0-ef34c8497436,3696699.7997900806,3696699.7997900806,MATCH
a3a22f35-b9b5-43c7-ab1e-fddc0d888933,deb0de7d-699f-4b02-bcdd-0b483cb3c9fa,9564918.086237622,9564918.086237622,MATCH
a23ebe36-f20b-40c9-aa86-9922f4927b35,d0fee4f1-2b1c-4d3d-bcad-b3fd01a4c2d1,3338765.3887624727,3338765.3887624727,MATCH
c4196c8a-c44f-42a8-9a4a-96aee987cfb2,71a91c81-4eee-4680-b0ba-8fe363ff910d,9138791.577967435,9138791.577967435,MATCH
b62a7941-59dc-4e0f-b168-5db847d28391,890a83b4-b639-429e-a929-8691ec93e43d,9388473.805182628,9388473.805182628,MATCH
eb34d8de-3e7d-423e-9e03-83d4b061c6ff,f1da833d-1550-4390-b4c0-db3e666a4a82,6621184.487813447,6621184.487813447,MATCH
1f4f4a0f-507f-4c32-878e-4415252151f9,9a2fc701-f3af-4b09-8c12-6e0e121af952,561009.0480321933,561009.0480321933,MATCH
301ed689-7ffc-43fe-a359-34433ae61863,a737d19b-a1e0-4bf1-8674-8ee461d15db2,7154363.669637862,7154363.669637862,MATCH
b30269aa-6cfa-4ecc-9ae4-27cfebd5c149,97b6a461-2c76-44c1-977d-8b262024c407,7537555.832856142,7537555.832856142,MATCH
96afa28a-178c-45a0-bb66-8afa3cf8b913,6ebb7a17-52b0-447b-b052-8803da968e7d,1655438.2631337512,1655438.2631337512,MATCH
591c228f-3754-45ec-a0a7-8c2099d76c9c,ddf0a0a2-88ef-482b-9f3e-ea66af6c6f61,5647059.399843773,5647059.399843773,MATCH
97f31baf-01fe-4d86-a545-fcc626fa466b,bfc77282-b92c-4a72-ba17-d79a3a42958b,6268114.658187051,6268114.658187051,MATCH
bc106ec9-f1ee-4895-9061-76b30abc36fc,5acb287d-d594-4c84-a8aa-454ecf76770a,2248687.14388428,2248687.14388428,MATCH
c07abe48-f24e-4fd6-9168-36122bb61a4e,8990779c-ecc3-4699-8d6d-cb42bd8bf603,2678575.4984327084,2678575.4984327084,MATCH
1b2aa4e4-c0e3-44e7-9b2d-f807fd225cba,548b4c63-fe87-46bc-b3e0-0dc5fa2c9e79,941475.5588497304,941475.5588497304,MATCH
7edd8483-8cd4-47bc-bd33-8ca26bcce72a,5f70b951-1038-4676-8df1-172a46f2ff38,449274.9284404143,449274.9284404143,MATCH
504fde7c-746e-49a8-9817-dac57fb8b6c6,be2de8c8-9fe3-4824-b9d3-a9cfcdfa76af,2401174.966263744,2401174.966263744,MATCH
a44eb3e1-c5ba-436f-994e-d61a5d15c129,ec814510-c42e-4fc8-9372-e80dee892190,2455256.055774191,2455256.055774191,MATCH
3e8ee36a-07e9-4e6d-bf71-eef65b7117bd,3ed5e52e-aa3d-4111-a123-01935c532042,9308143.473647762,9308143.473647762,MATCH
01862029-ab8a-4015-a727-3710203d54c9,d2e55512-6abb-4c41-b928-62a9bb51cd74,2269676.784038757,2269676.784038757,MATCH
9bc88efe-4688-4612-8b64-e782718296af,14d49d3a-cb40-4cdd-9cd2-da08bd3c83c3,100107.0371740191,100107.0371740191,MATCH
a22eb45b-1986-433d-8b73-aba7ed5edfa2,a0d80651-3338-42d1-a691-c66400c99370,9634602.039108384,9634602.039108384,MATCH
1d62c6b5-5d69-4934-9deb-78a4375fdd57,7796048f-b4b9-4b73-a9de-bccc429e09bd,792646.5645160151,792646.5645160151,MATCH
f89cad3f-0ea6-4dbf-a011-b8d84630419c,cab285dc-85b7-4774-b608-937418caa0a9,201787.23520744813,201787.23520744813,MATCH
adb5d5e6-7b88-44ef-967f-309699d75477,606ffa15-f76c-432e-b442-8cde4a9f6c5c,9541900.750021262,9541900.750021262,MATCH
5a45b8ea-d3e7-43d1-8378-bcb77570b0ac,55a8d6a1-5d1d-4cb7-a5a7-e280277fecc6,5806770.588263316,5806770.588263316,MATCH
1f1dfed9-0a33-4eef-881e-67f376fab828,f23b1efb-0bd1-4d4a-8cf4-1edd3f9304fa,4768132.401648703,4768132.401648703,MATCH
e990ff49-42bd-41c4-a60f-dc406cd9dc3f,3e06f427-a832-4228-8c65-d01b1521e825,2778004.1472528274,2778004.1472528274,MATCH
f32d2812-121d-47ac-bb26-7d27588955c0,5ced83b3-f7a0-4e7a-be6a-3ea7fae91634,4797284.861718738,4797284.861718738,MATCH
ce9205ae-cdb5-482a-a78b-941fdcca9a71,cb93dab6-dcb9-4394-a8ac-64c4b6b98240,2156606.2595258537,2156606.2595258537,MATCH
f3b937f2-9fe7-4068-9847-260b8331d711,7fcbcf31-93ac-409a-afc1-0403dcda8cc1,9464525.635200609,9464525.635200609,MATCH
ddefb7bb-9450-44c8-bc1b-b61aa36d4d54,0ba6aa86-cf52-45f7-bf8c-c6f9b5a61d61,9037658.124062285,9037658.124062285,MATCH
fc37337a-32cc-439d-8914-bc965cb27033,3fec5325-edc7-4f12-b3a5-1ac6c461994d,4504821.897830926,4504821.897830926,MATCH
f7b5b05b-59c1-416c-9fdb-563af35757c5,51c4243b-f07d-4671-8aea-9ae5690a7b80,3111284.3493069047,3111284.3493069047,MATCH
1c6fec01-f57f-4bba-bfba-cf5fa576db48,cbc4dd42-5c39-457d-bc0d-bd13a70a409d,1918159.2823247227,1918159.2823247227,MATCH
3303343c-300b-4e7b-b393-2fb84fd4c793,b9b03c1a-baf9-406d-802d-dcc4dc956e31,2420397.8138003224,2420397.8138003224,MATCH
9bd65068-ba8d-4f8c-be05-fcef842c49fa,916baf87-6c27-416b-9d05-b827a863782e,2953234.6469019325,2953234.6469019325,MATCH
8301b3a6-849b-40bc-85e5-d46189344b06,092e44b7-2ee2-4989-bad8-24060df81d2b,259271.43118910992,259271.43118910992,MATCH
2c8b2151-e179-4fcd-a658-eb6a1afd943c,a6cc0a57-8e01-4eb3-8352-8ba43f0e924b,4947631.565329011,4947631.565329011,MATCH
e023282a-e09d-49e8-8348-a88773393f5d,88604b56-a34f-4452-afe9-e8c94497734d,7651183.804026261,7651183.804026261,MATCH
084930a1-ede0-4d33-a36d-756733a44f40,c3963bf9-7cc9-4887-a39a-c771b739a28a,9594553.99466952,9594553.99466952,MATCH
02223c10-f82f-4dc3-9c35-730b49d52453,4bb49889-f900-4224-8510-31c0e0354d75,5877941.594565426,5877941.594565426,MATCH
7c9428af-461a-4f63-89b0-16e51e595d1f,155287c7-0b96-4346-a498-da39d7c8f02c,4956955.27202606,4956955.27202606,MATCH
35f1e04b-c5fe-41d6-8365-d2cf173be226,f43dd740-5039-4a8c-9a73-dae0209e6e48,7680253.15134742,7680253.15134742,MATCH
a2ddd15a-2570-46e8-aeae-bb601f89cec2,aa1cd2d8-9ff0-4466-8cc0-744616dd58af,5293504.058291748,5293504.058291748,MATCH
e09397d5-d3a1-488a-9a98-04574b211512,981dc530-44f2-4d97-b488-1671a0dbfca2,3635270.576883933,3635270.576883933,MATCH
52af891a-9639-42b7-b79d-7db423caef2f,c572aa5b-51d4-4f72-ac77-8135fad76ab7,7789912.250596532,7789912.250596532,MATCH
849c30c6-dffa-48ae-8353-ac87ceb7138a,7c198515-208b-426a-817b-2f2124f3df14,8970220.878743166,8970220.878743166,MATCH
f6508852-02bc-42e0-9fd5-988eceefd2c9,f85ad287-93ff-445f-ab80-e44ae7d3f770,8896507.591233073,8896507.591233073,MATCH
524a1652-0958-4354-a68e-81b4d5963842,e81909ce-0dd7-4ac2-8a10-55c534b0738e,7254511.379734831,7254511.379734831,MATCH
7aeee7df-5bd5-4037-b744-459609791408,da1d3dab-54c5-4266-b142-0898998a05a8,1213382.9334141342,1213382.9334141342,MATCH
0922d88d-e522-4d31-8d9a-6fce1d7cf46d,297a8503-d833-43c3-b88f-a199ccbcbf4b,7015716.01786995,7015716.01786995,MATCH
e92d6961-1e0f-429b-b7a2-ab33a13ecf15,c4605896-ef87-4f0d-8802-2f8e38de6b6e,4244550.203463632,4244550.203463632,MATCH
157ef914-4442-4098-ba9c-ee3d25c37945,7c0a8f90-9b54-4227-bbca-7ff671be0c72,3324732.81912562,3324732.81912562,MATCH
497dd968-b4b6-4702-a11a-7d790da761fd,53958e5c-edd0-4e02-add3-2be929052dd7,2352848.979688156,2352848.979688156,MATCH
5a2d465b-87ce-4aaa-b713-c245f34bfa59,0b398e89-f842-4163-9455-5290017c75c5,4831729.117144303,4831729.117144303,MATCH
6c1fb2fc-e77d-4bec-a35b-729ceb2ae08b,40018cbe-5449-4845-acd3-d56f325769cd,8552360.26231494,8552360.26231494,MATCH
a1aa19f0-a26c-4d5a-b426-17e7fbc1085b,df16eb70-2219-47f7-b808-a00402a458e1,1417759.5313563962,1417759.5313563962,MATCH
7e1b2034-88a5-416f-89eb-56c17f421889,2e4c16e2-1b79-4e6b-b52e-f4a6ac6c2e1b,4007383.679142312,4007383.679142312,MATCH
0d0b6920-dd46-4c91-9747-8b5c331bd602,913767ab-4dd8-4715-b53f-f3e271fc5136,7841899.093921106,7841899.093921106,MATCH
01a6c260-efc0-4273-bd39-7fe7b819b15d,e39940dd-4e1f-49be-a4ed-c295efd37a6d,2152045.299358936,2152045.299358936,MATCH
b297fa7f-f719-4e43-98cb-3cb4e2f7e7ea,8c45fc9e-0585-4672-bdb6-51a628c0e305,9126318.341987005,9126318.341987005,MATCH
aa94a1d4-3f52-4dae-b371-d64dfe87a17b,7951d52b-21cc-4ba7-ae85-4c728a9b7b20,3826736.699464774,3826736.699464774,MATCH
f11afc00-132b-4f36-9940-4d24eced9c30,e82956cf-ba81-4860-90b3-032dccb1063d,9299357.672804218,9299357.672804218,MATCH
1bef39f1-7700-4b2e-917b-6fc6e66eb0e2,67e6d49a-3c73-413b-99ea-5bbdafd5b90b,2030745.9094405288,2030745.9094405288,MATCH
016d26d9-df15-4667-a812-a17c9946601e,b8314c26-b23f-4738-aff6-28bccd2bf206,6769688.46410212,6769688.46410212,MATCH
7120721e-86cd-4214-a37b-efd118963a6e,1af026df-3f64-45ee-bccd-9b8c8508df91,515983.9506932102,515983.9506932102,MATCH
793a650c-c7ef-48e2-9f71-7ac680871ba9,b1f9ab31-995e-49de-9cac-41f82e4001c1,1735386.33264594,1735386.33264594,MATCH
817c6779-d52d-4f91-864f-e16479472ea4,e6793a4b-73ce-4f7c-90d5-e87e4f489f45,7968830.241891343,7968830.241891343,MATCH
69eb337c-059e-48d8-8ba2-0d387db4990d,77d468ea-e0bd-4765-96d4-4952ee29e80e,6873059.18512555,6873059.18512555,MATCH
d5883c8f-a906-4c79-9a2d-6aee6e29a319,58625813-b28d-4506-b130-5648a6ebe702,5331586.233959005,5331586.233959005,MATCH
6de77482-620f-4af4-9b77-ba461b88fe69,64e84ffc-1f3a-4c68-ae3e-6268fb38bc6c,3139955.7156414944,3139955.7156414944,MATCH
aeb00fb9-26cb-4e99-a945-e93a4a454398,3c10316d-3f63-4065-be85-c8c4a9470663,2449148.3327995907,2449148.3327995907,MATCH
d57758f5-e03c-43df-884b-bdf5603f4ddc,b6dfb4a6-23d5-4be0-ac24-9f3092a0c677,5834421.812649814,5834421.812649814,MATCH
794ceef2-f833-4fa7-9a26-15f89810b8c1,f23e9a06-ed37-42ce-8ce8-7570b4d6f3e6,2735557.4082910283,2735557.4082910283,MATCH
32103c49-1d4f-41c8-a18e-72a78d34dd83,981170c1-d8d2-460e-a14d-c588c35ea18a,6204958.946981821,6204958.946981821,MATCH
9b81b898-8791-4cbe-86a3-110a98139b31,b9163357-4b1b-4f3b-a217-a6df21939b93,6940570.440091514,6940570.440091514,MATCH
502c36f1-c64d-40e3-8e73-8520146b9fbc,6cc721f0-82ba-4fed-9b8d-c821836f224b,2547609.900571944,2547609.900571944,MATCH
281f45ff-53bd-4b05-9308-9f8bba345e82,7a6eaaa5-6b1d-40b9-8954-fc3d210f2a8a,2944596.110304894,2944596.110304894,MATCH
0244bc44-b25c-4b50-9794-b38937c23f27,cdbe5548-6a65-46e8-be1a-d905bdd4c1f2,3051135.9794789306,3051135.9794789306,MATCH
40a8bd6b-3e5b-44af-9587-57a3793c04f7,37387270-d424-49f3-a18e-44407a70bcf8,9628676.608193517,9628676.608193517,MATCH
8037b969-7946-4eae-93dc-00ee9203c5d2,cd539417-f519-4ab9-813b-e64b9c4624d3,1042995.9017814404,1042995.9017814404,MATCH
a2807710-32d5-4d87-a1bd-1db7485873c1,a573dc30-49b4-4625-9752-815cbcbf1583,3913732.153028872,3913732.153028872,MATCH
b4b2ce14-49b9-4124-a30b-d3b558fe7bd2,0c0b6cd1-8e8c-41d8-b59d-65ae3c1689c2,6441822.249877702,6441822.249877702,MATCH
89534e15-2ea3-4b78-a466-c9376da7c95b,0a76bd91-9e7f-47a7-b721-5daa5d975cdc,9628676.608193517,9628676.608193517,MATCH
5415668e-4f75-43d1-9610-7189016ff44c,15f0e5ea-4b0a-4742-946e-6a4f2a873e02,2680248.9363517947,2680248.9363517947,MATCH
b877e049-b52f-4e0d-80fa-33637497c7d9,ba5e4066-ce40-424a-a9ee-29f449e3eb48,8017060.2251297,8017060.2251297,MATCH
70da1528-2105-4c60-ae3a-cdf2eac9b1cc,b40d8aef-a0ba-4142-84c3-2fede182701b,9406152.613544222,9406152.613544222,MATCH
8127a8f7-d909-40c9-a76c-7935a7c10adb,d5767137-d456-429d-91c6-31cf4b7a123e,3835874.327452124,3835874.327452124,MATCH
7cff07e3-d92d-4519-9e24-c724e47a7b03,67c5b29b-b400-45e1-9fcb-821b237cdb55,4953663.234113903,4953663.234113903,MATCH
0361b157-b1fb-4587-a514-b3fcc809a0b4,5b29317a-6675-45e2-b177-3294a4d21eae,9090968.270641971,9090968.270641971,MATCH
2daca88b-c1de-4d58-918e-58fd62524390,027a76dc-bce0-4aef-b17f-a5c04e39f65a,8020171.951169097,8020171.951169097,MATCH
2775957e-3ea6-4a65-b960-df1f17152d76,e5b015b4-4a84-425f-bb81-4ce1b22a2428,4609268.651362517,4609268.651362517,MATCH
6ccb9163-4d8e-4d5e-8df4-73bbc577d3a5,ca41e052-d19e-4f98-b6b8-432989fab5cc,4376286.557490373,4376286.557490373,MATCH
13893a70-a02c-4ed2-b58f-41b07c8c65ab,87c9daac-b5d3-4f2f-913b-b65c16f32b93,359206.4304898276,359206.4304898276,MATCH
44cca057-5c98-48f4-8636-8d129d94813f,d5ce0626-d1b6-4755-81d1-d2263cc56af3,9224373.6171922,9224373.6171922,MATCH
a5db8ca3-5630-4021-95af-b78379ba19db,f1613bab-d0ef-4299-a50b-1c5a50e08a81,9687528.23383971,9687528.23383971,MATCH
5a71504b-8380-4397-a221-2e52d6e38103,cf4994e0-7ab1-4533-a4f2-2a7c87f797fa,7976281.434318501,7976281.434318501,MATCH
8f06c963-e656-44ac-9e54-a1755b429d0e,57b6f1aa-f206-4a1c-ae9e-2bbfe2495790,4908808.006089518,4908808.006089518,MATCH
6fc0174f-57d7-44f1-b192-c29c5a0ed9b7,a4165dd1-6d57-4fd1-b019-955f00801ed9,9441808.42541033,9441808.42541033,MATCH
8d8f2868-bded-49cc-8e10-7ed63b046707,0f892df6-f97a-422c-95e5-9a0f1ff49f0a,1446144.0063897427,1446144.0063897427,MATCH
73131038-b2df-4075-9b8f-abe952377d88,d0096b2a-0041-4afc-8ab2-e2ca73a55d2e,3252171.621769891,3252171.621769891,MATCH
7eb3aefc-34b3-4dcb-8b2c-65b5f0390686,a0135044-a041-401d-9016-8d654f90f91a,2137419.1438687085,2137419.1438687085,MATCH
46a47588-a676-4ce1-bcfe-18e95f20ac06,c4bd9b59-7fd9-496f-ae5a-88566791659c,2062922.6660474848,2062922.6660474848,MATCH
e4ee8f51-9ce8-4b7d-8761-dc0c5e99c568,5c784ca4-f0e4-4a0b-bd56-3b0ed11ce5c8,6889709.962406348,6889709.962406348,MATCH
cb94cf8d-9145-4a38-b722-ec2c36b9ca35,661f7117-dd92-4cbf-8558-3a17f70d78a0,7972224.188836176,7972224.188836176,MATCH
395c0d62-73c7-4d75-9bb9-d499b6eea1cf,6db2094b-bce7-4298-bc84-78214f10b422,712452.024066261,712452.024066261,MATCH
c5767c74-3ffb-4577-bfb1-c19215e5be78,0211a6ca-f863-4f2d-9e6b-a4604a832ab5,4713324.8178387815,4713324.8178387815,MATCH
34aababd-3975-4433-8b5e-d14871ab4711,6248953e-7412-4272-82b7-1c519fbeffb3,6844773.739459909,6844773.739459909,MATCH
c0712a38-bffc-4f09-bf14-64b31a8a76f3,a41f0d38-ca80-4df8-b182-fcf2a151ed02,4966544.234840837,4966544.234840837,MATCH
99622263-2abc-42b1-8599-97f6ca77736e,f526d3b0-abeb-45d1-ad54-06bc72098a7b,7805256.75937674,7805256.75937674,MATCH
9c186d49-dac5-409e-8772-9adf0f49d01a,c080aba4-9e07-409d-9888-54db66d4b394,2286767.763639748,2286767.763639748,MATCH
91b5fcb4-0331-4d0d-93ba-8d243ebb527c,fd9bfaf3-d812-4123-984f-5a56334477eb,1994875.3555474773,1994875.3555474773,MATCH
2e8f2f7f-20a6-4edf-bea9-5b7352b3a0d1,378d2f8d-8761-49da-8394-79c1c363f61f,9596264.929926848,9596264.929926848,MATCH
25c1f899-a89a-42c5-8037-42ae75e913d8,ca9128fb-c094-4932-92cb-8f692182b518,3894016.713840481,3894016.713840481,MATCH
e754d4c3-0298-4dd2-8c7b-34e22e07cb63,6e1a1e1b-ed1d-4efa-9c4f-c55ebf715a28,6942617.217204082,6942617.217204082,MATCH
f2e2503a-b2d5-45d1-8706-f724bf83f2d4,c416c07c-b6a7-47b1-83cb-0c28474cfa29,8000721.95557736,8000721.95557736,MATCH
980b82cb-d662-48bf-ba11-4e5612e29c2a,1a0a7680-fa42-456e-972e-c23eb1edf3d3,2487970.150356889,2487970.150356889,MATCH
42650798-4b80-4fa6-bab1-fa122d5737a0,88d7d47c-ec38-404b-a2c0-eee9aa5ca8cd,5184998.974586841,5184998.974586841,MATCH
c415ac73-b944-4469-aef6-a152bbc2ede6,a7728290-78d5-40ef-830b-4532a7c24c68,8830629.742912713,8830629.742912713,MATCH
e9926bad-e633-4f58-8b7f-a47eadc5efc7,f198f62e-5c9d-4ead-aea4-91fccb6b6306,1298125.7277128596,1298125.7277128596,MATCH
40f66fde-ea72-4584-9e6e-187ae939f790,579744ba-1073-40cb-86d9-e34d1feb21c7,6357579.498883904,6357579.498883904,MATCH
adfc1dc4-f8c4-4f7a-b0ef-cbd3f3cef8b7,02038340-6372-4635-b141-4f58db8ec35b,7648137.262370415,7648137.262370415,MATCH
e9846baa-f7e4-4c8c-9628-e4290a81870a,4ba99d78-b498-45d0-a5b1-c79954cecee7,6185590.6555258725,6185590.6555258725,MATCH
1b2375d0-b38f-40f2-8dd8-67e55f26b2a6,65125d2e-24b3-4c8e-9e85-0f8015c2f297,6589274.01569399,6589274.01569399,MATCH
17aa3aee-0dc2-4df3-949e-dd912f1fc132,ce830e27-c5ef-4670-9f4d-88ce998de3d8,2885311.726266274,2885311.726266274,MATCH
86a81b2b-5c69-4e49-b12c-31263222504f,1bf43b9f-9fda-45ac-a9b8-7e7aa0786a1f,9692723.954094265,9692723.954094265,MATCH
ce028d60-18ef-4a28-bf5d-a7f8fe914b95,7f383a3e-33a6-4403-af9d-1d74f82c6ad8,6288980.821321465,6288980.821321465,MATCH
55f8bbb8-c3dc-4b92-b95c-a96d85ee751c,7ddf8484-f0c4-4ecb-878a-7900d2bd16ec,6066137.5598826185,6066137.5598826185,MATCH
efbbd216-0ff9-4696-a15a-58bdc632554b,157c6813-e581-420f-9c0d-b2660e29ed9a,6083559.576641638,6083559.576641638,MATCH
f1abf7a0-cd59-4b8c-a362-7835555df8c6,b52f80c9-d9ee-4678-8112-f0ffeba46463,996954.442085553,996954.442085553,MATCH
671e9bb8-f783-46f6-9775-e809218d0520,86514886-a5b0-4024-a12a-d11986fbbcdb,1278891.544809614,1278891.544809614,MATCH
4d747649-53bc-40e0-b8c0-9d8baa3319bc,4ed7b3f3-9609-42eb-a1fe-6f28e2fb8d66,4479005.401927402,4479005.401927402,MATCH
52dfc152-c8e6-4d4b-8feb-aa0edbfb491a,9990e4a9-1841-4e07-b583-4c69407f2654,5676695.802345153,5676695.802345153,MATCH
31e3e608-800e-4952-a5ec-4424f56febb1,5a4eb9f3-ad2e-4db8-9def-c23f60b759a9,671077.4666543149,671077.4666543149,MATCH
73230f23-a17e-44b0-a8ac-039ce921f231,c87b17d9-58bc-45e4-9282-d54d482702f0,8356095.4087622175,8356095.4087622175,MATCH
fd54225b-899d-4cd2-a723-2e8ad0ef0cd4,9fb209b1-732f-4932-ab96-2697c1e1f813,3216908.1159194275,3216908.1159194275,MATCH
5c613985-596e-471c-a94f-03ec0f4076a2,afe2487f-4fdf-4f5d-bc75-ed5399b32070,8510256.911213296,8510256.911213296,MATCH
138d8006-13a9-4a92-a816-4d181f540e96,2a1b76e3-3266-44ff-bffe-f652eac032fa,6253239.157472138,6253239.157472138,MATCH
5d679515-f8c5-4f5c-88f7-57fbd81b6bb7,ccee6b1c-727d-4a84-8e02-3ef0015ce9f4,4085808.6954678497,4085808.6954678497,MATCH
43355860-e84e-4da0-9402-2243ec35fb0c,985d654b-0325-4820-9a49-de981ba651ed,5326277.042195121,5326277.042195121,MATCH
6d820335-f3de-49dc-869c-558b496d036a,22eb69b1-5f9c-47e0-a328-143e2d9563ed,1822530.8657077472,1822530.8657077472,MATCH
3649f585-6e75-4e7a-9abb-b78f1585665d,05539a50-6fac-450d-b290-4e7372c573e9,9294431.711870084,9294431.711870084,MATCH
50c74b31-90a6-4567-a3f2-f68f476a2533,b81bda1d-386a-4050-87c5-8839c42cd0ba,598714.9557777087,598714.9557777087,MATCH
e3b93a34-9d77-49b2-9287-e5f485c14181,c2a49fd8-6ef5-4cee-bc24-3f9f9c014262,9457718.073769905,9457718.073769905,MATCH
cd853347-3457-4c7f-af5d-b99c85f3cb12,daa282b4-6d69-488c-a1a4-b230c30dcc74,6503022.633600052,6503022.633600052,MATCH
418af089-fa7d-4961-b927-a136fc73e358,d2e08e57-a6cb-4dda-93a0-181bcbafd542,7729367.660984074,7729367.660984074,MATCH
2fb9950b-a190-4a44-a888-7521845c10ea,d8dcc3a5-309a-4327-891d-47fe970e287a,3001048.4816221427,3001048.4816221427,MATCH
2c6fc084-c04a-4f68-9aab-1efb0838f528,c49b9e62-25ba-4f03-8765-606982ec0fc3,6532235.599121386,6532235.599121386,MATCH
f3fac150-7429-4f81-83a2-15ffa660604f,4d2d3557-0e06-4416-b121-9097cd693dab,897549.260249302,897549.260249302,MATCH
6737cac9-242e-4d71-9579-bc243ffdf8f1,c2afba28-c976-4c61-a4c3-1af7514a36bf,3546620.522964408,3546620.522964408,MATCH
f8ef0017-bf89-444e-9097-ce4674b0b243,b734d467-7bb9-4b07-b1cb-62d0868592d2,9558653.209408032,9558653.209408032,MATCH
c9f99d37-b1f2-4ebf-bd76-c495710fc415,49d0aac1-a78e-437c-aab6-2dbf8663e8bb,6202506.366126416,6202506.366126416,MATCH
f84791e0-e55d-42af-93e9-e07052c64562,40bc2b56-6d47-42f8-946a-77af2a736a67,1929773.472526994,1929773.472526994,MATCH
4d8cd019-a88f-485a-833a-402ec8f3332a,4e8a10cb-277b-41ea-96f1-e5cbc4af9dc9,2445273.332340194,2445273.332340194,MATCH
df0987e9-259b-4aea-acab-b9ada15dd7c4,c4b27b21-bc0d-46ed-bb12-2ee53d305a07,5492884.852309895,5492884.852309895,MATCH
5813d72f-b67c-42ac-94dc-4c97c8914d99,fa1b7659-6df6-4800-997c-0dc9516546ca,5625804.397742168,5625804.397742168,MATCH
b66cdb02-af66-4c57-af54-489780fa07e3,d2a5d216-314b-4d36-9516-235984362fc7,1679160.3170621612,1679160.3170621612,MATCH
acdeafcd-6306-4765-8fa3-baf648f368ba,92aef13c-963b-4564-85e5-14ff399557cb,7568322.086145742,7568322.086145742,MATCH
235d2722-aa78-48aa-95b2-868bac92275a,5a00d0f2-84d1-4f5e-b1cb-19b34b88445a,6343426.660260633,6343426.660260633,MATCH
acf96a12-e522-466c-b93a-26ee22eb4a7f,07298d47-7c65-4dc9-8b42-5bba4da273ed,3092395.336667689,3092395.336667689,MATCH
23fbe8f2-cf5c-4d7f-8882-5d14341b2c09,88ba135e-bd3b-47eb-a952-94200ba4e32b,3684006.985136584,3684006.985136584,MATCH
384a9967-19ef-43bf-a494-23aa645416be,19d4d39a-7dff-427d-9b12-5dfb2804335a,1551290.6674128044,1551290.6674128044,MATCH
30efd76b-1688-4399-ab91-aace39f18027,505ec9d6-4c32-40a2-b452-2738e07309de,8008099.897103526,8008099.897103526,MATCH
846c454c-5170-42ef-a777-c6646732ceca,1e56d346-7e80-4d05-ac71-b531d3c724e8,7760425.417535948,7760425.417535948,MATCH
8dac20f9-0abd-49fd-913c-d4649473b7cd,07af3b8a-5b9e-45f4-92e0-0b9c028849d9,6369853.455066254,6369853.455066254,MATCH
f406d6e0-3301-4b08-bb48-7db6460f01a5,7e347f69-752f-4d7e-bc36-09088f942977,2366724.7104576486,2366724.7104576486,MATCH
c3712e42-0378-45da-9399-956c1c2b498f,88cfc53d-1888-49ce-9cce-495db0377c52,6277919.065450191,6277919.065450191,MATCH
1b96ee81-9ddb-4fea-9bd7-871c976b1a33,b757ec69-c09c-4207-9ae1-3a7fff9779f7,8386634.178465652,8386634.178465652,MATCH
1e4aa016-43fc-47b7-9a19-d7ab73e0467e,f05ff9c3-9f69-4cde-beaa-7a911defd401,882814.415596697,882814.415596697,MATCH
4a3fcfda-7aff-49bd-b9e5-8450334a34a8,16a9e518-a55a-492f-8702-0de0bc64c7e9,6846356.958766769,6846356.958766769,MATCH
0a2cbb1b-e70c-4274-9930-300a07006af3,104f3fc5-6400-4b0e-b2dd-85f63446c0f0,4513145.023756413,4513145.023756413,MATCH
d5d318cf-24e6-4ffd-b5dc-037d4b71481f,4a640fc1-6843-45c3-8dcd-6e9b39d2d74a,6637139.638220228,6637139.638220228,MATCH
3a314e67-b598-4577-8e58-3dde807ab658,f8d9bf33-06d9-43c0-ad98-73017f85c4e7,3565029.4166824035,3565029.4166824035,MATCH
6fef2c5d-d702-4edd-a494-0bbdb61ae1b0,c6141017-11e1-41c7-98cc-84170067743e,8023595.90727942,8023595.90727942,MATCH
78428071-2eb3-4f6a-83f2-6a392653de2b,6cb96a2c-d68e-41f0-bb9d-58321f6d5768,844999.633254797,844999.633254797,MATCH
e355ce16-55a4-4eab-b354-b4be42c91aaf,efadf069-5ed7-41a6-b673-04951ff0864c,2630003.144978547,2630003.144978547,MATCH
58bd19da-0dd2-4843-9ab8-873380e1cc41,cb4addc6-8509-4c78-9566-0d8ed25697ad,2600132.569948835,2600132.569948835,MATCH
635b36bd-8da4-4fbe-9bf5-3332ceb18cd3,9ef01577-b980-4521-bb3c-fc106bc71d7f,9048340.217851683,9048340.217851683,MATCH
cf052461-874d-44a6-9057-ab856f1ec0de,d7aa0f83-59f6-464d-bfce-50b36151bd93,3500126.90049364,3500126.90049364,MATCH
9bfe970a-2591-4ffa-89cd-33a65f6f83c5,a12b61ae-1210-4787-b429-ce3b89310697,6827324.128103378,6827324.128103378,MATCH
fdf1d205-b6ec-484e-b3a2-dc1d0f916e97,70be9630-4a63-43e3-a474-74b31d7d0bb3,6102804.332850864,6102804.332850864,MATCH
9237e145-f2a8-4faa-b11a-31f5482680f9,acc54c62-1ab4-44a7-abe2-6bd117deace8,75837.56702095784,75837.56702095784,MATCH
205474fa-1eb1-4c0c-b5f0-06c0955d3078,de68666d-67b4-4520-b11a-369675cd3e5c,7569258.239440243,7569258.239440243,MATCH
b30672dc-1fef-4fb0-9e25-65fed1ad5c22,e3e735ab-dc02-4c29-b5db-e3964c23e844,5067580.367345122,5067580.367345122,MATCH
d4736d37-9e12-47cf-95a1-5905591cc4b6,823500f9-7e33-468f-bc8a-ae879606006a,1657058.395625166,1657058.395625166,MATCH
7c781b98-9f32-4d3e-b358-206db49bc1ef,9997496b-c697-4476-92aa-48cff18c5581,8134238.452219418,8134238.452219418,MATCH
a5fc6d09-93c6-467d-9ead-44fcf3952657,ef6e9295-9c8a-4485-b980-50a6974e598d,2865274.5959312385,2865274.5959312385,MATCH
dd43b0cf-54d0-4314-b0ca-b2497b417aed,1e6773d7-f3aa-472b-abf4-5b9d5e8c8bbf,4047588.559953149,4047588.559953149,MATCH
9a6aabb1-5cda-4385-93eb-43581ab9f662,714b5c03-6057-47cf-9a55-f8255086f384,6446344.918880643,6446344.918880643,MATCH
b56110f6-4fd3-4a88-b1c2-fa18c2af56a6,3e1cfa14-95d1-4384-b313-7fa5dc1b9eb1,3999725.7081319783,3999725.7081319783,MATCH
63f2fc26-405a-4f9e-9401-8a45ec1a1adc,2c6cdb5a-ac36-4cb9-8273-be68e6c51969,2989643.200961653,2989643.200961653,MATCH
2a8be289-1f19-497e-bf86-ad63851ab93f,3291bc95-b8bf-4cae-aa06-4fd24fbc0984,5350900.8186537605,5350900.8186537605,MATCH
b9b094ac-4d2d-4efd-97c8-294c9e7776ae,bb4ccb14-1cc0-4764-b06b-efca56b405d7,2989643.200961653,2989643.200961653,MATCH
9df20554-36ba-4892-ac90-5f13ba7e6b51,0f1972db-3370-4c1d-af85-f99d366b3575,7604703.307219126,7604703.307219126,MATCH
cc5732f2-871b-4b1f-a0e4-0a11d8fbfda5,c8dfd1f1-14d7-4283-ba30-3cce359097e0,5235677.7482027095,5235677.7482027095,MATCH
f91e8b9b-4596-4e76-a824-162dee7385d8,53b3618b-ade0-4648-9ac6-030661f43c2b,8017223.797708866,8017223.797708866,MATCH
2ba4d656-610c-4ade-bed9-9a6b6c3786c2,15457c64-3d92-4952-becb-002e73d3328c,6376042.6713642,6376042.6713642,MATCH
d3a81c4f-d3ec-4562-91c0-69ee3ad1c48f,5fc57ff4-d7a9-48ea-af7c-db39283edeec,2394574.099163922,2394574.099163922,MATCH
61f14c98-dcde-4dc8-84d3-40e87ecfbfc6,c997f2fa-997d-4d9a-9d55-4b7d3bad3a0d,6456636.633635925,6456636.633635925,MATCH
8b490e26-db9e-42e6-98f4-26dd5071ce94,de772156-1f76-443f-9a16-b8530692fe02,8634226.821042947,8634226.821042947,MATCH
34b16488-cb4a-4b4b-aa68-3e184fc40b0a,6a9a6f4b-2e39-429a-921f-266fc4502052,1519917.6286076172,1519917.6286076172,MATCH
f9705e4b-2d71-4040-8554-e88b558492ba,da78f4c5-26b3-403a-a575-13a5447a4e2c,7037380.558733197,7037380.558733197,MATCH
ab4d738c-7657-437c-9fc8-e06063629509,69958fd1-d891-4adf-b41c-612aa2491260,5053097.387972271,5053097.387972271,MATCH
325cba4e-bba9-4ec4-bef4-3c9c2484557f,4fefc63f-8d41-4660-82fc-e90817c305fc,23996.5677594512,23996.5677594512,MATCH
451972c4-31d9-4d32-ac99-ce56a58aabb5,62359144-1e7f-42ad-aa39-73ffe14fea78,1451289.1179866944,1451289.1179866944,MATCH
7d3a8826-dd2f-4568-8e02-3728d712288a,763f56ac-bfee-4533-acf5-9149b1c9d0dc,8556459.344902873,8556459.344902873,MATCH
5766fe0c-c4c5-47d8-ae23-5eb085f62467,05391557-4441-42a5-abd1-f826e6c2cbb7,2561333.896662384,2561333.896662384,MATCH
963d101f-40c8-47a3-82e8-47aef545dfb3,7ad7c891-a8d7-41b6-b52c-4358d4a8b45a,7652173.959280095,7652173.959280095,MATCH
be9e01a9-d18c-4fde-a445-8bad2f4f914c,e6766b0a-3b9a-4daf-a321-d75368dd66fd,5501200.912634789,5501200.912634789,MATCH
6d7168e9-705a-401c-9131-0c8bcd35637c,b52f5f46-c0b0-4dd0-bac9-b5b642e88605,6646300.504936266,6646300.504936266,MATCH
eaaa94c8-a097-4fe3-831d-b215d7d0dc99,999f0691-34e4-40bf-9b38-f3066e6a3d5b,6549618.023195009,6549618.023195009,MATCH
4a26eb59-2101-4598-b7ad-3965b25b56dc,31c77a44-64f8-4226-8304-81c2f9d09e26,4032065.966164937,4032065.966164937,MATCH
11c7c76c-ae73-43c0-90ab-36602b945cbb,1ee56930-3a08-4f6a-9e18-9a981d2d1771,3479798.2469655857,3479798.2469655857,MATCH
231b0c86-e97c-4ea5-b41c-2d1014150ad9,724af3fb-a016-4b34-987d-e0c5c39bf6de,6273779.644470114,6273779.644470114,MATCH
2f5dff13-759a-4725-ae77-abe37ef74fdb,22aff503-b17a-4f6d-a0d9-66707606fa34,1881900.2711401323,1881900.2711401323,MATCH
c8aae0c8-b057-41fd-8916-f0b779ba547e,2cd6e8df-1b58-49c9-a4ef-65a737cf65ca,7853226.370383088,7853226.370383088,MATCH
5199839c-d0de-4fb6-858c-6c02bf409640,48c6a7ed-06a5-44ec-9422-ea97e32a8787,7869731.985181616,7869731.985181616,MATCH
91206a37-2703-475d-b540-838e13331679,4cad66c5-9d65-4c03-aaa8-14da56ec0e55,3182187.8980319374,3182187.8980319374,MATCH
b33d9c7c-4e73-4dcc-8664-82ee6844a0e3,2bf6f6c4-4e76-44e9-8a12-ba49e5f5cdc8,8615369.379263224,8615369.379263224,MATCH
a170920c-7416-486b-86af-040d55d8a81a,dd9e7b6d-e751-42a4-b481-38b5639509c4,3115824.991381485,3115824.991381485,MATCH
6035d9af-4a68-4bad-9af4-cf72da622059,af704164-bf16-4454-a685-602c3d8925a9,7683905.987565978,7683905.987565978,MATCH
deba0297-41e1-4f65-a761-0e80f216880d,1114e0da-f87a-46de-be8c-9aab7e388a19,4757407.276631744,4757407.276631744,MATCH
3e84455f-a755-4468-9e74-e1224aed4cc8,1b9b71f0-3f45-44d4-801a-d5cdd72b8154,1573269.9448983949,1573269.9448983949,MATCH
f7974ec8-a41e-4111-9942-96b67e4b4f10,413e84bd-5aff-4594-80dd-8895d0154898,8411640.072824702,8411640.072824702,MATCH
34c6d620-8d06-43e2-9ab6-2311a261d918,7b011fdd-94c0-49e0-9c9c-4570bedd62a7,5363124.250365896,5363124.250365896,MATCH
acba60e2-decc-4aea-a22b-3588c275da34,8fffc06d-167b-4ea0-a945-1370a71372ab,8489625.74630796,8489625.74630796,MATCH
27439b53-06b8-4c8a-83f9-c74d085d5d01,ec511744-05e1-4e2f-b2b7-4922054edd71,9232969.855095072,9232969.855095072,MATCH
f1fcfc36-6ad3-4c40-96d2-6487641a4b74,2a112eab-c5ba-46af-bb60-be1c66d29752,2892628.3358671544,2892628.3358671544,MATCH
24ce3160-551a-4dcd-8f84-2010a48fc1f1,09b4413c-a45c-494a-b452-98c460310461,3429310.6946705966,3429310.6946705966,MATCH
e19383a9-0f5c-465a-a7e8-3b871c7bf8eb,67899d92-f33c-4c36-9a69-0cadaaab5830,4450027.093306478,4450027.093306478,MATCH
e3a060f1-0cd1-4e0c-9dfa-893375d2fda9,a8be8d1f-4b1c-4df3-8865-b35ce79524eb,6466709.98869736,6466709.98869736,MATCH
b2351615-06be-4b4a-bbab-3b0e60a1451d,a8969e70-85cd-4384-b024-979265787d0c,9105851.016744964,9105851.016744964,MATCH
9b72a9fe-669e-498d-a3e7-3896c784ef4b,dfd23d15-7211-4575-ba3e-fd034edeae5f,2091294.5233705589,2091294.5233705589,MATCH
4c66d04f-64b1-4c49-8c0c-f61e9cc10bd8,b8663c7c-a92d-4f4f-b6f3-ba5018302082,5926121.840153479,5926121.840153479,MATCH
b84e2f11-4b52-4dc2-bee9-19726f7b93e7,6c35e33c-70fe-45a1-b880-adc62af2b718,2542631.64650388,2542631.64650388,MATCH
d3520a91-4873-4252-b7a2-a1800a7be6e7,a4d546e1-7239-4201-a768-7c42b3468999,1953005.1458520584,1953005.1458520584,MATCH
293a60be-b7f3-40ad-84d1-c310240f92a4,0991946d-537c-44b0-89d5-af23050bd848,8638009.613601094,8638009.613601094,MATCH
3f6c5de5-6dcf-4b58-82ca-55ed15263fef,25e050f6-b273-493c-9cad-a48a46a42ee1,3468779.521423195,3468779.521423195,MATCH
5f25210e-a82e-4d61-b716-4f3112988e9c,0e378b07-cc53-4c3e-92bb-530d486fac8f,8050993.617974555,8050993.617974555,MATCH
99bf88ed-0b73-4040-b7e3-c6158a5a5d57,32f9b771-0799-4940-b9ad-de7d0b3d58ad,8797478.52253319,8797478.52253319,MATCH
9758a25f-dad8-42da-be17-ddb3304c9c7b,f28bffb9-d5bf-4edb-bb79-da1ecd4f2875,1746923.7823532752,1746923.7823532752,MATCH
93ed82c5-1cf8-4164-913b-776ed08ce31e,3de814ac-9cea-467b-ba82-854ac7e2a618,612179.7432299578,612179.7432299578,MATCH
f2bd509b-564d-46b6-81c7-ea8b267fc6ec,15a905b4-08f6-4b3f-80c9-1cd8d9f8a24e,1161038.3314538284,1161038.3314538284,MATCH
e74f232b-fb87-4271-9d9b-72b9e5ab686c,8f63c2bb-ae41-4155-80bf-6f6b9d4d0658,7879395.921701484,7879395.921701484,MATCH
0151ccb0-1b6f-4a9e-9a98-b7154c60b543,dc420980-0059-4e29-a226-a75bb432ece9,1137221.1931515764,1137221.1931515764,MATCH
7e83e815-9375-4195-a5fd-72f4fbb61ff7,7f5efb6b-cdf4-4137-9e15-433b68b1211a,1268461.275162105,1268461.275162105,MATCH
c83e0032-5fe8-47f4-b08a-ba2101f268f5,d3a71b83-97d0-4f8f-affd-d43b2c691f04,2281921.053583179,2281921.053583179,MATCH
1f53db6e-ab11-4736-b260-282fa30c1e0e,f952f1e8-d029-433c-9e55-f98d4d844cb6,6911731.372351097,6911731.372351097,MATCH
75566ff1-b91a-4e28-a1e6-8d3577c8c297,945d91a5-e33d-4982-96c3-4b19b4a35c95,7848577.591150583,7848577.591150583,MATCH
7fa79708-7e72-49ce-8d7f-65f60cb68029,79f7f38c-6359-45ce-a2aa-6dc77208838e,1571040.703646803,1571040.703646803,MATCH
cf5e7840-bdc5-41bb-9c4e-3b0054ca4adc,f9b81e65-8a34-426b-b2cc-3fc55f775a7a,321241.7567053211,321241.7567053211,MATCH
f17fb786-7d92-4cc0-91d5-1b0630591fbc,5c75352c-45cd-496b-8d8a-16f329ce9bfa,4773179.851542557,4773179.851542557,MATCH
701dadb0-1d96-4c53-a344-ec548caef9ec,ad80016d-b167-44b1-b845-846efdf0861e,6710879.264568928,6710879.264568928,MATCH
2dc4d065-d8fb-4542-83b7-6bf2d604153c,30799b56-576f-4264-9182-e8e7c9070c97,7331644.199785002,7331644.199785002,MATCH
7d57a51f-ce8a-4306-9243-8d1b96bd5e9f,48f9fd0d-5d3b-41d3-a515-99820dd4c0e6,7526482.831097654,7526482.831097654,MATCH
02f77979-7466-4319-afb1-44b5624d2ff7,c891c9c6-8952-4c51-9145-3eb78e59f579,4538522.013408642,4538522.013408642,MATCH
7eecdc53-cf1b-4490-bec5-104077902ddf,de4097c3-3427-4466-97f4-b85d597faaf0,6275197.4727628045,6275197.4727628045,MATCH
380cfd3d-ba6a-441c-bc4a-14cf44b0703f,4775d7ab-d207-4bc4-b885-8b6d23e7cd20,7664383.509320063,7664383.509320063,MATCH
933c3b76-473b-4cd4-84e6-078f6e37b721,af8e26b2-6cfb-4173-ab4d-3d1a39b9c13a,7848577.591150583,7848577.591150583,MATCH
440b71a6-fba1-4732-aa4d-5bb8f5aed2e9,ae2356f3-80e9-4300-8471-9067e5def08e,4600581.082780421,4600581.082780421,MATCH
13c7f140-ea22-4efd-a5ef-2c84c06e6481,d1753cd1-dd69-4f6b-b6b3-5303c7195dd0,8749007.553920206,8749007.553920206,MATCH
06905ba5-17e0-4df5-97df-85b33429c8cf,cadee3ec-6895-4908-ae2c-b8506b17bd75,7424190.471145016,7424190.471145016,MATCH
11730df2-2956-42c6-8bac-fa4aef1e4acf,18407642-9404-4909-981c-a1a0b7bba2aa,441158.4294873349,441158.4294873349,MATCH
5748218a-0700-4750-81db-480a376f6fff,3190b8f4-d73d-42ba-8a17-31d097c768d6,4121938.857504896,4121938.857504896,MATCH
9a11ddf4-be1a-45c9-a12a-c11c21677dca,8bd03267-bd0e-41ce-b85b-c2d301196e6d,2716577.6566425688,2716577.6566425688,MATCH
604f3c8d-961a-4968-a30a-37e53ef433df,9ad75b94-6634-43e9-9317-d8c91060573a,531967.4520780391,531967.4520780391,MATCH
e3caa0c4-3711-42b7-81ea-b1da4496a883,4027b283-02bf-4f1c-89ab-99a3658c72ee,7789800.6170048835,7789800.6170048835,MATCH
75d9c07c-9d93-43ea-8182-144d5b120b1b,a076aed6-5ed3-400e-9f1e-04cbca342e3c,9335946.787535343,9335946.787535343,MATCH
2233212a-f526-4ea2-b953-3cb78ef1a114,489ac27e-6281-43f0-9d9f-ff257e63f654,1798919.70190972,1798919.70190972,MATCH
946f9f07-8673-473a-a5b5-8f3084868583,73315c49-704d-428f-b5a7-58ab6aed979f,8846431.922209404,8846431.922209404,MATCH
01440fa3-5fcf-4c27-868e-47b0d87db947,bf95ff33-cdea-4f52-b7d7-cab335b33f54,1293889.4675410572,1293889.4675410572,MATCH
62e0adf7-a315-4bbb-adb2-31a2cfcc2abd,4dcf2615-c62f-4461-950c-f57e3dc8719c,6132419.957626517,6132419.957626517,MATCH
1aa3c18e-0aaf-4962-b92c-23e3454009f2,91b0af07-4700-4fcf-9eb2-d4901c66fdd9,9739815.072097074,9739815.072097074,MATCH
1c974694-9884-476d-891e-11dfa2cfc32d,db2865da-4cb9-4e7b-a444-4f6430259856,8778200.654716128,8778200.654716128,MATCH
23d99d90-c964-4746-9bd1-65a3b716307d,2ec36411-24df-4dcc-890c-cf972b0c456b,568498.2635399998,568498.2635399998,MATCH
0485742a-6d22-413c-a56d-f639edd9636e,87b8f95c-b265-46c2-aa75-7eeb97e642d6,8306375.853802823,8306375.853802823,MATCH
5ea9f259-45c8-4249-b0fb-b28e0d9bb3b5,383e69a4-81f4-4dfd-bb6b-1c0d702805af,537374.1483931218,537374.1483931218,MATCH
ec7ef0ab-e1a2-4ffa-b7ed-70cff111be9e,5bcc90fc-a1cc-42d8-b1b4-2308b8463413,4374180.206898264,4374180.206898264,MATCH
756aae2d-e581-48d1-a687-944303a1beac,c8c621be-e122-4e75-8719-8f5cf69bd596,3228296.2060268912,3228296.2060268912,MATCH
c0a85dbd-bf5a-410f-a9be-a8c93a24ec19,84aeffbe-ae1f-4957-9f28-e41746273272,830250.1417202072,830250.1417202072,MATCH
9c5a342e-9d01-4d3c-b7df-9baff2a81e6e,70cef646-274b-4b98-85f3-dc5aad68fb45,1526.1908010657046,1526.1908010657046,MATCH
00f0f7fe-b8e7-4cf5-854c-0d1f43470982,e7bd1db7-f780-4afc-a538-c6a705651e80,5511830.594761748,5511830.594761748,MATCH
92e33940-a32c-4e99-bd26-a41b221a7c4e,4a0c408d-9ee8-47fa-9451-b59ff60b9881,506564.89611211047,506564.89611211047,MATCH
66d6089e-ab91-4501-b5bd-62cda76090e7,d64f10b5-84d6-4400-905d-d35c7d127b6b,1206333.93171898,1206333.93171898,MATCH
619c4a06-f5d6-4c8f-a99c-cd734295f5c9,c11ea16b-a6d6-4330-b5b1-9be4835c3541,9207589.116789546,9207589.116789546,MATCH
6c80423a-7e84-40d7-91be-adc15a449143,2bf95861-4827-4440-b6d9-fe1731094211,4628464.397224457,4628464.397224457,MATCH
32b9fc56-51f3-4a1f-903a-9ed2515a3eea,332ac35a-833d-4df1-9e11-a680d5016ada,2823110.067171893,2823110.067171893,MATCH
8bbb8f3f-760e-46aa-a0d9-80baed57a5c8,d0a90840-c8e7-42f6-aabb-6cac48d75165,668137.551517957,668137.551517957,MATCH
76c6533e-1b7a-4c94-8cc3-4f70b2995e18,15cc861a-8f31-4f2e-a4d7-8f641fb026cc,1241534.8708309084,1241534.8708309084,MATCH
8e44f2f8-3de8-44cd-ae15-c527fe2a0cbc,6dcc9c60-9e35-436f-a6aa-394c0cbe938d,8777444.249682127,8777444.249682127,MATCH
ebf3ef99-39d3-4f2b-896e-c0c9a7c5f960,075cc8eb-4dff-49aa-b5bb-abce2c15c4ad,4958442.26834291,4958442.26834291,MATCH
e660a8e0-8b13-4689-9ef2-a148209515d5,9594eea8-4381-4e47-9f3c-5c8a651076d6,4643516.18183381,4643516.18183381,MATCH
74890e8c-e65d-4443-9508-21672ff5cdab,571f7cdb-fe60-4fde-8200-a1aa7c826fbe,9232876.021349514,9232876.021349514,MATCH
b75d2f0c-472e-4f3b-8f9a-fd511a58fa44,cd14eacb-7da8-4631-8c6d-8ddd1edfc59e,4131573.643752608,4131573.643752608,MATCH
e81b60ff-da41-415f-8e29-b9dabd350d2a,5675c8f3-104c-4350-8e8b-76a2082f2fb9,7486830.225285154,7486830.225285154,MATCH
396c8f79-e983-462e-804f-5362244f4ce3,d12972d3-2396-4b83-9cd1-4b22b0e8b2fa,155386.7104295112,155386.7104295112,MATCH
c425d020-4389-4f66-9780-29e939d00762,1ca64c33-30d8-47cd-838d-5f5a2296d3f6,5869748.803862284,5869748.803862284,MATCH
797f6e4d-aa81-4850-8342-96faf6558f35,e0b1d762-c524-4047-8bf2-fb51c4f5b03e,7518727.595787264,7518727.595787264,MATCH
da1eb729-078e-4e4e-8b80-79d7114c440d,44f00717-1d75-4901-b309-106e62928cdc,8045578.144551231,8045578.144551231,MATCH
79315fc6-fa82-465d-ae1b-abe2ca208c07,1046e3df-ddfe-4849-8c48-5cfc9a0270da,6059814.173018593,6059814.173018593,MATCH
b918a6e8-85fd-49e9-b938-41a9d68bc80f,6a367425-fa41-4d2e-8ab2-14388557ec6c,8659370.456422111,8659370.456422111,MATCH
82077e01-6e4c-4501-808f-8cb9659d12db,78202426-3134-4ab8-b9e8-d78149bb1313,7229468.026435299,7229468.026435299,MATCH
12581998-88bb-45bb-a4d3-609098d0fc61,260892d6-f840-46f2-af0e-ebef97e89057,2856367.6313483203,2856367.6313483203,MATCH
44ed4fd5-1c2c-4fb1-8de5-f2f70d394b57,2a96c526-f4ca-4e70-b4b7-99ec48cd42c0,3394842.237730709,3394842.237730709,MATCH
d0fe42af-b993-4041-9f54-f3321f6c6a86,d9025a2c-e3dc-4702-9033-14b1609cf7af,1678607.1955897843,1678607.1955897843,MATCH
2869b5ee-df18-4065-9f58-64d511655b1e,b40b7288-b24d-4a35-a530-4b878e484bc0,6971598.268770118,6971598.268770118,MATCH
c8613afa-1ae1-4565-b3a8-0aa060ee0cbc,af6c2278-2633-4cc6-8bee-d3e31cd889e2,6987747.334673423,6987747.334673423,MATCH
708f75a1-cea6-49bc-82ff-1dad2310c9fb,887fe19c-f7ba-49f9-802a-63cc4d5e42e8,6738415.084001098,6738415.084001098,MATCH
e8273dee-9d7e-4eb7-a3fd-6adec17fcf19,5e8a10da-13fc-427f-b237-cf5b36fc1c46,7635888.193523442,7635888.193523442,MATCH
870b230c-eb04-4ecb-8891-4b26e5551570,1445587e-6ff6-481f-b7dd-362b4a6b836b,1246929.8024886854,1246929.8024886854,MATCH
91855abd-4e90-4e4a-9fd2-8b9e0328a80d,e893786d-a3fb-4609-b34b-92a2f9fc9c3f,5146808.926240702,5146808.926240702,MATCH
bd5bfece-dbd0-4d57-8e07-d8fc83b1c1ec,243b7101-fdf4-4930-a265-df650d56e000,4514547.231997463,4514547.231997463,MATCH
2d15420b-a2bc-4715-8087-be6a4514c416,b9676dc6-d6fd-41a5-b173-12f4659ae9f2,6341512.113939711,6341512.113939711,MATCH
75fa0ebe-e4e3-4c20-843f-1b5f3d958061,8da22a39-50db-4e34-938f-2b906c087d6c,2254285.6726805386,2254285.6726805386,MATCH
831ffc00-9490-429d-be1e-0693c960b851,84d99451-8f18-4e72-9696-dc6c671adde5,485126.1096326872,485126.1096326872,MATCH
c56dbe29-65b8-438c-865f-5046f9a61744,0f571d6b-1452-4130-9ea8-ffe33e59034b,523247.3423526136,523247.3423526136,MATCH
776ffd03-6d7b-4a17-9aac-72b177e7ad81,25848385-1915-4b1c-b44d-a2365c7c0778,3253366.453549357,3253366.453549357,MATCH
e4a07521-ab6d-40aa-b6cf-94298657d8ff,171a8b65-e272-47ca-bf17-6b5540767e21,1076095.7354201274,1076095.7354201274,MATCH
1e87c27e-6bd6-4443-8640-1757fd81a925,1718cfde-6c4e-4a8c-99af-ee6490248225,9357751.179666333,9357751.179666333,MATCH
5e4908c8-290a-42d2-87f9-ee879f35e95d,fa2358bc-86e4-4bac-b0ef-fa1e2bde3c78,501660.02052363387,501660.02052363387,MATCH
bb15894a-eeb4-4b07-8239-01c4ad5209e7,6964eb16-1623-4e87-bacd-c514dae18b28,8580548.93607442,8580548.93607442,MATCH
0679c4f2-2d92-48a4-9922-5b53a6ef8273,2e968660-7c89-417d-b2b1-792b2263960a,4015667.06399695,4015667.06399695,MATCH
640b7b85-353d-4edc-969b-deb1e9a7f5e0,80f58b81-2b7c-4ee3-82a2-79502deb5687,8115288.653281726,8115288.653281726,MATCH
aba5d1c9-035c-4d03-b664-cafa0f6da751,c50c71f4-4d08-4416-960a-3a1330dfc50c,8580548.93607442,8580548.93607442,MATCH
86e35e9b-e047-4ecb-b553-8cd3fcc1c48c,028bffb6-c528-4c36-a545-034c714cd65e,9658589.755833996,9658589.755833996,MATCH
ad9f835f-3fc5-4786-870c-15e3b51ee0dd,12d2d7e6-387d-4add-a430-81aa6022e3ff,773970.6632811297,773970.6632811297,MATCH
f37985df-fa59-407b-a0a7-ca57858117a1,18a95210-9f8c-4c51-9f39-36a54d8131f5,127535.97764035576,127535.97764035576,MATCH
343402ef-44cf-46ba-9302-e6e2387bccda,af97fbd2-a0c4-4942-8206-7d80de4beb12,8852332.536686867,8852332.536686867,MATCH
1f2f087d-ed11-4faf-8e3f-49126405d362,d59f2b69-79a8-432f-a097-1a15c80682d3,5812985.5666224165,5812985.5666224165,MATCH
d60b04a9-9173-4d93-b75c-4f3057696e2f,8522496a-deaf-4fa9-a4a6-3a6cb641d449,8613272.478063824,8613272.478063824,MATCH
9bc81ea5-e2b5-474d-b8c0-f0c306e2ac94,4d7d10f3-7d16-4638-a58a-83773da8b37a,8176564.93254278,8176564.93254278,MATCH
bef46f0c-d4d6-461c-a92f-d9fd30afe613,df629d0c-bc76-47a0-ad98-a416bae27198,2170832.228577734,2170832.228577734,MATCH
6424fa05-4672-48f6-aaee-5d685e09f48e,8fa09a4c-4f10-4ae3-b518-174fc5874243,5211705.052473086,5211705.052473086,MATCH
10f4c941-8fc7-4d79-bb8e-de31e61415dd,29b67b14-354e-45ec-9a33-562c054046cc,4534360.842183237,4534360.842183237,MATCH
c2e41a50-d336-40db-b164-82fe10a0e260,53559e80-bc5e-4e2f-8ebc-1bd7f8378be2,6827785.07876103,6827785.07876103,MATCH
0c5c9940-5753-4534-be48-7b1c4c1f088f,c5274f35-6dc5-4044-b016-b62bd8867545,5201166.688581316,5201166.688581316,MATCH
bdf68eb0-c7e7-4797-b73c-91ca82c3892b,b1c12d4b-60d1-4c16-8855-817d31120678,6464874.218634147,6464874.218634147,MATCH
5b9559d0-2887-4d02-bb54-35ba0255b13b,9b5ad674-8896-44b2-8e92-605915ab7cd2,1512957.406800527,1512957.406800527,MATCH
a09c4325-f047-4beb-a483-c45844852295,c75ff368-5f7d-4bb1-880a-fe9f84a6d693,7233573.859961267,7233573.859961267,MATCH
98dc4031-363f-4ae9-90b8-c1c51b4142aa,e27bb6c4-4d94-4434-8785-9c05dc409942,2425513.6270428514,2425513.6270428514,MATCH
d5185b72-30ac-4fda-bf05-5b1087352231,6e951719-e0d6-4969-878a-943affb2bfe1,6181843.091214773,6181843.091214773,MATCH
1e7d8f7b-8d59-434d-84bd-604fb5502e2b,79803efa-4da0-4e48-b531-518a24c58b47,3725946.197175324,3725946.197175324,MATCH
2ad0d57e-730c-49bc-9073-c0c3d1c06099,14c08f6d-0764-41d3-a75d-d45952d36897,8863338.42387035,8863338.42387035,MATCH
7ca08cde-4dbb-47cd-a9a0-99deaa10e595,d3b68150-0205-416a-981a-b26ce8c35a79,587308.9156571323,587308.9156571323,MATCH
e9fedd48-5684-4457-9cfc-df01f8401eea,bb56588b-b172-4c53-832e-2730c0c9c3ed,9115667.732128378,9115667.732128378,MATCH
9d065ae8-4358-4e3f-b01f-90e76b0c7da5,6e9c92ba-bbb5-4037-9e23-faf9e66414db,2458097.357138875,2458097.357138875,MATCH
7a59697d-93f0-40c7-bd92-f1cb87101172,b0b710ab-f690-42cf-ac7e-5cc6b0cf3e7f,8286876.551656448,8286876.551656448,MATCH
6cfb6acc-2e0c-4488-a76f-7d3c62522f26,ab35f75a-a433-46c9-bd3d-6b721f3ec572,4466091.1842463575,4466091.1842463575,MATCH
d17bd6cc-2195-4073-a697-9d0fa7c02a59,a76c11cb-66f2-4d1d-83d6-af3f2c727675,695264.4512046408,695264.4512046408,MATCH
a194c7b1-bcef-40f8-8092-6d61368b7d68,296be903-4e09-4596-ab45-eaf07ad30e2a,1112734.847481208,1112734.847481208,MATCH
7aa03208-e6f4-4dcf-a5f9-3ab95e5f310c,25693e13-0efa-4993-94e7-4f2629b05b37,5110722.14335608,5110722.14335608,MATCH
1891e25c-2418-47fd-8754-3604aa9b64ba,e9eba9fe-9a5e-43f5-8c94-d15ca13d2600,8559389.058175895,8559389.058175895,MATCH
afe1d845-a18a-4249-945a-1de3731dc76f,6083bf88-57dd-451e-a4dc-4d4e108e04ac,3368472.487607093,3368472.487607093,MATCH
611f98ef-dc3c-423a-9bae-fd9e88c06786,eefe02c3-4276-4fe1-a09f-4ff210a71298,1652829.722126292,1652829.722126292,MATCH
0d2dba72-3b06-4d82-bfab-9b071e307f10,223bd9be-b11c-420e-a9fd-197204105bd1,5922161.2715123575,5922161.2715123575,MATCH
a0a2e9bd-4478-49c0-b129-9cb78b248c7e,6ad73453-1d2c-4c89-8d75-e6dec19d5186,4829559.228891618,4829559.228891618,MATCH
cbfe68f0-b8a9-4704-b25a-a10d63fe557c,daea544a-291a-4905-9a29-fe6b590bd0c6,1037895.712591456,1037895.712591456,MATCH
9bd65690-e8f9-4c88-86a7-6b07efede7bb,967aefbb-5404-401d-8468-1060743e5fef,2929717.243940236,2929717.243940236,MATCH
eedf4f78-dc99-4976-808e-c990c9f279a8,254338df-173d-4030-877d-868859fe1c45,9683274.56011998,9683274.56011998,MATCH
0911e215-e4b7-4864-9362-dea783f9b580,76b90472-7470-424c-b9f6-b641063ff61e,4311241.890822144,4311241.890822144,MATCH
8b1d2284-5b6c-4b7a-990c-2e2a6467e0c0,e6f8dac3-b8ef-4250-b9fe-60c6b2b302d3,3292070.360831074,3292070.360831074,MATCH
d6578ecb-5529-485a-8444-c6f1bcc9c2e6,afa9d02c-9e4c-4be7-b3b0-e73d5e516bf8,4727463.906283058,4727463.906283058,MATCH
8ffa1194-c14a-4a61-b58f-b73fb0bde14f,857f2f3e-61a9-4fb1-9f69-a5609baa0785,6200204.81405364,6200204.81405364,MATCH
20c8667f-b46f-4145-a5e9-2e49b26c8876,12bcf090-06d6-4ba7-b650-9bcd0b6d35d7,6541291.760749752,6541291.760749752,MATCH
689ab92d-37c4-46a1-8e7d-e390d825b478,9db8ef7e-55ed-4864-b68b-6ba090ebba12,4591167.046730804,4591167.046730804,MATCH
c474e1c0-0f16-4af8-bb80-8449c2b579c2,0610c42d-c024-4ac1-89d8-3188d00dcc4f,1741149.0715284229,1741149.0715284229,MATCH
2f701b32-5738-4b52-926c-4e50dd4f4af2,b99e6f7b-23c0-4eb1-949b-862d1f7b6b19,4920588.49568272,4920588.49568272,MATCH
1a3ecc71-86cc-456b-b0bb-1e32c14fa9be,6a6a0149-0b44-476d-aac3-9be9b958d153,6134634.495470131,6134634.495470131,MATCH
9110c9fd-747c-418f-8b9a-efff6ef735aa,b69f627c-fae4-4d7c-a1b1-087efa4cb559,1045981.4557115366,1045981.4557115366,MATCH
4ce7db3f-6259-46cc-9696-e8334728ddf6,4b7faa4c-0d5d-4f64-8f2b-892b0e484034,4778703.97444521,4778703.97444521,MATCH
ec1f5d97-2a98-4090-831f-d30229fd9b08,e9917f60-a8c4-40ca-90a4-a31afc00f3e7,6611628.110468064,6611628.110468064,MATCH
eada2885-efda-40bf-b892-0f7295309450,605a34f5-d012-4e91-b8d7-8cbc5a5ddcc5,5190169.231393622,5190169.231393622,MATCH
4eba12da-4d20-46cf-ac0c-ad5ce2095271,4dd7cb5c-b5a7-4756-af40-55ddd98d213c,618679.3059230238,618679.3059230238,MATCH
1a985b74-ceb3-470f-8bab-9c9cc0266d51,ffdba2ee-57d3-4c63-a3e1-03bbae8e6075,535924.7662060981,535924.7662060981,MATCH
59ccc94a-bc1c-460d-bd9c-03c773deaa56,7107514f-b54a-41ba-8ac8-927eba751921,5823911.800467929,5823911.800467929,MATCH
e65e0ac3-32b6-4533-85cc-0fb0e1a62208,2df80502-0653-4e85-a1e3-0fb445e49a9e,5681584.127863265,5681584.127863265,MATCH
2508f357-474a-4674-ba09-8484f5a7620d,d1d06bcd-195e-4d72-917e-894e91faf1c7,6352880.221655149,6352880.221655149,MATCH
54ca6897-be71-4d60-abca-4f866500f793,35b50ec5-b3ed-4f33-b587-d26ddf02774d,7702752.712601108,7702752.712601108,MATCH
18ce58d1-c5e3-4e15-b1dc-527047802d60,15fbf5dc-caba-4f3c-9735-773c761e6287,118075.20114713414,118075.20114713414,MATCH
1d10b6f6-a91d-4cb2-91a3-d21bf4d1183f,3516567d-40b5-4023-aa32-e55373708a7e,2649419.182442688,2649419.182442688,MATCH
a525dcd0-08b9-42e9-8d81-c859949e24ad,1ecae0c0-04c7-4b2a-a598-e5c280acefb5,8950435.385325542,8950435.385325542,MATCH
52bcb64d-c594-48c5-8ff0-18450f90cd63,53bd8128-22f0-4403-aac9-7d37b5878d33,1701852.690349429,1701852.690349429,MATCH
ab87aea4-c54f-47ad-b750-bfbbdaf9ae1b,912cf322-735e-4153-9c38-92e8f2cfcd63,813926.9036177595,813926.9036177595,MATCH
e830257d-cf8b-4eb2-83f1-5176eed15809,2f4ddc9b-3334-4d07-a6b3-6561966d2735,230190.1427064402,230190.1427064402,MATCH
e7dd93a5-2b51-4424-b595-459de5d20eae,f1ae8af9-2826-4561-bf1a-61d70858f527,7715402.902814196,7715402.902814196,MATCH
4008d4da-a819-413d-84fa-84a427d764ce,83c5c510-0e08-4343-aea7-7ea8bc5ad195,2156601.553671057,2156601.553671057,MATCH
57713fff-4971-4ec3-8bbd-373242a1a429,83239ba9-771a-43fe-8a88-57a5957e8c66,1692869.6358197746,1692869.6358197746,MATCH
eee5b33e-2dd3-4f8e-9fcb-f48261e8baa5,68a69e71-df22-4246-a6fb-61d3fba26c21,9619625.728784196,9619625.728784196,MATCH
db19de67-bc3a-4abb-a5aa-9765a8d3bb7d,2528d32d-a60c-4bed-bb2a-7f1035901039,8477872.245013686,8477872.245013686,MATCH
7108022a-12a8-4ff7-bffb-bc83d8c80184,2b0e63fd-fc3d-4138-8a5a-42725f90ee57,8359569.569286149,8359569.569286149,MATCH
6716d461-307f-4576-8b43-f87331a580d7,a82e6889-b717-4acf-97ab-ed02da7bf28b,6062703.755635414,6062703.755635414,MATCH
76a6e2e6-d4d3-4808-a054-a51cab1ead74,6d572692-fb92-4354-b34d-4b136065f5cf,9180044.50915041,9180044.50915041,MATCH
d4541573-b70f-4392-863d-aa902a0b83f4,7b189d5d-9b24-4a55-8fe8-8b776009a05a,5669553.707926832,5669553.707926832,MATCH
ec1f0155-6662-4bd2-b243-b5c6833d7595,bffbd93b-2b15-419e-95bf-85f32e3f674c,8803196.89423905,8803196.89423905,MATCH
744cc6ae-e03f-4f2c-b2bf-fc3fae0e289b,2275b1e2-f141-42c7-a0dc-ec7d3b172319,9395748.063378377,9395748.063378377,MATCH
917bc866-6874-4b44-863e-23bf5c0c309c,6532b3ae-16f7-41ac-8cf6-a29711e74656,4506089.9696980845,4506089.9696980845,MATCH
aca65492-95a9-4dd7-bd8f-a26f1f16de17,1ef11a27-1c3e-4da4-a89b-4fb2da317fd7,3625740.889151352,3625740.889151352,MATCH
3cfbc642-8897-4497-8bad-4234395370c0,eee31d47-10ec-46ae-95dd-df38fc9454ae,7030694.734864539,7030694.734864539,MATCH
5db2f6ce-e519-4530-98eb-3e59f9a1de3f,955bc346-31f5-4560-a42d-10f59bafcc20,6208119.373962666,6208119.373962666,MATCH
461fe028-f727-4e90-9ba1-68b8a3840e2b,f3abd246-7570-4730-a5e7-9add68c87ed8,6626595.331123728,6626595.331123728,MATCH
45d62ecd-3030-47f4-95d4-999b39d88a14,e5c345fc-f395-4213-b9ee-f2c0aa7a907d,720321.0136068553,720321.0136068553,MATCH
1cc41c62-380b-44cb-98b6-66f84ba0768a,fe0d40b4-6949-4671-be55-33bae8a2f417,5855065.663224695,5855065.663224695,MATCH
42a1279b-8bf5-4aed-9904-b887d77b03b3,c2fd6177-75ff-499a-a2ef-0f5381383447,5996470.044765465,5996470.044765465,MATCH
1b9dff1b-f52a-4cbf-9c17-729f21a496a8,ccc67ffd-5e3e-4e60-9ef6-a99f73b4daf3,27711.518181998068,27711.518181998068,MATCH
d63c04c0-144b-48bc-a207-6595be209925,3f5c022a-9a86-413d-b6c9-dd3806a2074c,619279.9394658486,619279.9394658486,MATCH
a095c0d0-a26e-47da-b2fd-a085091f73f3,24877651-fdb7-4107-81e7-cde733a2ca5f,3618409.055813704,3618409.055813704,MATCH
19db533e-80ea-43af-bdcf-c159e581c1bc,c3e3c148-06e2-4861-957e-dc3cbdf774c8,8616071.34466721,8616071.34466721,MATCH
c5cbfedd-5268-4879-87d1-931cf9f209ab,166f419a-4d7a-4829-8dfc-ef75651e89f1,8796510.893542843,8796510.893542843,MATCH
631a9c3c-0d59-4303-bb6f-b65b8d70600f,85e89165-e189-4b25-ba5b-ece9db00ab4c,1725376.540453788,1725376.540453788,MATCH
82f47196-1a41-457f-8bf7-0dc68b6daa25,592448ee-7ac1-44f9-8472-f9f6ec6494e0,8245778.757733637,8245778.757733637,MATCH
c7ca7ddc-171a-4d35-a112-7927cd6aee30,0c39bd0e-b25d-4530-b12a-b8eb3756b005,4767762.985703125,4767762.985703125,MATCH
d015f623-83d0-4e33-b296-c4c04201938b,f75ddff4-5d12-4e9b-8c6f-9a458192ef8f,1974650.4401398413,1974650.4401398413,MATCH
69c718ee-aea4-47d6-955f-a2f45fa9b21a,be015802-d2eb-4277-b64d-4de0a92a9880,8656668.851043828,8656668.851043828,MATCH
19f5af3c-bb90-4dfe-afa1-ff1758a64190,534234cf-1974-4b71-a00f-7ed09248c8c8,3584336.1544155474,3584336.1544155474,MATCH
5c98fd57-3c35-4ce2-9656-07c0b3fdec76,b4693ec4-5c7a-48ef-8324-5e357eedcc65,3944063.244072773,3944063.244072773,MATCH
9ed0fe5f-b3bc-4791-8882-f6eba254da12,9a244525-6bbe-4bd6-9a13-41e710fd7164,2237730.705179402,2237730.705179402,MATCH
def42b39-2d49-4235-bc77-5a20b4a4cb80,0ea761a6-9c5d-4b8d-a0e1-2973660237ed,9503500.265444372,9503500.265444372,MATCH
4feeea91-8003-44a8-9c7a-b4e3ee8b09a3,07ec2d32-89e4-4c28-93d8-8e04a6b96653,1980280.907695261,1980280.907695261,MATCH
de2bfe58-73d2-439e-b99d-d6d562b51781,fabfa7ef-6e89-47a8-b68d-4037d8fe3fb8,1028779.940653247,1028779.940653247,MATCH
9dc33d41-0434-46c3-a64d-cc1d16f28319,a43f683a-a431-41e4-8d56-5923c310d2a2,4955256.119471916,4955256.119471916,MATCH
fa33fa98-63f2-4557-a2e2-d1caf07bf9bb,c5fae047-6f66-4013-869d-4cb7b7f5155a,84660.83013336764,84660.83013336764,MATCH
586b3c22-4652-4e16-a489-149f6e5c9ae7,a65741db-61bc-4c56-82bb-8f6341458abc,8231509.508190612,8231509.508190612,MATCH
54d144d5-18ed-4297-acb8-3fceb3e1511b,594ffd27-5dcd-4d40-9641-510220d1968f,1384139.7204832549,1384139.7204832549,MATCH
23ce37db-7cb8-449d-864b-789acd9b79fd,7b2e00e6-c802-4d0e-9cc7-eb514598ab17,3691049.2113032327,3691049.2113032327,MATCH
204d3f55-8559-4d77-b1e0-07b0bb6a3647,b063e9a0-d393-4aad-8835-075f2d798f3e,5625950.929687716,5625950.929687716,MATCH
945b3711-0a85-4722-b0c9-5ec44f2fcfd6,097ef98d-c25a-4eb3-a4ad-19050fbc6377,5653323.947041678,5653323.947041678,MATCH
776094f6-25aa-420f-af7e-ad9eed5f24c3,b366ffd1-ae4d-4a19-a2c2-aa2466e9a80e,1682766.8545790634,1682766.8545790634,MATCH
344c96cc-3f48-45f0-98cc-0e298513176c,7b2e60e1-6ae6-4480-8b70-4f97ded44617,4946167.184014649,4946167.184014649,MATCH
eaacabb4-3802-485f-a14b-a540ea041d0b,1a482803-0204-4c81-9577-32970d093c73,3231351.853741583,3231351.853741583,MATCH
280d4e22-982e-4afd-b7fc-562b9ffe3709,625046c0-5f86-4c8e-be00-6ccbf8723487,4255427.534063881,4255427.534063881,MATCH
ed486d9a-e69f-4f78-af4c-113dc35f4e12,ef36feb1-bb8f-4b2b-991b-1cb635eabd3e,8447784.111622203,8447784.111622203,MATCH
31ed10f5-44e9-48ac-9122-f00170e68474,e1e669e5-c055-4921-a35b-8f49823483a8,7687248.27331569,7687248.27331569,MATCH
ed6ae39f-b560-4484-9377-49f62e2d0681,24784b7d-51ee-4cc8-9947-4d1a63d316c1,6432850.607144741,6432850.607144741,MATCH
e656cfbc-8ed2-4e16-9ec8-0917af744001,2fb7e9bd-5fe9-4750-ad28-a2a82baeafc7,639077.3443487138,639077.3443487138,MATCH
9e79a6fe-6680-45e3-b63c-bc32be3e1402,851b5f38-c069-4f1d-a93c-94131396a289,5408214.252974728,5408214.252974728,MATCH
c86022c4-b4da-4f04-b951-0a4532cb28ba,a50a0a29-bcda-435f-b1a0-cff86b8da340,7752041.397495275,7752041.397495275,MATCH
0804ccea-9175-4c63-91f7-c01736a5faba,c840789b-7c60-4399-b8f4-0e5ef6babccc,2340165.12551527,2340165.12551527,MATCH
b38adf82-6e02-4a88-a00f-8ed9b2086418,d900b745-311d-4ed4-863a-5bb6c841b6a8,3248884.1105120056,3248884.1105120056,MATCH
bddfd7eb-8591-4036-a88c-22220148a245,a84ca488-ec40-44c6-9a60-69f38e40b294,6968229.056420967,6968229.056420967,MATCH
1d15571c-5100-4ab9-9d42-da677fdbabc1,5e24296e-b736-4ad9-b9a8-226b5ced7017,2749729.0346522764,2749729.0346522764,MATCH
1d191f64-f8cf-414a-9ea7-e1ae7006a2c6,3fbc75e0-9b19-4112-ad2a-e08e6c8c5d0e,1562716.0513239943,1562716.0513239943,MATCH
be09f835-0679-45ab-a1e5-48ca926114b7,754a3e48-a5b1-4afd-af2c-20ac953922c0,2899171.480245851,2899171.480245851,MATCH
c72fa86e-5561-4496-a8c4-4e4c5ce1bcc2,fc9dc0d0-c2d9-4cc9-9cdb-f14e5ca59057,1680405.9930671882,1680405.9930671882,MATCH
c8132025-4dac-433c-ba43-82176e77cdd3,aeb0b110-ac13-4249-90d2-2d54bd22f7fc,321628.4252985223,321628.4252985223,MATCH
c279d913-7afd-4923-a3a4-957133cb59ef,e5a5829e-cb8c-4d76-b03c-1503d4e20134,8053509.152714629,8053509.152714629,MATCH
f679d544-5acf-414a-a834-fb5be879c9a6,3ecb1bd6-34af-42e1-8968-e8ee4663f1a1,7822511.5215736125,7822511.5215736125,MATCH
d9815a41-e1cc-433c-9838-d1688d3a5b2d,3c3c9c08-e523-48a9-9223-d9061db67101,4463888.030951961,4463888.030951961,MATCH
edd24200-f884-495d-8a45-e44d4cd82847,27177e59-5548-4613-8f69-ef2dfb2c2c83,4982032.606066923,4982032.606066923,MATCH
73905263-b653-4dba-9faf-c6cf4c5fccfb,aa0a2259-859f-42bb-9ee2-6f39eed4db89,7373001.628211291,7373001.628211291,MATCH
8ddd6a3e-492d-45a7-be50-150015a75ed9,f3e816b5-a353-4a98-8b68-a34eca1fbff2,2425061.345054516,2425061.345054516,MATCH
8df8dff9-c3f8-4f2d-836c-9e186b2b0c27,d7b4db17-4b65-4517-9519-613ce6c71f15,2579432.243928904,2579432.243928904,MATCH
788664f3-1993-4dfe-983f-097d28c9d68c,5cbad410-0256-4225-a6b7-8891bc3ddbfc,175631.52061975398,175631.52061975398,MATCH
29aaaa7e-483e-46a1-bd51-d528072e35dd,8e81b2f0-2d47-4c4f-8869-7ffa09360f02,1855842.3633012355,1855842.3633012355,MATCH
f098aa1f-23f4-49be-ac95-ccf1a6798ab0,6ed338be-4cc6-467e-8ddb-3f9e81300e68,2449747.5516323554,2449747.5516323554,MATCH
e028c315-928f-4bae-b8a7-c67868e968cf,88df12c1-1fc8-428d-8b4d-10792d5f60d9,7201625.8232962685,7201625.8232962685,MATCH
bb1fdb98-6f5a-481a-b1ca-a64c93727484,b4dea4a4-d900-4a4b-bf31-78464600fc5f,6200396.782681381,6200396.782681381,MATCH
9f4325f4-b352-4505-a864-6e0c80d458b9,e4fb2a3b-dc05-4e03-93f4-71e72cba1bc6,7475237.251856899,7475237.251856899,MATCH
dfe6b589-79b8-423d-aa31-89ba24b17e45,e041f0a3-3056-487f-a8f2-6d6384bed7ed,2380169.50857223,2380169.50857223,MATCH
487f70f0-e5e4-4935-93bd-99f9c5f4656a,a66ccf43-83f3-4f4e-baf3-6aec1e0a7157,1816103.8210503631,1816103.8210503631,MATCH
10652764-f40b-4779-9064-0ae68d2bb00b,0acd1ac7-e919-4919-8a08-7252e04872dc,4961531.630267148,4961531.630267148,MATCH
5b00f1a0-d2ed-4196-82aa-1c76d0e04655,a2f5a68b-d590-4435-a3fb-6d0bf4be28b4,9549987.401725356,9549987.401725356,MATCH
faa1d736-bee6-406e-b7f7-a96a09572517,4f2c386f-627b-4edd-8d7f-937140c37cbc,6707279.81291784,6707279.81291784,MATCH
ae608948-1bf3-44ef-aefe-236884c42de1,f0f24933-d544-479b-aab7-6840f5b5ac71,530401.9418744862,530401.9418744862,MATCH
d06200e3-356a-4651-9727-bd831ac2c99a,bd20c36a-2705-44cb-a704-b1152a85e3b1,1619087.8427834718,1619087.8427834718,MATCH
29c3d598-d0c2-4f21-b1bf-5c97e473b0b0,f3d6b9f2-d4d7-40ca-b08d-16769d09a404,3702468.378919309,3702468.378919309,MATCH
84909370-e430-4b91-956f-e90eb5ccdbe6,70696977-33af-45be-993d-87221f7bd82f,9132252.720431209,9132252.720431209,MATCH
40944f95-2f51-4ca6-ae4f-f4a419cb84c8,42aa0bc7-70de-43fc-a060-917a931414e8,6477101.074995171,6477101.074995171,MATCH
b9291d34-db6e-40ba-842c-a512f369c683,b62e8f02-d7b7-4862-b347-f1d458c6b1c6,3473999.338192299,3473999.338192299,MATCH
534d388e-7279-4c9e-b828-1e0b6b6a838e,1397b542-5e65-4990-becd-0ded1f08f855,6232663.1370862685,6232663.1370862685,MATCH
0ad33361-7c22-4735-8a95-7c2e65df39cb,529b20e0-53bf-4b10-90cc-c1a51b912adc,2385529.980050424,2385529.980050424,MATCH
842ee348-5dc2-4d9b-b1bd-b57bb8dddfc2,a358c4d3-fc76-427b-80cd-11a8301c8108,2952698.515373765,2952698.515373765,MATCH
861550f6-6b43-4b40-bb9a-21c41155581f,89d56357-1566-4feb-85c5-bf8d321a6c3f,8534645.687747438,8534645.687747438,MATCH
a67c7bd7-39a9-48a9-81f2-5a737f20f661,319aed6a-8d41-4b4c-aba4-63087e7786aa,4247654.342029066,4247654.342029066,MATCH
3ae19f9c-0634-40e6-8d2c-e7964878917a,3505c563-9fea-47cc-b086-2fe3a0751372,4071435.320959031,4071435.320959031,MATCH
d5da16fd-4a68-498f-bd8b-b697ae1782f6,1a140609-f287-4989-9bbf-46edc83b6467,2172245.515835233,2172245.515835233,MATCH
fd8ac696-461b-4bc3-89d2-61e066ba7e51,5388d128-c96d-425e-a563-9cf4a7dfeb92,8658825.478668777,8658825.478668777,MATCH
bb98abdf-71ec-42ad-bdb5-38c9b16d3da7,66a466d4-94c8-469d-84b1-a1ee794836f2,8921829.05551396,8921829.05551396,MATCH
0571dd83-938f-4b37-bc86-25826202f35d,0a5a2698-17cb-47b8-ad0f-74e6a174a785,3411564.9285288183,3411564.9285288183,MATCH
024559a5-709d-4505-846b-96f976751903,fb5f5290-b11c-4dff-b1dd-348c79c91e00,9069559.901069837,9069559.901069837,MATCH
483fca72-4a1a-4c2e-baed-edf46f302743,1bff56f4-13b2-41ab-b4e5-80aaf5504c52,2888632.4957894483,2888632.4957894483,MATCH
b7d0c829-dcf9-4680-87ca-07d8d2c57940,fca54576-8523-43d7-9a5d-376e602ba256,8045072.517217597,8045072.517217597,MATCH
53ae1065-99f7-4c76-abcf-d03f73e9b99b,2fb50401-9d26-4076-9e44-b774cf9d539c,8996254.225208364,8996254.225208364,MATCH
a51581ba-d206-499a-a872-443469b6175e,222db2cf-bc34-4d5d-9f9e-14257a7628e6,8299579.267453922,8299579.267453922,MATCH
d053d7f4-5ec9-4fdc-83ad-d1a4f481b9cb,416aa7f6-eafd-4e7b-ba5d-bd40ed711fe9,6346758.362888949,6346758.362888949,MATCH
f7eefd84-b31c-4349-9799-2f42351b3e63,efed098b-979a-4368-bd96-bb0a5719d3e4,7352395.472602529,7352395.472602529,MATCH
0473b982-d1a5-49db-8b90-b03d1c00b895,9c4e7b65-c81a-4f0f-9b1b-ba94f9834d4b,7277956.561600978,7277956.561600978,MATCH
5b952506-2f98-4e44-8a78-2f586dec4b0d,0c767092-dcff-47b6-b61c-2373211b20eb,8038132.928436594,8038132.928436594,MATCH
39cbc41a-cc50-4bea-9e6d-4e252575dbd1,c5346e41-76d6-4c39-b822-7b0d81ee30e4,8389438.304244636,8389438.304244636,MATCH
2067902b-f099-42b6-b10c-cf77ba4d6c8e,fd2336f4-5b44-46ed-b107-6f2e0a715350,5193825.292489775,5193825.292489775,MATCH
a341441c-3c16-4571-957a-66e5a18af1fd,2ef634f2-a8b9-4820-a92c-5b92627967a3,8415789.656026028,8415789.656026028,MATCH
08a43ec0-d619-48aa-bfb8-66b205733d10,1a115f59-10d7-4164-ae8d-0018a04dac84,5975105.59781706,5975105.59781706,MATCH
06103d84-2672-420c-866a-5821ceb7f2d6,6d9b1eb1-18eb-4ed7-a16d-41c8575c9669,5523283.754637353,5523283.754637353,MATCH
9d96bf5e-4d9e-4bb9-beb2-f90442cf4e6d,a3e2ac17-5450-461f-90e2-b6766822d128,1561799.4281316495,1561799.4281316495,MATCH
c15da547-0db4-497a-8b18-8a0de0b7d818,70a91477-ff1b-454d-ac65-659da2ef1e21,4864003.203517994,4864003.203517994,MATCH
cf1d46be-2e0e-443d-9d59-b30807aa2515,d19fcf31-1dd7-4f1f-938e-f8ccea8104ad,9008788.895155976,9008788.895155976,MATCH
a06a7de4-9755-428f-9147-c3ba2f875748,8c7aa939-ff0d-43c2-ac4d-cd33d51528af,6340726.863694745,6340726.863694745,MATCH
89f9c43e-6b07-4c79-bbe4-3aa78c58fff0,95866982-f7e8-48a2-821d-f2cfd9fc13b8,5436351.826724755,5436351.826724755,MATCH
ca4c3b4d-fc8a-4e6a-9051-385e0b7ce5c6,78460474-927c-4ea7-8a15-9e92af74ae63,4472904.843268059,4472904.843268059,MATCH
741a5b09-a63f-43ea-ac85-2cc75eb00e6f,9645dec1-840d-414b-bbd5-48637974c90b,1606841.905698695,1606841.905698695,MATCH
425ca2e3-8682-462f-a8ae-013ac6807bb4,6021a15b-4207-4b51-92ff-eff5e49c5edd,202160.7313045144,202160.7313045144,MATCH
e71594ff-d6a6-4618-8eb1-8c8843b63613,e05b1892-64bc-48cf-ae90-4b5c5e1b015f,4321717.751115972,4321717.751115972,MATCH
051978bf-8a2e-40d6-9ade-bcc221144198,08d16094-b6e3-491b-b777-d8232d8d7db8,137891.38871177536,137891.38871177536,MATCH
1e4c3fdf-556e-4ce4-9d9e-4da21387bcda,c8b62c18-c355-453e-b0d9-751c6cc0067f,3117733.006642378,3117733.006642378,MATCH
59a7e6e4-2341-49c5-805d-f1860cc66163,4d3129b3-e187-4e93-b281-f976c680a2e5,5005044.584138716,5005044.584138716,MATCH
16d7ba54-5a76-4b48-9d03-14d893964405,910171d2-1138-478b-85fb-3e8a563b04fa,6137003.071460691,6137003.071460691,MATCH
8f97b21d-028a-4f1c-92b1-2838639e8bbc,7d8823d2-0e51-4083-96e8-3922dce70289,9119189.700272266,9119189.700272266,MATCH
7e45fee4-6ea8-4b32-a38d-9fb071c487bc,4a85e443-3ba8-48d9-b4b5-5b8648a84587,5569237.974129516,5569237.974129516,MATCH
caf91924-4f2c-4cfd-9724-5dacf8673a5b,b245b7d9-4849-432c-8875-4d16ba0c96e2,7034012.273604747,7034012.273604747,MATCH
2de1bda4-6a92-447b-9154-00a60283a43b,782152e0-b701-4925-a2fb-e906554ed52c,7237676.220136968,7237676.220136968,MATCH
7d6448b2-f12d-4664-9d65-5951352aa2af,225f52ab-5425-44b8-a098-d2e3bd3fdb62,957543.9286435972,957543.9286435972,MATCH
63380b42-1887-4a69-aabd-37dac357a620,0e6bbde0-ed0d-4017-ab10-a823d7770933,4761663.240881002,4761663.240881002,MATCH
f8c59ac6-133c-49cf-93f8-e789b1e93b1a,a0456992-d793-40f1-af8f-d55c3de54ee2,7653188.542352325,7653188.542352325,MATCH
bf415c98-5a8e-4f05-a3ce-cf1e296df91f,34680b6e-c609-4b78-b597-1e438f8dd995,6661347.397584914,6661347.397584914,MATCH
33815e0d-39ba-443a-893d-269eadc90caa,d6e8aad3-403a-423a-990d-dc7345f72e6c,1482090.931534071,1482090.931534071,MATCH
7d9def75-1138-48db-af2f-841100d190bd,d2cc4853-9cef-4ef4-a41e-7f8c4c25998e,2929308.179705108,2929308.179705108,MATCH
8de58a88-6a93-416a-a2bc-a1044001570a,3c70dfca-fba2-45f1-96c7-6990740173c1,8871738.253838865,8871738.253838865,MATCH
310f8eb5-cb2c-4e21-9dce-0e8cf714bab7,1c285022-880e-4ddd-9fe7-2d214526ed62,4906701.104170485,4906701.104170485,MATCH
b2c68986-3c2f-4b76-ba58-4a4b092e9fab,0fdf60d5-20a6-4f9b-885b-811b10a5b073,5040288.369658863,5040288.369658863,MATCH
69ff6cc0-74bc-405c-bfc1-9ef6a61f135f,5132fe68-a1a0-44a9-b058-3380ea77d1d6,3542563.65049168,3542563.65049168,MATCH
84f612df-5f0a-44fb-b6e7-d214f3b5f7d7,4cdbf99e-ebe9-4dd4-a80d-9169c24489e1,3232370.546882772,3232370.546882772,MATCH
af8f8cf0-451a-4ec7-9cdd-e8ca7bfeadd1,3ecd0888-01af-4939-84df-5b8dc4eb8e5d,4955564.995705527,4955564.995705527,MATCH
5cbe693e-5e7f-48d9-bc33-499fc4916b7f,a71db3a6-2c28-4bbd-b45d-bd91989da530,3446280.6951720347,3446280.6951720347,MATCH
7458d92c-a1da-4c7a-9b88-26edff4a9185,7925b7d5-7c65-4804-ae9f-f73c440dd09f,108868.44952000372,108868.44952000372,MATCH
96b93974-f587-43c5-999a-e3daaae39bc0,a14ed649-926e-402e-8659-8f83b50b9ff8,9465518.672006896,9465518.672006896,MATCH
e85cc863-48cf-41da-bbbc-cb5d474f9205,a3fdd59c-82d2-4bf8-a1e3-178b72ebde4e,309159.5656129496,309159.5656129496,MATCH
565bb785-b8f9-45fc-a959-8983785e02ee,ca1c3218-c19d-41c5-85e1-8b7797f971d5,4533467.799241682,4533467.799241682,MATCH
390e9f57-363d-4fb5-abaf-1e8fda095b0c,f83bf029-b6ac-4048-8430-8e0c3fe604f4,839271.0649074927,839271.0649074927,MATCH
a09fc700-24ce-4460-af5a-9491153d1653,9b3b5b4c-ff2a-40c0-9ab3-83c9e88188c3,2181914.6422122503,2181914.6422122503,MATCH
d52a85c8-6579-4c22-82c8-37b6290c9e51,7d457a09-402d-45e8-9f47-d9021ba84a91,3511981.970758981,3511981.970758981,MATCH
0c2ca7fa-e525-4eaf-91e1-17993f39562d,d6de70c5-2ce4-499d-b924-08c32ea9ef6c,6903563.929217058,6903563.929217058,MATCH
3dcc4915-934a-45d9-88cf-ffa2132497ee,14c62aba-89c2-4ba5-a48d-f4c0c330ec14,875674.192051313,875674.192051313,MATCH
3caaa31e-13d3-4726-82d3-39481cf98855,d8f80018-56fe-4769-ac9d-e90ab805ae3c,7113584.963320623,7113584.963320623,MATCH
bb647511-61ec-4f07-a60c-13290c941263,ebf6dd32-56d2-4b12-af5a-7636e8b8d252,8218541.836442037,8218541.836442037,MATCH
82380358-2d3d-4b8a-b047-3d9d520826b8,b8f6703b-77ff-4c31-81f3-78378d783178,4697265.744942542,4697265.744942542,MATCH
bb8e37e2-c32b-4a73-b417-dee1b8dc6390,4748ffb3-d0a9-4757-a870-2d9710e67176,4538792.530839268,4538792.530839268,MATCH
a6e486bf-8d2e-4a22-b544-f70c593acb51,25e6d919-ddeb-4d5c-b842-7379d888dcb6,2902504.139136571,2902504.139136571,MATCH
94108438-f82e-4e1b-a390-0655730733d5,abede2b6-c9ee-497c-aade-7b17b0d090bd,8201359.521400754,8201359.521400754,MATCH
6b4a3541-f123-467e-996a-2b3632d7cc22,3c667012-be74-4860-bf95-7403ce4ba2bb,2143577.7304202854,2143577.7304202854,MATCH
d28faf65-2f06-4e12-a46d-2e33380a402d,4b26f0a3-33b1-4ca4-b74d-34f5caf07226,3745942.531487304,3745942.531487304,MATCH
1641d960-dba0-4dec-a2b8-fdcc4e20c377,083759f8-2090-435e-95fc-f99133c417d5,8294741.073809878,8294741.073809878,MATCH
1b678ec1-a65e-483b-bc75-de3dd473f3b5,7497375c-366f-4ddd-b1c8-d50a1e390f21,5255822.481759884,5255822.481759884,MATCH
bdc5a633-ce5b-461f-985d-40112e408d57,7c2cfbcf-0770-418f-8916-01472875ad5d,1185251.6413992052,1185251.6413992052,MATCH
09ccdf05-745f-4433-8743-968f1d447f41,471c10ae-cdb4-4dab-8a27-cd6942264ba4,5783462.120620614,5783462.120620614,MATCH
15b5bc25-eb7c-4628-acb9-48f7ec5eac70,7bf820f6-c652-4c3d-84d0-7f2913e675fd,2261328.721151574,2261328.721151574,MATCH
f9375fff-f146-46f1-b87e-d06b5fed5cb7,5f5258ab-cf3a-4723-9ea0-c5033d7a774e,4918299.435301654,4918299.435301654,MATCH
af642572-83d7-4afc-bf70-29737acabb76,3768c85b-fee3-4baa-9cb9-13b47d3d16ca,3814619.213285146,3814619.213285146,MATCH
2a08c526-6c4f-433d-8720-6b6c11925880,7c711cc8-6651-43fa-bccc-92580979f5d3,6369537.237729918,6369537.237729918,MATCH
51fc4c23-2586-4cd1-a7e6-0e4ec71cdac2,f2e401af-4702-4755-b11c-c0a4bf06d520,407798.9007909897,407798.9007909897,MATCH
f487a21f-96bf-42dd-92f6-af5ab2a0f851,c08bd631-3d57-4e27-b3da-efc10d47e26d,9249163.544099942,9249163.544099942,MATCH
9278f380-b351-4ddc-9951-86208769ee24,9de7df7b-5594-452b-805a-8e7e6f46a41f,5898304.304479952,5898304.304479952,MATCH
a60da1aa-005b-4f73-9dbe-4a3c88db3692,61bba5fb-d510-4bc0-af9e-1ddb33028b32,4346234.323496281,4346234.323496281,MATCH
f7eba7e9-1dd0-4ec8-ab30-f1b1bb4c5947,53a75581-2bfc-4524-82d3-fb7e84be7e1c,5234454.691591204,5234454.691591204,MATCH
d7282d30-8911-4a42-b19e-c58b4c031d16,6c5ccba7-b55d-4fc1-a22c-c212b69d2f48,4926797.001356374,4926797.001356374,MATCH
95d12c70-d5b0-4c12-b31d-40e209673567,8fd8acb4-c8fb-4050-a460-cf44a7674726,4677725.984926306,4677725.984926306,MATCH
c06e1029-5b4d-4bbf-bb04-c6b1022ba960,974ebb87-7ea4-43e5-836d-977b6431cbbe,9759263.495899493,9759263.495899493,MATCH
0858714d-952a-4d00-94aa-826d60fba34c,c3595dc2-0bd3-42a9-abc7-8c063e9ace12,3596973.235418427,3596973.235418427,MATCH
965a693e-85b6-4e95-8c00-9f08206faddb,25dbbe8d-a534-4425-aa69-b7f7b28d7cb8,1023367.568037877,1023367.568037877,MATCH
a2070bf3-2507-48f2-ba0e-bd5620451dbd,13093c17-6c09-4d0a-9f4f-e355baa6961c,7463362.459538408,7463362.459538408,MATCH
6dba9754-2d95-498d-a6ae-af299ac0ee26,08651a6e-1b99-4b83-b244-0f070ae263e0,544038.6764611905,544038.6764611905,MATCH
4e08ab81-ec4d-4c00-b7ab-aaf864c46086,bf4e2e46-9204-49ce-9ba0-c89e75938f5a,659485.2790131243,659485.2790131243,MATCH
ce3fde9a-12aa-4ab4-be59-a0d13c5168b0,9d0a94df-d0f7-47b0-9708-0bbd3106e8ce,68210.48309693925,68210.48309693925,MATCH
187666ec-26df-4b57-ab41-eac79ad8e1cc,994f7c31-c47d-4678-8d31-5923693da46c,5522896.830239414,5522896.830239414,MATCH
91f390f4-fa06-4889-95c5-239244e831e1,a8fae904-7d94-4d9f-acce-693e91a07ef2,5336140.335222228,5336140.335222228,MATCH
2edff02e-7531-4081-b4ef-fa296b1205aa,,1590580.08,,UNMATCHED_BANK_CREDIT
77fa7bbc-cc68-453e-9a9f-d637fc7aa2dc,,94216.26,,UNMATCHED_BANK_CREDIT
038ef7af-67cc-4a38-9feb-c9afb2a86456,,256413.79,,UNMATCHED_BANK_CREDIT
ee20a0b5-acad-4c07-ab24-ef63f6f32192,,613747.65,,UNMATCHED_BANK_CREDIT
66edef30-2fa8-4808-b8f1-6861e3e3e73b,,6575620.74,,UNMATCHED_BANK_CREDIT
0a4e3ccf-48ef-40ff-b087-77b41c54956f,,1026919.6,,UNMATCHED_BANK_CREDIT
c7c432a0-c3af-4d93-8047-6d80532bd70a,,627182.2,,UNMATCHED_BANK_CREDIT
2fd6129a-82e0-4d39-bab0-08df2709f5b2,,1765136.0,,UNMATCHED_BANK_CREDIT
9c711439-8098-450d-baff-361ab37e3c41,,3208920.92,,UNMATCHED_BANK_CREDIT
560fc071-38c6-430f-bb3e-d7bdfae96dd3,,4461826.87,,UNMATCHED_BANK_CREDIT
87638104-96c2-4045-875f-fb36be30cae9,,660198.8049499705,,UNMATCHED_BANK_CREDIT
6b0ffa79-3113-413a-a0b9-98300b373468,,8936660.08,,UNMATCHED_BANK_CREDIT
cb5d2aff-0f90-47d5-90f0-d47cf4af8005,,9061323.08,,UNMATCHED_BANK_CREDIT
1332406f-f8b6-4dee-8373-edf3dec91438,,3524741.64,,UNMATCHED_BANK_CREDIT
28f5f5c2-00eb-4725-af1e-f8dc34f902b7,,8070729.97,,UNMATCHED_BANK_CREDIT
f129ed2f-25ec-47e4-a3bd-d4d60a01d8b6,,2556594.08,,UNMATCHED_BANK_CREDIT
df96048a-453b-47f5-a20a-69d3ed601f49,,621472.71,,UNMATCHED_BANK_CREDIT
5e7e00e5-f8e3-41ea-9aeb-bc3ea1f78157,,3675193.35,,UNMATCHED_BANK_CREDIT
e24cee91-b499-4393-b249-1816154f9eb4,,1263632.1,,UNMATCHED_BANK_CREDIT
b0285484-beea-44d3-b8fc-75131b3fd4b0,,5443031.56,,UNMATCHED_BANK_CREDIT
4f66a914-0563-4b30-8834-0d51a5c6c5ae,,1867399.41,,UNMATCHED_BANK_CREDIT
232585b4-86da-4596-b96c-2da019a8ec19,,3115855.05,,UNMATCHED_BANK_CREDIT
624d3473-60bc-4cbc-9987-e6d09a7171aa,,4686623.27,,UNMATCHED_BANK_CREDIT
0267c983-f763-4b4d-8ada-c12203748864,,2526023.96,,UNMATCHED_BANK_CREDIT
0b660bcd-d32e-4757-856d-e1951f81e097,,9008788.895155976,,UNMATCHED_BANK_CREDIT
25ba7795-62a8-46d7-ad58-bf633a0761d9,,5700458.36,,UNMATCHED_BANK_CREDIT
d2a20765-b700-4ce3-a25c-7f9cafcfea4d,,1483601.24,,UNMATCHED_BANK_CREDIT
6276ee87-3ae8-48f8-9247-8bb2894539ec,,9596008.33,,UNMATCHED_BANK_CREDIT
bf8f81ea-cfb0-468d-b189-25a6c6cec51b,,2840642.96,,UNMATCHED_BANK_CREDIT
6bcbb347-e9b7-48ee-ae6c-69f7f8c92b4a,,334184.54,,UNMATCHED_BANK_CREDIT
c80cd031-cc21-4b4e-b80c-eb1ade16afca,,2119619.6,,UNMATCHED_BANK_CREDIT
68b666d6-66a3-43db-8960-42b0dbe7a333,,1036524.15,,UNMATCHED_BANK_CREDIT
a479dce2-77ee-400f-b743-c1045953ff90,,1558823.33,,UNMATCHED_BANK_CREDIT
66ca0baf-3310-480a-aee0-95d5c4a9d8ac,,1367758.4,,UNMATCHED_BANK_CREDIT
67b2916c-461e-48aa-91ba-f6162448ef43,,3489982.61,,UNMATCHED_BANK_CREDIT
c63e0e47-8bcc-4e8d-b24a-4a6d6b90a95b,,5785187.16,,UNMATCHED_BANK_CREDIT
6daa8c7e-7575-4602-ad02-223fed2532e5,,9024767.15,,UNMATCHED_BANK_CREDIT
f2de05fd-28b7-4541-8d8b-3728d65bc676,,457950.09,,UNMATCHED_BANK_CREDIT
e5dd614c-a70b-4a9c-bd5e-69df2fc2147c,,4110920.47,,UNMATCHED_BANK_CREDIT
9b2a1376-315e-4e80-9f20-c257ed348e32,,2303373.2,,UNMATCHED_BANK_CREDIT
afe2ff5c-32a8-47cc-ac47-133640061add,,7641847.84,,UNMATCHED_BANK_CREDIT
9569f8cb-1a57-4cee-a490-3d65f63d3295,,3984352.76,,UNMATCHED_BANK_CREDIT
dc233c06-ceb3-40ac-a223-e389f23ed1fc,,9327401.52,,UNMATCHED_BANK_CREDIT
7636ae1c-e961-41f3-8130-8be0fcea9a96,,6641697.55,,UNMATCHED_BANK_CREDIT
6a429bd5-cd71-42b4-9471-104f1859c5ae,,4541989.24,,UNMATCHED_BANK_CREDIT
52a6e3d4-fe58-4970-9aea-2c2c23841977,,4956955.27202606,,UNMATCHED_BANK_CREDIT
1c5d9fe9-0b07-4a68-88f2-17a3e2213776,,9713753.13,,UNMATCHED_BANK_CREDIT
cfff0d34-caa8-4f13-9cdd-39a7b01ba134,,9548638.44,,UNMATCHED_BANK_CREDIT
95899035-c0c6-43ff-a5e3-6ccddca524f2,,6749598.96,,UNMATCHED_BANK_CREDIT
1b6fb706-e04e-4585-b601-16cf25b4c7aa,,3902421.86,,UNMATCHED_BANK_CREDIT
a9715404-79ea-4461-8751-6daa444a2a48,,2871144.71,,UNMATCHED_BANK_CREDIT
3f5cd7ed-df8b-4008-bd01-b5a30041f5d4,,747631.89,,UNMATCHED_BANK_CREDIT
319fa2f7-16da-48f5-be8e-b66f34d091d1,,6601538.2,,UNMATCHED_BANK_CREDIT
03fddd08-4b73-461f-8cbe-b6db108ab4de,,4094208.97,,UNMATCHED_BANK_CREDIT
4e4a516f-7d05-455b-8d9e-13281f997c80,,562278.5,,UNMATCHED_BANK_CREDIT
aa52cdf3-8082-40ee-9be8-1d7ac90703e8,,2397637.92,,UNMATCHED_BANK_CREDIT
b69415c7-1604-42b7-b424-b79c27b0816b,,3827253.49,,UNMATCHED_BANK_CREDIT
191f9e05-e777-4701-b787-3461662c4f00,,6546106.4,,UNMATCHED_BANK_CREDIT
4f8c61b9-98d7-48d9-8d51-5b58eb91d7bc,,2405844.33,,UNMATCHED_BANK_CREDIT
0e00583d-15ac-47f0-8de9-a283d6d5aed2,,3963233.07,,UNMATCHED_BANK_CREDIT
4a633fc3-d26a-4b27-98ef-25019826a55f,,7715402.902814196,,UNMATCHED_BANK_CREDIT
63b1a52e-9070-41b6-9ec0-9c3575035829,,876081.0,,UNMATCHED_BANK_CREDIT
71c966b3-9eb0-4954-a83d-b2dfe4aa212a,,6733868.17,,UNMATCHED_BANK_CREDIT
56dbc7ac-902a-43ae-b81e-1682a7eb4008,,8823294.7,,UNMATCHED_BANK_CREDIT
a5278097-d6de-4902-aa89-7692117637b2,,2602713.63,,UNMATCHED_BANK_CREDIT
9b1872ac-78c4-427f-b66a-015b6063cb32,,2425061.345054516,,UNMATCHED_BANK_CREDIT
ead217d1-cefd-4dee-8590-f851fb385671,,2311875.23,,UNMATCHED_BANK_CREDIT
078aa79e-d736-4320-a19c-7caf9b45c430,,786687.82,,UNMATCHED_BANK_CREDIT
4c589a8e-846a-4a71-884a-89b8208fae02,,3107770.62,,UNMATCHED_BANK_CREDIT
39597465-05c5-4810-94b7-28fa8a60b332,,3596729.36,,UNMATCHED_BANK_CREDIT
88516447-6e5b-4598-a8f0-e3e02f369832,,1866860.95,,UNMATCHED_BANK_CREDIT
8aa2f756-0803-4d31-8e1e-2f3da91022b8,,8774492.37,,UNMATCHED_BANK_CREDIT
c8594dfb-6d73-4d1d-9da1-497a6f1f9af1,,1702752.45,,UNMATCHED_BANK_CREDIT
917c4f11-b81e-4083-9296-14b56c8073b7,,2920358.98,,UNMATCHED_BANK_CREDIT
1d4c5eb7-3b90-4c08-8cb1-40eda7ee2f23,,9295361.2,,UNMATCHED_BANK_CREDIT
adaad2f9-0420-421e-81e7-ebbaf9ac1a4f,,2392410.84,,UNMATCHED_BANK_CREDIT
e5bb7f3b-687b-43ce-b9a0-13be55c1a0d9,,9639630.84,,UNMATCHED_BANK_CREDIT
5424aae4-3e78-4f27-a93b-da3b4b0653e2,,1349124.18,,UNMATCHED_BANK_CREDIT
c6c55054-3eb4-4527-89a1-321decfbc936,,3231659.85,,UNMATCHED_BANK_CREDIT
b33aa6b9-7a23-4f3c-81f6-028b4a0efbe5,,479522.92,,UNMATCHED_BANK_CREDIT
8266557c-efc6-4c4c-91f2-789bea956113,,1508654.68,,UNMATCHED_BANK_CREDIT
78597bc6-43e9-494c-b217-f93cac6082a4,,1977005.59,,UNMATCHED_BANK_CREDIT
3b5d5c9c-d737-44d5-8cd3-6406e0bd6044,,7828288.66,,UNMATCHED_BANK_CREDIT
2d1b143e-1da6-436d-acc3-f8aaa9943d14,,5533006.26,,UNMATCHED_BANK_CREDIT
84c62e4b-0c99-4e2d-a7a9-98ab103f3a46,,6225717.54,,UNMATCHED_BANK_CREDIT
dc16cbae-6541-45f8-8923-8eb6d690efa9,,559020.42,,UNMATCHED_BANK_CREDIT
43a7320c-1984-43ce-b3e1-f6f7757ad703,,1546294.68,,UNMATCHED_BANK_CREDIT
68054a24-f785-4cc1-b8e5-91c417d2efe7,,5996470.044765465,,UNMATCHED_BANK_CREDIT
04680a4a-61e5-435e-be9f-069a81b01ca4,,2224446.25,,UNMATCHED_BANK_CREDIT
037ce599-c1c3-43c4-a095-95a4602cf604,,4186288.62,,UNMATCHED_BANK_CREDIT
183f36db-54be-47e0-b566-639489a8c57d,,188332.56,,UNMATCHED_BANK_CREDIT
ed8982c2-039d-4d70-a0fa-7665584f218a,,4685037.29,,UNMATCHED_BANK_CREDIT
33dcd09c-a8cc-4023-a43f-daf08a8016fe,,1623169.02,,UNMATCHED_BANK_CREDIT
935e2c27-5485-40db-a208-c875c41c233d,,9083375.37,,UNMATCHED_BANK_CREDIT
35951ffd-7931-40ce-a8c3-47d0ab229d1d,,1960954.85,,UNMATCHED_BANK_CREDIT
fd34d21e-3b59-475e-888a-9a7400af085d,,4499839.28,,UNMATCHED_BANK_CREDIT
8f65abf9-3da3-4aca-9e07-24a8c28fd8cb,,4393582.49,,UNMATCHED_BANK_CREDIT
9afa3fb4-e21f-4167-9404-e49287db0168,,262944.02,,UNMATCHED_BANK_CREDIT
4e681465-5ba6-4f73-a9c4-1f0d2fe68a52,,3897899.73,,UNMATCHED_BANK_CREDIT
c0860861-2fa8-4aa4-8bf9-a66d7782e83f,,6008015.65,,UNMATCHED_BANK_CREDIT
97d3d50e-6697-4f77-93d6-40ccf4382911,,128081.64,,UNMATCHED_BANK_CREDIT
3665de1b-b2e3-4ad9-a4e0-4880afd13c73,,5845040.53,,UNMATCHED_BANK_CREDIT
aeadd1dc-65f1-4e33-a9dd-f2292df4e387,,1591872.44,,UNMATCHED_BANK_CREDIT
6f54d2b9-747a-4ecd-9f48-d6faba45e0ff,,455562.41,,UNMATCHED_BANK_CREDIT
bd1a2704-8801-46fc-895f-6d43bb5e14d6,,7965070.83,,UNMATCHED_BANK_CREDIT
61c50cc8-19e3-4dbe-a1cd-2b70cffe7547,,670388.64,,UNMATCHED_BANK_CREDIT
3e668eb8-cb31-4618-9aaf-b63a8a063bf5,,6661347.397584914,,UNMATCHED_BANK_CREDIT
5fcdf4b8-0c80-43f0-8c88-4185b1bad5eb,,1076095.7354201274,,UNMATCHED_BANK_CREDIT
c2be7bac-3717-444b-b911-2e2292c62630,,1682766.8545790634,,UNMATCHED_BANK_CREDIT
bf32dbc5-4658-4cb2-afdb-ab51ef7b80f1,,614441.2469565113,,UNMATCHED_BANK_CREDIT
46dfe43f-2f8a-4b01-873f-41d2b0595815,,2888632.4957894483,,UNMATCHED_BANK_CREDIT
9ac88b74-0bb5-4276-abe3-77f380667038,,2678575.4984327084,,UNMATCHED_BANK_CREDIT
ad9f0e53-2e67-4517-a8e5-2412660f475f,,5514784.480904167,,UNMATCHED_BANK_CREDIT
683d21a9-014b-469c-85ce-514948f006a3,,3635270.576883933,,UNMATCHED_BANK_CREDIT
6a11315a-c834-4776-84ca-c3d13506e337,,6976967.633900284,,UNMATCHED_BANK_CREDIT
445d9a87-4657-4d38-a138-681ba83f18e2,,9687528.23383971,,UNMATCHED_BANK_CREDIT
f9d46d34-ca4e-4cc5-995d-455b76628c4e,,4628464.397224457,,UNMATCHED_BANK_CREDIT
38a8ab55-18de-4bfe-9172-e4f0a285f766,,3001048.4816221427,,UNMATCHED_BANK_CREDIT
53199080-b581-44e0-84a0-6d55398e1dc0,,4854929.073260915,,UNMATCHED_BANK_CREDIT
49af5000-9c83-4fae-9050-1d6538973d15,,934131.1562747512,,UNMATCHED_BANK_CREDIT
d3b4a1d1-9bfc-44bd-b647-d58dba68f429,,8008099.897103526,,UNMATCHED_BANK_CREDIT
a280760f-6bb7-4dac-9681-8aed75ecc661,,155386.7104295112,,UNMATCHED_BANK_CREDIT
639817e5-8a9c-4c8d-9429-179b98610b0b,,3248884.1105120056,,UNMATCHED_BANK_CREDIT
03379b0b-8ec2-4e07-ae0c-230379c11c4a,,5192514.348247293,,UNMATCHED_BANK_CREDIT
58ab766f-51d4-4c6a-9731-4c4657cb9e5b,,359190.05949097924,,UNMATCHED_BANK_CREDIT
764231c3-26da-46d1-b1c3-16bed297cb66,,9759263.495899493,,UNMATCHED_BANK_CREDIT
35ec5514-7fbc-4d75-be19-24aadab712f6,,3696699.7997900806,,UNMATCHED_BANK_CREDIT
ac48ceaf-2b85-4fb7-b29e-21268840e78a,,5806770.588263316,,UNMATCHED_BANK_CREDIT
08429e20-6726-45b4-8175-11f463db0dea,,4713324.8178387815,,UNMATCHED_BANK_CREDIT
f7bcbc14-9241-4671-9a2f-c99ba923895d,,2380169.50857223,,UNMATCHED_BANK_CREDIT
8fb30b07-7c8d-49d0-a1a2-62d0141fb001,,9561995.996797385,,UNMATCHED_BANK_CREDIT
35221344-1545-4478-9865-8721fc257ff1,,9441808.42541033,,UNMATCHED_BANK_CREDIT
5e8354da-8793-4334-bc20-594ebf7da45e,,1624142.695938406,,UNMATCHED_BANK_CREDIT
50b9ff30-c038-42d0-8ab4-ea294dd516c8,,3429310.6946705966,,UNMATCHED_BANK_CREDIT
07918b35-77a6-4918-acac-1f3b7395734b,,1206333.93171898,,UNMATCHED_BANK_CREDIT
2aaf1966-95be-4c8a-9ff7-007b27e9184f,,537374.1483931218,,UNMATCHED_BANK_CREDIT
6e78cd59-909c-4a67-9a04-2fb09fcfd711,,27323.0,,UNMATCHED_BANK_CREDIT
8e72d17c-48ac-4cf8-b92d-edcdc05afd94,,48862.0,,UNMATCHED_BANK_CREDIT
ebd23573-6012-424e-bc16-8418fd5baf20,,35331.0,,UNMATCHED_BANK_CREDIT
d983dadf-f2e5-4ecf-9b6c-549460e0b673,,8193.0,,UNMATCHED_BANK_CREDIT
fdfc4a9d-3618-487c-b7e2-dc86654fda31,,7350.0,,UNMATCHED_BANK_CREDIT
28bbecfb-dd69-4596-adba-333f4a12c64f,,48233.0,,UNMATCHED_BANK_CREDIT
c053f253-5a1e-490d-a894-844f8cd1692d,,14370.0,,UNMATCHED_BANK_CREDIT
51c46d6e-4764-4956-9968-5a3ce6847984,,23901.0,,UNMATCHED_BANK_CREDIT
f5d23fc6-afd5-4018-a27f-7dc7aa0b46ea,,41592.0,,UNMATCHED_BANK_CREDIT
64657945-8852-487c-891e-daa2809709fa,,14852.0,,UNMATCHED_BANK_CREDIT
4949ded7-76c3-4071-81bf-7df87ead63bc,,29555.0,,UNMATCHED_BANK_CREDIT
6669f679-2d78-404b-9f93-55acec8566f0,,19001.0,,UNMATCHED_BANK_CREDIT
c34fb3a9-5584-4e58-9472-1e33885cc793,,30510.0,,UNMATCHED_BANK_CREDIT
6223733d-192b-43bc-a843-8f65aef0244b,,38121.0,,UNMATCHED_BANK_CREDIT
305a1bef-6909-43c4-ab13-b71df96846e7,,41808.0,,UNMATCHED_BANK_CREDIT
,e3f713a7-0de9-4f1b-bc02-24e595c89b2d,,6362320.303151191,MISSING_SETTLEMENT
,9c03d65c-ed8a-428c-b756-999b251adf0e,,188432.5168116133,MISSING_SETTLEMENT
,4777be21-7677-4166-9644-e9ae7936931e,,512827.57393219066,MISSING_SETTLEMENT
,fdc419b2-0a41-4919-8b52-46f3faed5777,,1227495.3010516197,MISSING_SETTLEMENT
,b0d508a9-e4b8-4e89-a287-729e12194d94,,8767494.31906373,MISSING_SETTLEMENT
,f06bffa4-bcc4-4087-ba7e-8c31a6276167,,4107678.4122843016,MISSING_SETTLEMENT
,86d4aba8-805f-4892-bc79-5dd973d12f3e,,627224.6178827962,MISSING_SETTLEMENT
,854bc8fa-344a-41b7-9fff-8cea26870a98,,3530272.0042316657,MISSING_SETTLEMENT
,05a43113-101d-459e-b066-478c4aa0d842,,3208939.932342964,MISSING_SETTLEMENT
,f8815f18-5f34-4d6c-bbf7-5b573a0e618f,,4461865.243969109,MISSING_SETTLEMENT
,66d137f6-0659-410a-8ede-79b61deb979d,,8936689.214887682,MISSING_SETTLEMENT
,82f552c8-9ae6-4149-9a69-78cf51589375,,9061363.62828765,MISSING_SETTLEMENT
,5ea011cd-6d79-48bf-9a92-e740b74966cb,,3524784.048637344,MISSING_SETTLEMENT
,e3472e25-ba54-48fd-b737-cc38166cdd33,,8070778.720299649,MISSING_SETTLEMENT
,01b1c626-16a4-4bfa-a032-9ee6c190b0cf,,3408792.112765257,MISSING_SETTLEMENT
,6a1d9731-45f8-414d-aa16-ce6ea388ca32,,1242945.4281284108,MISSING_SETTLEMENT
,d2a2f839-0acf-46ac-bd97-04fe8dca3908,,3675234.448226397,MISSING_SETTLEMENT
,4dcd5534-95d0-4545-95a7-60234d4f6814,,5054528.387411901,MISSING_SETTLEMENT
,1e8e06ed-0748-4379-bea7-f419a510af65,,5443062.633729488,MISSING_SETTLEMENT
,5b21c9f0-f485-4088-a97f-b025a2e11798,,7469597.645600931,MISSING_SETTLEMENT
,50f32ab5-df58-4eff-9296-5cf38b30bb4c,,6231710.109225223,MISSING_SETTLEMENT
,af793d4a-457e-45cb-8d13-1338ccc4c0a9,,6248831.029180345,MISSING_SETTLEMENT
,e92966be-ebc0-45f5-971e-c230697878c1,,2526056.449691649,MISSING_SETTLEMENT
,85eb43c8-98ff-405c-bcd2-280ee3c51ba8,,5700460.64919114,MISSING_SETTLEMENT
,20f36e92-38ec-41aa-9e5c-5da8d087edcb,,5934404.943814414,MISSING_SETTLEMENT
,36daa93a-6c91-4882-a12e-73c7fb368cf4,,9596054.862734731,MISSING_SETTLEMENT
,850cddfd-1c3d-4e19-b745-55601fa54251,,2840684.6037936634,MISSING_SETTLEMENT
,e50ea3ec-11d1-47d5-9b55-86423054366b,,1336738.140505256,MISSING_SETTLEMENT
,ff08c739-4c1d-4e43-8c2b-03e443e1346d,,8478478.40907767,MISSING_SETTLEMENT
,abeb5f49-7406-4a32-83ef-3ce99ffda1e7,,1036538.245147554,MISSING_SETTLEMENT
,291c0da1-a563-4d3a-897b-c13bd2deb47d,,3117646.659047515,MISSING_SETTLEMENT
,76d32b96-4f7f-463e-93c5-44a3cc0b200d,,1367768.2446521209,MISSING_SETTLEMENT
,bc06e86b-922b-4fb2-9ca7-99723c6d3173,,4653310.14397529,MISSING_SETTLEMENT
,e7354db2-5ce4-424b-b35b-9f78f55f2e80,,7713582.8758413885,MISSING_SETTLEMENT
,d7567d35-ed2e-4bea-a9b7-d533bca83a82,,9024802.5771053,MISSING_SETTLEMENT
,ba098a27-4870-4a92-92f7-7d5dfec5ea47,,610600.1260764131,MISSING_SETTLEMENT
,afd58fe7-65c6-4548-b169-fdedf9723977,,4110936.605080768,MISSING_SETTLEMENT
,305d0ef7-0d9f-483d-b0a3-2883cc582872,,3071164.26049896,MISSING_SETTLEMENT
,e411a9d7-9030-4b0c-85d5-aacbd294100f,,7641865.487053067,MISSING_SETTLEMENT
,010e622b-f8bc-420c-bf7d-39f795635c97,,3984354.0626682593,MISSING_SETTLEMENT
,532da8fe-73fe-4e1d-b36d-eb139f534d9a,,9008788.895155976,MISSING_SETTLEMENT
,4f62cc9d-ebf4-44d0-8e6d-29bfbc633d6c,,9327445.13527746,MISSING_SETTLEMENT
,27b2a5c1-b6b0-40b9-afad-328ea5c9cf20,,8855596.727503467,MISSING_SETTLEMENT
,6d7fd4e2-85e9-4c6c-bfa7-c199d76f0813,,9083978.486006832,MISSING_SETTLEMENT
,bf3d5023-1406-42a8-af61-e334360893b2,,9713781.875147602,MISSING_SETTLEMENT
,017f319f-0496-4795-88cc-ddbc6f0d7229,,9548659.075396976,MISSING_SETTLEMENT
,b9d5546c-9a15-4b85-be86-f5d0f73eeb07,,6749606.913095824,MISSING_SETTLEMENT
,873f3f03-0f8a-479c-b6db-bb2c3b5e2d65,,3902453.891794896,MISSING_SETTLEMENT
,6ac98528-a5f7-41fe-a493-998a4491be40,,2871147.2087031333,MISSING_SETTLEMENT
,d772e63e-f670-4a62-b506-d74ccc8a6796,,1495263.7852828084,MISSING_SETTLEMENT
,69d53317-6dc7-4587-8d40-b648235398a6,,6601575.759472676,MISSING_SETTLEMENT
,eba2a67c-9c43-4e67-871d-5bfce67410de,,4094220.510581628,MISSING_SETTLEMENT
,c9d0c0fc-9fd6-4922-8b5f-74aae3386d52,,749704.6617373123,MISSING_SETTLEMENT
,63d69dd8-55a1-4414-8995-3dd10976e09f,,3196850.555236849,MISSING_SETTLEMENT
,48af7f10-8a71-4a73-bdee-baa1853d8090,,3827275.0578982974,MISSING_SETTLEMENT
,bb63721d-1c45-4ba3-8159-ace5fca91028,,6546124.102682104,MISSING_SETTLEMENT
,a08262df-427f-4635-9f7b-8b00d7720330,,4811688.650383831,MISSING_SETTLEMENT
,214bd473-e375-4867-acc5-60710febecad,,660198.8049499705,MISSING_SETTLEMENT
,83601fb5-b45b-4ad3-b7d0-eea0211f632b,,7926466.144188473,MISSING_SETTLEMENT
,307c3f63-8591-4818-91fb-8925f5112438,,876100.1271130245,MISSING_SETTLEMENT
,f65e52fd-2e03-49cc-8827-f0b5efa99c7e,,8978490.893666338,MISSING_SETTLEMENT
,196dedc0-fad3-4352-9d59-598c174d6b87,,8823331.060058318,MISSING_SETTLEMENT
,9d4e42f2-0f14-486c-ab50-1ad7adb94a81,,3470284.839013617,MISSING_SETTLEMENT
,0ef9f903-b69a-4eac-86f4-b0ee2e740569,,2425061.345054516,MISSING_SETTLEMENT
,44e7a702-04c4-4757-a2db-1ce3e9ea8b10,,4623750.456777501,MISSING_SETTLEMENT
,6c7b0a77-f3de-4bc2-899b-ef4b3ec2e72a,,3146751.2878106283,MISSING_SETTLEMENT
,f5808b59-75b5-48d7-b5eb-728f57750d0f,,3107809.682149736,MISSING_SETTLEMENT
,79fdcd33-9bd9-42ca-8086-2f9eec191606,,4795639.144522773,MISSING_SETTLEMENT
,9ec620e0-e143-40ad-ad98-567ecb8fe981,,7467443.807165076,MISSING_SETTLEMENT
,f0058f9a-a6a2-4945-96f1-1afb19ed59a5,,8774521.18333239,MISSING_SETTLEMENT
,419bf74e-8247-43c3-a32a-4516204054fb,,2270336.6026915424,MISSING_SETTLEMENT
,95a340d9-4fc9-463f-a0af-af9e0f7c59ad,,2920364.137798776,MISSING_SETTLEMENT
,348f9ce0-603b-4183-bd75-f95ccea95510,,9295364.778259296,MISSING_SETTLEMENT
,c3f9f409-e9a7-4800-95ef-8b1ba19f2485,,3189881.11944742,MISSING_SETTLEMENT
,4e19392b-35d2-4dea-afa5-2c8a56a04943,,9639639.547531772,MISSING_SETTLEMENT
,7fa372cd-5fcf-4711-8258-3678c04a7761,,1349155.4451007857,MISSING_SETTLEMENT
,c06a5949-2263-48ab-95b2-c2b48cf0f97b,,4308879.793405312,MISSING_SETTLEMENT
,9477d9d7-d265-40c0-a7df-c9aff220eeb5,,639363.88737007,MISSING_SETTLEMENT
,263749ec-f394-460d-82db-6aabfd411a05,,6034618.735910514,MISSING_SETTLEMENT
,05f30bc5-9642-4052-9379-f2794cb50625,,4956955.27202606,MISSING_SETTLEMENT
,91b8ff07-e909-4654-9432-3b1c869e8836,,1977039.6060563745,MISSING_SETTLEMENT
,286e3f0a-dedb-4ec4-a2b2-de4b3d5cab0e,,7828302.992336078,MISSING_SETTLEMENT
,537598d4-c78e-4272-843b-e7af8120053d,,5533039.691743205,MISSING_SETTLEMENT
,c5bca449-0c75-4a17-8131-c6019923fc7a,,6225742.344230806,MISSING_SETTLEMENT
,176519e7-3332-432b-bd10-fa95e8a44238,,1118040.834726188,MISSING_SETTLEMENT
,c2ffd690-a2a6-461a-ace2-7ec9550100bf,,3092589.357087727,MISSING_SETTLEMENT
,e97f995d-9bc8-46f6-8484-a1b355c974a4,,5996470.044765465,MISSING_SETTLEMENT
,fd06875b-b462-431f-9664-56be80e022c8,,8897784.981874991,MISSING_SETTLEMENT
,6d1e0d7d-1402-46ee-81e6-935f3c7ed208,,4186311.279041364,MISSING_SETTLEMENT
,6a7330b3-ecfa-4700-a790-eee07dcfe924,,376665.129944873,MISSING_SETTLEMENT
,fe12ace5-09f0-4f24-a28f-553768a64d97,,4685051.684616538,MISSING_SETTLEMENT
,62a53193-a6a1-4c2b-8ec5-bad7b24ae6e3,,3246338.044771166,MISSING_SETTLEMENT
,ae5a5f99-f1bb-4d9b-b499-bb6b9afdd464,,9083413.35752455,MISSING_SETTLEMENT
,1de20f2d-0328-4b00-a953-4ea7d76d9612,,3921909.702119075,MISSING_SETTLEMENT
,eab8d5be-b62c-49bf-a4f7-3a3017a15a60,,8999678.567102809,MISSING_SETTLEMENT
,eca04629-e05b-47ea-80a1-5dbc695f34ff,,4393589.066250097,MISSING_SETTLEMENT
,b2f240e3-65e1-405b-bf8f-f33eee1595cf,,525888.0497278781,MISSING_SETTLEMENT
,69c2aa17-83d1-477a-b9a6-ab72deaeb0c0,,7715402.902814196,MISSING_SETTLEMENT
,ae133adc-7ff5-488e-b80a-1bb7d653d4bb,,3897921.802345124,MISSING_SETTLEMENT
,2557c82c-488c-4ea4-99f9-a33825bdab14,,8010687.537589973,MISSING_SETTLEMENT
,644d852c-ba36-46cc-bccd-1ac6db55daf5,,512326.5748455215,MISSING_SETTLEMENT
,fd0d4cb1-c916-4a93-ada6-3c4b1a1940e4,,5845055.412897403,MISSING_SETTLEMENT
,624b31d7-2e5c-48ad-97c6-eb3ccb5a1c0e,,1591906.6886694124,MISSING_SETTLEMENT
,f1fa7e6a-fa23-4dbb-ac4d-17742bee2fff,,911124.8139773096,MISSING_SETTLEMENT
,9a262279-225b-44ad-b519-ab52371831f3,,7965095.677285264,MISSING_SETTLEMENT
,b261ad5c-a214-445c-becf-dd7244f760a8,,670422.3335692871,MISSING_SETTLEMENT
