bank_statement_id,settlement_id,bank_amount,settlement_amount,status
76c6533e-1b7a-4c94-8cc3-4f70b2995e18,2e03a9cc-8827-40b5-afa9-9c7ea8835c66,1770135.4385963983,1770135.4385963983,MATCH
a012c6c2-c790-484c-b4c9-93ae8938279c,176519e7-3332-432b-bd10-fa95e8a44238,2826762.382576522,2826762.382576522,MATCH
eadeae69-1bbc-4748-bb55-cfa32e266519,c840789b-7c60-4399-b8f4-0e5ef6babccc,7569078.480219612,7569078.480219612,MATCH
14ce6f0f-75d9-404d-9fe1-2b57a3506764,b73c62ab-fe4c-4fed-af55-2c9e1b000f9f,4635971.812496929,4635971.812496929,MATCH
7cff07e3-d92d-4519-9e24-c724e47a7b03,a226a75b-b432-4ce9-b6dc-16b5a076aed6,8848799.683197493,8848799.683197493,MATCH
037ce599-c1c3-43c4-a095-95a4602cf604,7b2e00e6-c802-4d0e-9cc7-eb514598ab17,6564342.907302337,6564342.907302337,MATCH
12aebb0e-da94-4cdf-a637-3dc791f448bb,6c097204-6fa6-481c-bdc5-62858f50b11f,7736396.174704318,7736396.174704318,MATCH
8f97b21d-028a-4f1c-92b1-2838639e8bbc,cc876b1c-a987-499b-bd4c-938cd76ac5a8,8187695.807023191,8187695.807023191,MATCH
78597bc6-43e9-494c-b217-f93cac6082a4,64bfc76d-1874-4d7d-9190-c53fb2d2570a,8933669.0511091,8933669.0511091,MATCH
038ef7af-67cc-4a38-9feb-c9afb2a86456,4777be21-7677-4166-9644-e9ae7936931e,8046685.961636853,8046685.961636853,MATCH
de2bfe58-73d2-439e-b99d-d6d562b51781,8da22a39-50db-4e34-938f-2b906c087d6c,1908699.435970517,1908699.435970517,MATCH
4e681465-5ba6-4f73-a9c4-1f0d2fe68a52,d3e78237-cd21-44d3-9960-6af0aa546c79,9114337.516115084,9114337.516115084,MATCH
4feeea91-8003-44a8-9c7a-b4e3ee8b09a3,b2709103-cfd6-4161-8499-68ddd6d24227,4853141.289065112,4853141.289065112,MATCH
acdeafcd-6306-4765-8fa3-baf648f368ba,becfdded-b198-447f-8612-d4247ac067a6,7218674.236529824,7218674.236529824,MATCH
b75d2f0c-472e-4f3b-8f9a-fd511a58fa44,17cb67b8-6d0f-44e6-a174-a7856f2190cb,3838555.908532603,3838555.908532603,MATCH
2ba4d656-610c-4ade-bed9-9a6b6c3786c2,15457c64-3d92-4952-becb-002e73d3328c,886498.1407186307,886498.1407186307,MATCH
cb56eb48-be3d-4265-9471-8d868d366459,4f908490-006e-4070-bca6-a6b093b0d27e,7234154.332272301,7234154.332272301,MATCH
91206a37-2703-475d-b540-838e13331679,58e9bbad-35b1-473c-ad56-cfd579ab3018,8703851.940075178,8703851.940075178,MATCH
8e93abd2-b269-4b43-a6fe-47b320a0c244,a7c24c68-c1ff-4427-9477-d9d7d26580c0,5413098.059041055,5413098.059041055,MATCH
7a8e5e5c-a444-4040-8663-3755a5b01639,cab285dc-85b7-4774-b608-937418caa0a9,2694630.5366747216,2694630.5366747216,MATCH
425ca2e3-8682-462f-a8ae-013ac6807bb4,3bd66a06-a22f-4331-a851-83410766699f,2413657.637161501,2413657.637161501,MATCH
31ed10f5-44e9-48ac-9122-f00170e68474,66a466d4-94c8-469d-84b1-a1ee794836f2,3878862.9052611766,3878862.9052611766,MATCH
f1abf7a0-cd59-4b8c-a362-7835555df8c6,8ea035f0-49cc-453f-b469-3ec45c7ae8ef,1910289.0795718336,1910289.0795718336,MATCH
2ad0d57e-730c-49bc-9073-c0c3d1c06099,0e378b07-cc53-4c3e-92bb-530d486fac8f,650085.2743989577,650085.2743989577,MATCH
59c67a52-8f80-41ef-8615-575c4fa87a65,812fdd98-b777-4609-9b57-6a7fc8ecb641,100973.2343591167,100973.2343591167,MATCH
8f962ff2-186b-4a71-9569-12ddf9cf2bd2,8a1055c5-34b0-438e-be04-078257bd0ca8,718503.5370203694,718503.5370203694,MATCH
4a3fcfda-7aff-49bd-b9e5-8450334a34a8,3142e0c7-15cc-461a-8f31-bf2ea4d78f64,9389616.857916366,9389616.857916366,MATCH
bdddbd36-82f2-459e-abb7-f1463d9d542a,8fa09a4c-4f10-4ae3-b518-174fc5874243,9387620.676179392,9387620.676179392,MATCH
531b1e76-725f-475a-847c-1fe56ac475a5,3cb29bf1-0b73-4a1c-91dc-01e5a9a14475,3115590.961883049,3115590.961883049,MATCH
0571dd83-938f-4b37-bc86-25826202f35d,0c37eb80-918b-4e18-8ba4-af256d7fd4e2,2828809.48311606,2828809.48311606,MATCH
4312153d-484f-4f7c-a44f-52f41b696031,50326fe6-1de9-4c72-82a9-f7e5244cb9a8,5075588.761315197,5075588.761315197,MATCH
42650798-4b80-4fa6-bab1-fa122d5737a0,ec814510-c42e-4fc8-9372-e80dee892190,2348410.970825921,2348410.970825921,MATCH
43839f12-1335-46c3-8de5-f4aff27815f6,4d7ae829-cdfc-4f75-a51e-89f1acd380ef,7970979.688687608,7970979.688687608,MATCH
e9707c9e-266a-4b90-ae28-b2f44a76a0ea,ebc78c06-3e9a-4e12-a2da-43a7fa1b7659,6401120.555297945,6401120.555297945,MATCH
3864bf75-dbd7-44b4-aa44-0cc9e5cbbf13,d51fde3f-573e-4c3a-b574-175b3d051bf4,2737566.159382524,2737566.159382524,MATCH
1641d960-dba0-4dec-a2b8-fdcc4e20c377,083759f8-2090-435e-95fc-f99133c417d5,773970.6632811297,773970.6632811297,MATCH
9b622c0a-5398-4922-8652-62a224a0db6e,b6004df4-e0de-4676-af08-2598e1b4b7ef,6937080.526793528,6937080.526793528,MATCH
5639117a-1e78-4a02-8b1b-bb3ab6448d24,fd411a05-833c-44f2-a772-829078d540ef,6699569.159318396,6699569.159318396,MATCH
40a8bd6b-3e5b-44af-9587-57a3793c04f7,606ffa15-f76c-432e-b442-8cde4a9f6c5c,7977129.375141768,7977129.375141768,MATCH
ed486d9a-e69f-4f78-af4c-113dc35f4e12,ec5412b4-0d74-4c38-bc58-82ecb34de663,9533297.609265111,9533297.609265111,MATCH
e990ff49-42bd-41c4-a60f-dc406cd9dc3f,85db19d7-cfbf-4d39-a281-9fced624f055,4133351.0268328446,4133351.0268328446,MATCH
57713fff-4971-4ec3-8bbd-373242a1a429,e6c71f15-5bed-43be-936d-6ccea535f9d7,8418257.590905914,8418257.590905914,MATCH
03fddd08-4b73-461f-8cbe-b6db108ab4de,e13f8740-bd74-4fe0-b808-8e14b9a01137,5897421.728103994,5897421.728103994,MATCH
6e4f8ea3-f0ad-46f7-9b1f-b4d49f9bc7bd,9fe3f824-39d3-49cf-8dfa-76af66eb43b0,8710287.779595915,8710287.779595915,MATCH
586b3c22-4652-4e16-a489-149f6e5c9ae7,e75641e0-a657-41db-a1bc-7c5642bb8f63,8010288.370923056,8010288.370923056,MATCH
e81b60ff-da41-415f-8e29-b9dabd350d2a,ab636d66-9ab2-4735-83f0-6e7ddfaa8505,2067101.953599237,2067101.953599237,MATCH
7a8c2c36-65d7-4163-9b2a-eea621351574,cedcf5bf-6e94-44ab-badf-14580722ab3c,2288373.751697633,2288373.751697633,MATCH
def42b39-2d49-4235-bc77-5a20b4a4cb80,eccf3b91-e352-49a0-95de-293bb9a807ba,3385155.65936141,3385155.65936141,MATCH
32b9fc56-51f3-4a1f-903a-9ed2515a3eea,86514886-a5b0-4024-a12a-d11986fbbcdb,2958649.215891946,2958649.215891946,MATCH
5a71504b-8380-4397-a221-2e52d6e38103,cf4994e0-7ab1-4533-a4f2-2a7c87f797fa,1541162.50130364,1541162.50130364,MATCH
e5dd614c-a70b-4a9c-bd5e-69df2fc2147c,0ba6aa86-cf52-45f7-bf8c-c6f9b5a61d61,4458237.518997227,4458237.518997227,MATCH
756aae2d-e581-48d1-a687-944303a1beac,e7354db2-5ce4-424b-b35b-9f78f55f2e80,5201322.495393409,5201322.495393409,MATCH
e98dc5f7-a9d0-4567-81e1-58aaec96af27,5ced83b3-f7a0-4e7a-be6a-3ea7fae91634,5205628.71953612,5205628.71953612,MATCH
d2a20765-b700-4ce3-a25c-7f9cafcfea4d,97da64cb-8373-4f49-a8e7-ebe3cb05aa14,2959383.855842434,2959383.855842434,MATCH
396c8f79-e983-462e-804f-5362244f4ce3,c8b62c18-c355-453e-b0d9-751c6cc0067f,3702468.378919309,3702468.378919309,MATCH
98dc4031-363f-4ae9-90b8-c1c51b4142aa,520b28f6-48d0-4602-ba4f-fba8c4376d89,5308784.305002076,5308784.305002076,MATCH
7eecdc53-cf1b-4490-bec5-104077902ddf,ae3e6268-fb38-4c6c-ae6a-7c4848c6a7ed,919134.1123634469,919134.1123634469,MATCH
74890e8c-e65d-4443-9508-21672ff5cdab,d772e63e-f670-4a62-b506-d74ccc8a6796,1238768.235756982,1238768.235756982,MATCH
e660a8e0-8b13-4689-9ef2-a148209515d5,817b2f21-24f3-4f14-a9b0-1062d2e55512,4249860.83513007,4249860.83513007,MATCH
e5bb7f3b-687b-43ce-b9a0-13be55c1a0d9,ec9573e9-e1fa-4466-a4f9-82ec1e559419,7140518.4452197645,7140518.4452197645,MATCH
2fb9950b-a190-4a44-a888-7521845c10ea,cbebb43f-ef15-4821-ade6-bf3ccc2a261d,8752227.48666731,8752227.48666731,MATCH
051978bf-8a2e-40d6-9ade-bcc221144198,ab404598-ae11-43c2-b130-dc8fd20e0734,8847098.03877345,8847098.03877345,MATCH
bf415c98-5a8e-4f05-a3ce-cf1e296df91f,8a257159-3d17-4879-95bd-f39efb334e61,837532.520390009,837532.520390009,MATCH
965a693e-85b6-4e95-8c00-9f08206faddb,03288b00-2953-4ea7-976d-9612a9a0758e,8713029.444028193,8713029.444028193,MATCH
5c613985-596e-471c-a94f-03ec0f4076a2,668f5032-6512-4d2e-a4b3-bc8e1e850f80,2858882.511036247,2858882.511036247,MATCH
3303343c-300b-4e7b-b393-2fb84fd4c793,09f08f24-e28f-4537-a8a6-4d97123c6a29,9482249.766224517,9482249.766224517,MATCH
68b666d6-66a3-43db-8960-42b0dbe7a333,76658707-5d41-4ac5-b35d-ab4685b375aa,2390709.061372154,2390709.061372154,MATCH
d5da16fd-4a68-498f-bd8b-b697ae1782f6,23450e72-d1b4-4562-95a8-d6a15d1ddcb7,4507675.720686289,4507675.720686289,MATCH
9bc88efe-4688-4612-8b64-e782718296af,b3126a11-db6a-47db-a888-e7affca39bae,7667596.285888374,7667596.285888374,MATCH
4c66d04f-64b1-4c49-8c0c-f61e9cc10bd8,5761b099-43db-4a42-8ece-36ae9fb209b1,5353536.4771842025,5353536.4771842025,MATCH
b75c3825-1c0f-487f-ab01-bba74b814a84,34dbda6b-dd9e-4b6d-a751-82a4f48138b5,1122290.2895679325,1122290.2895679325,MATCH
eee5b33e-2dd3-4f8e-9fcb-f48261e8baa5,46d9e34d-1feb-41c7-a0b2-d14b15f0e5ea,818018.7633871102,818018.7633871102,MATCH
565bb785-b8f9-45fc-a959-8983785e02ee,f8d9bf33-06d9-43c0-ad98-73017f85c4e7,6074021.267980895,6074021.267980895,MATCH
2e8f2f7f-20a6-4edf-bea9-5b7352b3a0d1,685707ac-3a40-4e39-83a5-f42136daa93a,6153487.819365109,6153487.819365109,MATCH
13893a70-a02c-4ed2-b58f-41b07c8c65ab,e48623dd-6f8e-4978-9021-71bd8458526b,1852244.5815118435,1852244.5815118435,MATCH
10f4c941-8fc7-4d79-bb8e-de31e61415dd,6c4e5a8c-99af-4e64-9024-822544bb10e0,8000788.225116785,8000788.225116785,MATCH
bd1a2704-8801-46fc-895f-6d43bb5e14d6,8d548038-9a26-4279-a25b-74adf519ab52,7328988.04104611,7328988.04104611,MATCH
47b885fa-78d8-4dd6-890a-886c36442939,b506c24d-8fff-49f7-b485-0fcd2f3b2b18,2524547.8579772105,2524547.8579772105,MATCH
5d679515-f8c5-4f5c-88f7-57fbd81b6bb7,0a054950-1f7f-45b0-9075-b55accee6b1c,4346088.615832683,4346088.615832683,MATCH
6696dea0-6c2a-4b89-8d4e-f3fabfcff645,d2524487-6b70-4287-a9fe-ba149adda7c8,6837696.968758305,6837696.968758305,MATCH
242ac30f-5d80-453b-a59a-5d6c07ba408b,47656069-82ec-4fc3-bc0a-5867fcce5213,7080623.552950843,7080623.552950843,MATCH
87638104-96c2-4045-875f-fb36be30cae9,51f9cd77-ed85-4a6d-b542-2851f2a24da4,6580152.523963696,6580152.523963696,MATCH
5c98fd57-3c35-4ce2-9656-07c0b3fdec76,2de66d5b-5e10-43a0-addb-8943f067ad82,5492009.809960123,5492009.809960123,MATCH
35edff38-9197-407c-89b7-02ed27dc3b65,efed098b-979a-4368-bd96-bb0a5719d3e4,2477686.73078266,2477686.73078266,MATCH
1b9dff1b-f52a-4cbf-9c17-729f21a496a8,fa63bde0-cf0d-4f06-b177-116df2037633,3767764.9068509927,3767764.9068509927,MATCH
0a22be56-7cfe-4ab0-9198-83f9f8c01007,a0733e57-ba03-41f9-90ed-01d3ef444cf5,6201404.192712519,6201404.192712519,MATCH
963d101f-40c8-47a3-82e8-47aef545dfb3,61a2d612-9a2f-4701-b3af-bb098c126e0e,7900519.055943947,7900519.055943947,MATCH
a6e486bf-8d2e-4a22-b544-f70c593acb51,5422ea97-e32a-4787-9824-6315ad49e072,806612.4631781551,806612.4631781551,MATCH
8839c8e4-10db-4fdc-bd1f-d7c0442441ec,5b673a25-42c4-4041-a183-10035bd972c7,7026042.542173024,7026042.542173024,MATCH
a452f530-a717-4804-902d-32817a37f3d6,c3963bf9-7cc9-4887-a39a-c771b739a28a,126652.73052375698,126652.73052375698,MATCH
86faaa83-3651-4c93-9a0f-b0b8489af195,5e44b774-cf9d-439c-ac2b-5781c1a95ee2,557669.4665527302,557669.4665527302,MATCH
04643f52-d9c0-49f6-be70-9416340a22d7,ac0e7307-7ddc-4af6-ac95-adb1ffac54fd,9118243.680875884,9118243.680875884,MATCH
604f3c8d-961a-4968-a30a-37e53ef433df,627967a3-7534-49c0-ae9c-92babbb5e037,1956622.5392883504,1956622.5392883504,MATCH
a285f766-f9d4-4d34-8a4e-5cc5995d455b,02d3fb7e-84be-4e1c-9e5f-feaa0eb54078,935164.874478184,935164.874478184,MATCH
01862029-ab8a-4015-a727-3710203d54c9,b1c8d50a-1e39-4f21-8775-cabfdcff5f1e,7557455.433492471,7557455.433492471,MATCH
4a720071-14a9-4e59-ab13-13b795d14b6d,1fb235c4-5abe-43fa-81eb-7abba08262df,4950548.092411229,4950548.092411229,MATCH
75566ff1-b91a-4e28-a1e6-8d3577c8c297,196dedc0-fad3-4352-9d59-598c174d6b87,878628.1867660831,878628.1867660831,MATCH
eb34d8de-3e7d-423e-9e03-83d4b061c6ff,f1da833d-1550-4390-b4c0-db3e666a4a82,2135617.7471439173,2135617.7471439173,MATCH
adaad2f9-0420-421e-81e7-ebbaf9ac1a4f,d7c713b7-2d13-48f3-8580-8066322c3dae,9313369.147535048,9313369.147535048,MATCH
ce65050b-7705-4c84-9b3f-0866d59042df,534234cf-1974-4b71-a00f-7ed09248c8c8,7554664.990315835,7554664.990315835,MATCH
7aeee7df-5bd5-4037-b744-459609791408,a3863cd1-00f2-4a96-ab82-1435382afbde,4722120.939997811,4722120.939997811,MATCH
5766fe0c-c4c5-47d8-ae23-5eb085f62467,36cdf42f-892c-4b33-99af-8224d7232ce3,6383852.147461952,6383852.147461952,MATCH
a525dcd0-08b9-42e9-8d81-c859949e24ad,7dd12d57-0b84-4c50-96c1-b18366dc3989,5218916.610029447,5218916.610029447,MATCH
1d62c6b5-5d69-4934-9deb-78a4375fdd57,823ca34a-bffb-493b-ab15-619ed5bf85f3,3668904.673963249,3668904.673963249,MATCH
e03d1b30-adcd-495f-af91-a7be905c3fd9,9875e4da-d830-4ffe-8885-9ae5aa5f8dfc,1538246.5575859686,1538246.5575859686,MATCH
a2070bf3-2507-48f2-ba0e-bd5620451dbd,8cc2e0f0-1309-4c17-ac09-2d0a9f4fe355,8830321.67284372,8830321.67284372,MATCH
1c974694-9884-476d-891e-11dfa2cfc32d,db2865da-4cb9-4e7b-a444-4f6430259856,6444542.948747142,6444542.948747142,MATCH
afe1d845-a18a-4249-945a-1de3731dc76f,393aa0a9-3bbd-480c-8ef6-6a146fdcc21b,5118234.334215519,5118234.334215519,MATCH
591c228f-3754-45ec-a0a7-8c2099d76c9c,68028b3b-a4f9-44fc-8449-21b6cfef7811,9416110.183106763,9416110.183106763,MATCH
1a985b74-ceb3-470f-8bab-9c9cc0266d51,548b9bb7-df82-40b8-9b24-bb54f9ad97ae,8093607.155629708,8093607.155629708,MATCH
bef46f0c-d4d6-461c-a92f-d9fd30afe613,df629d0c-bc76-47a0-ad98-a416bae27198,8955350.999039449,8955350.999039449,MATCH
f679d544-5acf-414a-a834-fb5be879c9a6,61cb78c3-513f-49a9-8724-91cadc11eb13,7990820.661470895,7990820.661470895,MATCH
701dadb0-1d96-4c53-a344-ec548caef9ec,682904ca-febf-4c56-9826-c4966ebb7a17,7728554.69015561,7728554.69015561,MATCH
21fae8a0-bcf4-4ed1-817e-3dc0bf5628b9,b81bda1d-386a-4050-87c5-8839c42cd0ba,5163010.515759995,5163010.515759995,MATCH
704532d5-2070-43f0-8e80-ea41139cd2b0,f530c98d-6c7f-4bef-b086-47e1fa647958,1665706.3211590296,1665706.3211590296,MATCH
2067902b-f099-42b6-b10c-cf77ba4d6c8e,010e622b-f8bc-420c-bf7d-39f795635c97,3096652.841631206,3096652.841631206,MATCH
49d9bf73-2b58-4b3f-a2a6-3e3c3940093a,acc54c62-1ab4-44a7-abe2-6bd117deace8,2289019.8305980936,2289019.8305980936,MATCH
89534e15-2ea3-4b78-a466-c9376da7c95b,b47299b6-8f0c-4422-a5ee-a4a22cde531f,2217984.8715055045,2217984.8715055045,MATCH
8301b3a6-849b-40bc-85e5-d46189344b06,48bbdb12-de40-47c3-b427-e46617f4b85d,5701417.756365703,5701417.756365703,MATCH
2f5dff13-759a-4725-ae77-abe37ef74fdb,a0c69223-c435-4252-b19d-d940838cc137,5363124.250365896,5363124.250365896,MATCH
e9fedd48-5684-4457-9cfc-df01f8401eea,f32ede3c-6818-4f5b-bb56-588bb172ec53,3147741.838888157,3147741.838888157,MATCH
17dcabf5-5088-4581-8c4c-eedf0bb1b984,a9470663-0e73-4523-99ec-c846697437ea,1237533.3624807512,1237533.3624807512,MATCH
cbfe68f0-b8a9-4704-b25a-a10d63fe557c,5dd0855c-7986-4498-b52f-80c9d9ee9678,5598830.703204685,5598830.703204685,MATCH
06905ba5-17e0-4df5-97df-85b33429c8cf,afd58fe7-65c6-4548-b169-fdedf9723977,965169.3189032924,965169.3189032924,MATCH
a2ddd15a-2570-46e8-aeae-bb601f89cec2,16a9e518-a55a-492f-8702-0de0bc64c7e9,5836378.429329413,5836378.429329413,MATCH
b66cdb02-af66-4c57-af54-489780fa07e3,79ebb8bb-214b-4473-a375-58676cc56071,1985065.92767293,1985065.92767293,MATCH
e656cfbc-8ed2-4e16-9ec8-0917af744001,2f85f99d-366b-4575-907a-9518912cf322,3325829.304172832,3325829.304172832,MATCH
fd523fad-3fbe-4e33-bae2-d4a8a4752fa7,76a4c79b-bd67-4458-8f2d-0b177e7d5e88,4957798.973956228,4957798.973956228,MATCH
dd3a0936-1d71-4339-8448-42af47f8b6f1,71a0cff8-6b8d-4340-98c1-58e27951d52b,2037515.873698915,2037515.873698915,MATCH
23ce37db-7cb8-449d-864b-789acd9b79fd,7b64665c-cb26-4809-b429-73f5d1d18e0b,4195440.867679552,4195440.867679552,MATCH
88c982ec-b3dd-4cfb-accb-6ae1b6d331ca,9457f388-6f2a-4c8a-93c9-aacb3f71e1ae,8896507.591233073,8896507.591233073,MATCH
bb8e37e2-c32b-4a73-b417-dee1b8dc6390,b197aed1-c57a-43ff-b8ed-08aeecaf8800,7211647.473868444,7211647.473868444,MATCH
a9673fe1-7fce-4629-aa8e-55a545665e79,039479c1-c363-461f-9400-9191d1d06bcd,2261328.721151574,2261328.721151574,MATCH
d7282d30-8911-4a42-b19e-c58b4c031d16,618521ab-9ea1-4617-8129-aa0c40efa857,3038687.6802598024,3038687.6802598024,MATCH
4b25c483-7bae-4f3b-8c96-edc24a41aed8,7ad30e2a-0413-4fc7-973a-0c96ffbb4bcc,8910211.419370048,8910211.419370048,MATCH
52af891a-9639-42b7-b79d-7db423caef2f,973d1855-9a03-4d06-a9eb-0bf9850e6d30,7722452.921965567,7722452.921965567,MATCH
cb170945-be88-48e4-943d-bd6ccdbb6c1f,fdb7c107-01e7-4de7-b3a2-ca5f46834cc5,9513666.998888442,9513666.998888442,MATCH
00f0f7fe-b8e7-4cf5-854c-0d1f43470982,f5f3943a-e8e7-4030-8203-83406372d635,916600.5507976696,916600.5507976696,MATCH
1a3ecc71-86cc-456b-b0bb-1e32c14fa9be,d0a96757-a870-4d97-90e6-717638583966,1134459.0242529034,1134459.0242529034,MATCH
084930a1-ede0-4d33-a36d-756733a44f40,957edc3c-bdf7-44c8-8f3e-e4aa594ffd27,6517299.950299521,6517299.950299521,MATCH
23d99d90-c964-4746-9bd1-65a3b716307d,d3e6dc21-f10b-494d-a021-a15b4207fb51,740686.9946968979,740686.9946968979,MATCH
d60b04a9-9173-4d93-b75c-4f3057696e2f,164b85f0-cbfc-421c-bf78-042820bb859a,481189.270312176,481189.270312176,MATCH
e19383a9-0f5c-465a-a7e8-3b871c7bf8eb,18a95210-9f8c-4c51-9f39-36a54d8131f5,839630.5477171564,839630.5477171564,MATCH
d5185b72-30ac-4fda-bf05-5b1087352231,fba75385-a98a-4cb0-bef5-27fe45e4307a,327491.6068388964,327491.6068388964,MATCH
3867f62d-da3b-4e8e-8dac-49f64242fc5c,a388ca32-68d2-4992-81b1-c62616a48bfa,1640148.8843316326,1640148.8843316326,MATCH
58bd19da-0dd2-4843-9ab8-873380e1cc41,eaadcb2f-0f89-4df6-b97a-822c15e59a0f,4279773.174152513,4279773.174152513,MATCH
95d12c70-d5b0-4c12-b31d-40e209673567,1c8390ba-1672-480e-8a7d-6fa11d9ddb86,3149973.709337136,3149973.709337136,MATCH
75fa0ebe-e4e3-4c20-843f-1b5f3d958061,81f46dfd-3b6b-4c0d-b028-05af580661f1,7523766.625594777,7523766.625594777,MATCH
4d8cd019-a88f-485a-833a-402ec8f3332a,c08bd631-3d57-4e27-b3da-efc10d47e26d,2494385.6575489067,2494385.6575489067,MATCH
f2546c17-7a90-4486-8d2a-3484e3346bd8,90ad07c6-9a5c-48ad-aeb0-b110ac13b249,68252.38818488232,68252.38818488232,MATCH
487f70f0-e5e4-4935-93bd-99f9c5f4656a,6f0eebef-97e8-4057-96a7-01aba66ccf43,9180726.752446596,9180726.752446596,MATCH
dab712f6-7642-41c3-a6da-f6d171c316be,61cf91fb-7e81-4dfa-bf16-e3e949b7e037,9143118.696803996,9143118.696803996,MATCH
4e08ab81-ec4d-4c00-b7ab-aaf864c46086,c596fab7-76b9-4472-b470-724cf9f6b641,6376042.6713642,6376042.6713642,MATCH
55f8bbb8-c3dc-4b92-b95c-a96d85ee751c,c310d2a2-0700-47c1-b1f9-4a097408f646,9544292.744320778,9544292.744320778,MATCH
534d388e-7279-4c9e-b828-1e0b6b6a838e,1521e825-1177-4dd5-b61b-7e117c192e61,7809903.780056439,7809903.780056439,MATCH
1f53db6e-ab11-4736-b260-282fa30c1e0e,89e08b89-ca3e-4238-9bb2-4c33a0456992,9532254.375106351,9532254.375106351,MATCH
0bb5c276-abe3-47f3-8066-703846dfe43f,c8613afa-1ae1-4565-b3a8-0aa060ee0cbc,3390201.906555895,3390201.906555895,MATCH
eada2885-efda-40bf-b892-0f7295309450,be3eb6f7-38b5-45b9-8265-a22371cfd772,6866619.647059994,6866619.647059994,MATCH
91b5fcb4-0331-4d0d-93ba-8d243ebb527c,1f47d902-1ba8-4a91-b462-f144c49b9e62,9079334.10914657,9079334.10914657,MATCH
846c454c-5170-42ef-a777-c6646732ceca,cadee3ec-6895-4908-ae2c-b8506b17bd75,8917559.110538753,8917559.110538753,MATCH
69eb337c-059e-48d8-8ba2-0d387db4990d,9ce91544-4362-462d-a07e-e721e71d6ba3,9804130.930213416,9804130.930213416,MATCH
961b9221-7a19-4807-a1d2-1319cbcb3293,9202b09c-60b3-4938-9107-1545fc5b14bd,8201608.648785291,8201608.648785291,MATCH
c2e41a50-d336-40db-b164-82fe10a0e260,592c6a0e-14d4-4d3a-8b40-fcdd9cd2da08,5858559.14620064,5858559.14620064,MATCH
a10db956-0634-4af6-9505-06dd16054b9e,6e951719-e0d6-4969-878a-943affb2bfe1,499213.8352695274,499213.8352695274,MATCH
cf5e7840-bdc5-41bb-9c4e-3b0054ca4adc,c4bd9b59-7fd9-496f-ae5a-88566791659c,3628333.3761047767,3628333.3761047767,MATCH
b297fa7f-f719-4e43-98cb-3cb4e2f7e7ea,fd853cf8-7932-48b9-ad8a-c4bc6c24dcaa,869099.4580161512,869099.4580161512,MATCH
4f66a914-0563-4b30-8834-0d51a5c6c5ae,50f32ab5-df58-4eff-9296-5cf38b30bb4c,7201607.918061909,7201607.918061909,MATCH
f8ef0017-bf89-444e-9097-ce4674b0b243,92455468-6088-425e-a382-6da16cce4c23,7218351.704817561,7218351.704817561,MATCH
16d7ba54-5a76-4b48-9d03-14d893964405,7fcbcf31-93ac-409a-afc1-0403dcda8cc1,2279264.077387721,2279264.077387721,MATCH
b5c43078-197d-405f-bb20-d1546ff98cf7,43054a31-f9e3-4905-8a4a-15ea075dacd4,9563837.217742752,9563837.217742752,MATCH
343402ef-44cf-46ba-9302-e6e2387bccda,22aff503-b17a-4f6d-a0d9-66707606fa34,655692.5974100125,655692.5974100125,MATCH
88973a4a-33b6-46dc-82d0-1c42fd595978,5b7e24ca-722b-4439-b869-d3c9d743b5a8,2716577.6566425688,2716577.6566425688,MATCH
ab4d738c-7657-437c-9fc8-e06063629509,22ed1e25-45d0-4382-a8cb-b7ca33b5a667,1099501.9069294054,1099501.9069294054,MATCH
4f3e2a2c-ded6-4d2a-842d-5f032482e8d1,8a3a0129-a9d8-4c4f-aed3-38be4cc6d67e,7138774.767528519,7138774.767528519,MATCH
81b85934-af37-4cf9-af2b-5e3109db40a9,32a4a8a4-32f9-4771-8799-7940f9adde7d,8655887.11451521,8655887.11451521,MATCH
6e43b319-f929-4271-b220-58f9bdb2fd9e,569b111f-15b4-466e-91d0-12a7f19293c9,4977877.522190124,4977877.522190124,MATCH
8d8f2868-bded-49cc-8e10-7ed63b046707,a04dac84-9c59-4e03-8d2d-35570e06a416,6357609.2623411,6357609.2623411,MATCH
1d5d8f65-3361-4134-b012-00ab9fa87040,e6793a4b-73ce-4f7c-90d5-e87e4f489f45,9809275.161546111,9809275.161546111,MATCH
c96782fb-c417-4ebd-820c-be742e07a11f,01b8c14a-fd68-45d7-937a-430a2f2aa5e8,1235614.2868112917,1235614.2868112917,MATCH
6737cac9-242e-4d71-9579-bc243ffdf8f1,b8314c26-b23f-4738-aff6-28bccd2bf206,9707594.660365108,9707594.660365108,MATCH
9347f486-2a44-4a88-97f8-5f5bf1e2cce7,9a87e357-4b8f-4475-a2eb-b2d2384852b6,1822530.8657077472,1822530.8657077472,MATCH
6d820335-f3de-49dc-869c-558b496d036a,22eb69b1-5f9c-47e0-a328-143e2d9563ed,4381848.854700338,4381848.854700338,MATCH
b38adf82-6e02-4a88-a00f-8ed9b2086418,0d46e159-a668-4e80-b16d-4fe8ac504475,327841.54475449014,327841.54475449014,MATCH
ccb1dc1e-47db-46a2-83e3-0f78e85fda55,d1b60755-81d1-4226-bcc5-6af30eac5e90,4799626.725346541,4799626.725346541,MATCH
c0712a38-bffc-4f09-bf14-64b31a8a76f3,51c4243b-f07d-4671-8aea-9ae5690a7b80,5961636.7772910325,5961636.7772910325,MATCH
6a429bd5-cd71-42b4-9471-104f1859c5ae,0b961346-6498-4a39-97c8-f02c2ea5312a,8807884.746770134,8807884.746770134,MATCH
9bd65068-ba8d-4f8c-be05-fcef842c49fa,7f383a3e-33a6-4403-af9d-1d74f82c6ad8,2489682.8511030846,2489682.8511030846,MATCH
235d2722-aa78-48aa-95b2-868bac92275a,3bd9b015-7112-4f4b-adf8-05020653ee85,173418.28586767713,173418.28586767713,MATCH
ebf3ef99-39d3-4f2b-896e-c0c9a7c5f960,1b99eb83-3244-4f07-8ae2-63e06e663c0a,4829559.228891618,4829559.228891618,MATCH
fd8ac696-461b-4bc3-89d2-61e066ba7e51,913767ab-4dd8-4715-b53f-f3e271fc5136,3826736.699464774,3826736.699464774,MATCH
02ac1c61-c9ea-45b9-ab59-97f2c447ee3f,f1b7bd1e-c0d5-4828-aba1-7f78362e17d4,9496644.635252783,9496644.635252783,MATCH
df96048a-453b-47f5-a20a-69d3ed601f49,4d4f6814-d385-4240-92a2-f8390acfc6ac,8017060.2251297,8017060.2251297,MATCH
2775957e-3ea6-4a65-b960-df1f17152d76,25131cd4-e5b0-45b4-8a84-525f7b814ce1,8290184.239256768,8290184.239256768,MATCH
d1b51519-c44f-476a-8bd0-1f7aaccc8e70,ff2e1955-fc6b-466b-a929-15a385cd74bf,4723996.170092708,4723996.170092708,MATCH
a46ee99e-ae4e-489f-9659-d69f4ecad266,53958e5c-edd0-4e02-add3-2be929052dd7,6395728.54573935,6395728.54573935,MATCH
d17bd6cc-2195-4073-a697-9d0fa7c02a59,18412e07-f583-4c69-807f-26542be4be9c,2413044.3767085266,2413044.3767085266,MATCH
a83f18e2-6a11-415a-8834-777604cac3d1,e7bd1db7-f780-4afc-a538-c6a705651e80,2884821.463428853,2884821.463428853,MATCH
ed8982c2-039d-4d70-a0fa-7665584f218a,b040d75a-a28e-4841-bd16-5228b589717e,4738722.59906325,4738722.59906325,MATCH
a09c4325-f047-4beb-a483-c45844852295,6ad73453-1d2c-4c89-8d75-e6dec19d5186,8042332.237846364,8042332.237846364,MATCH
e0880267-e43f-45c8-80a5-82f7b62b9f62,c8022f8e-38de-4b6e-86c4-5e42955bc346,3952431.6767780855,3952431.6767780855,MATCH
68054a24-f785-4cc1-b8e5-91c417d2efe7,2336d60b-0f57-4d6b-9452-e1309ea8ffe3,7246219.7595550995,7246219.7595550995,MATCH
2a8be289-1f19-497e-bf86-ad63851ab93f,65f35984-5c0d-4fcc-b8f9-60bdf37599aa,4934883.018777903,4934883.018777903,MATCH
63b1a52e-9070-41b6-9ec0-9c3575035829,9b5ad674-8896-44b2-8e92-605915ab7cd2,9558912.142207043,9558912.142207043,MATCH
0151ccb0-1b6f-4a9e-9a98-b7154c60b543,085ff4d1-87ea-451b-9539-562bb0d508a9,1112734.847481208,1112734.847481208,MATCH
5199839c-d0de-4fb6-858c-6c02bf409640,73fe7e1d-f36d-4b13-9f53-4d9aa7faf009,7577409.285811952,7577409.285811952,MATCH
d6578ecb-5529-485a-8444-c6f1bcc9c2e6,fc76627b-00cd-41a8-b01c-8108a904babd,9141292.40261391,9141292.40261391,MATCH
7120721e-86cd-4214-a37b-efd118963a6e,179d9ae3-14fa-4d50-a97c-4d7dd4147d03,8828710.78997932,8828710.78997932,MATCH
f2c8c25e-32f1-427c-aa8c-662d290a3d67,0df1172a-46f2-4f38-ac45-1540ae2356f3,650101.9647637609,650101.9647637609,MATCH
bac3d057-2eb8-4221-972f-0d9beb02c661,f47e3ca0-723f-485a-a57b-084d2b0582e0,8882847.458438357,8882847.458438357,MATCH
dd43b0cf-54d0-4314-b0ca-b2497b417aed,4e0f89b9-5f18-4c02-9e24-5a97273ef6f4,8991233.14812783,8991233.14812783,MATCH
80000fac-5818-48c5-a7d1-99902049a289,75373d14-e24c-424b-a453-c4c23037f0b7,4600581.082780421,4600581.082780421,MATCH
46c524a5-145d-4f7e-b057-712b945eb87f,c4b27b21-bc0d-46ed-bb12-2ee53d305a07,7293569.629240603,7293569.629240603,MATCH
b7d0c829-dcf9-4680-87ca-07d8d2c57940,5eebc618-5628-4768-adf0-ac3c9ab8180f,2960684.974948922,2960684.974948922,MATCH
27ce46ce-b695-42bf-8379-05edafc8d769,ad463549-bf41-43cb-b2e1-5f176b47ed61,1322982.33491151,1322982.33491151,MATCH
91855abd-4e90-4e4a-9fd2-8b9e0328a80d,9db8ef7e-55ed-4864-b68b-6ba090ebba12,4677011.802352349,4677011.802352349,MATCH
d1edc618-84da-4679-9113-b5ffd73cad84,c5fae047-6f66-4013-869d-4cb7b7f5155a,5184995.933161115,5184995.933161115,MATCH
3e6a41f1-278e-4f60-ba99-bd7654edfb70,b5bbabce-2c15-44ad-9790-4515f859396d,7233573.859961267,7233573.859961267,MATCH
e3c443f1-6010-4b93-ab7f-0864aff54774,7dc42f12-fe9b-40e1-bca3-765350c76baa,2688969.3635954205,2688969.3635954205,MATCH
6cfad76f-4098-4d5c-9e8a-35cbafb719ba,7d8da92b-93ba-44a3-a3cd-8a4471e64bce,914173.0482264808,914173.0482264808,MATCH
0d527b89-3c8b-466c-af37-4e8cc4735700,2dc69c90-e5df-47af-a403-c4bc14860c2d,449274.9284404143,449274.9284404143,MATCH
86a81b2b-5c69-4e49-b12c-31263222504f,3c1a8ce2-95ec-4c2c-8798-3bc0579744ba,7539484.595697011,7539484.595697011,MATCH
f860b58f-bd8c-432e-ab7d-09b27d01d706,7d169638-658a-4377-bda8-b37a1e69d7ef,4524816.041601624,4524816.041601624,MATCH
d44260d2-5f11-4839-9203-7fc25366e938,5f5258ab-cf3a-4723-9ea0-c5033d7a774e,3133328.9387161746,3133328.9387161746,MATCH
7c9428af-461a-4f63-89b0-16e51e595d1f,a395b867-7397-41a1-b641-940591cbbc49,7994355.910917912,7994355.910917912,MATCH
ead217d1-cefd-4dee-8590-f851fb385671,c832b3f0-2b0e-43fd-bc3d-31388a5a4272,1648590.6670187276,1648590.6670187276,MATCH
f9705e4b-2d71-4040-8554-e88b558492ba,81dec9db-0abe-4257-8ffe-38c9d2d81eb3,7536946.733758302,7536946.733758302,MATCH
bbcaa210-2fe6-4a89-9059-b5947c08a960,286e3f0a-dedb-4ec4-a2b2-de4b3d5cab0e,9408732.289517865,9408732.289517865,MATCH
a801f15e-7046-425d-bd47-4d951bd36f41,34680b6e-c609-4b78-b597-1e438f8dd995,3453523.616067747,3453523.616067747,MATCH
4a74982e-56ca-4fb3-a196-2a11c90cd1d3,ff08c739-4c1d-4e43-8c2b-03e443e1346d,5446992.903252775,5446992.903252775,MATCH
20c8667f-b46f-4145-a5e9-2e49b26c8876,19bb5bf0-9b63-4a38-849f-fb5fd6a7aa06,5875822.088528484,5875822.088528484,MATCH
51fc4c23-2586-4cd1-a7e6-0e4ec71cdac2,eba46463-36c9-4657-ac9a-799e19437791,4520057.835467963,4520057.835467963,MATCH
fe3a4f96-2306-41aa-9d50-0d6b163cb529,9339304b-9a8c-43d7-a8a5-e34d798b2f02,76250.5397473736,76250.5397473736,MATCH
817c6779-d52d-4f91-864f-e16479472ea4,72f68fe1-aace-4a98-b32e-9280c2fd6177,2123587.205749002,2123587.205749002,MATCH
ca4c3b4d-fc8a-4e6a-9051-385e0b7ce5c6,fdf02450-585b-4b17-ad9b-1eb118ebeed7,2403725.81631207,2403725.81631207,MATCH
f5a02c0a-5021-43fc-bff3-e8188babb414,b998e2d3-6d1e-4d7d-9402-96ee81e6935f,2752608.395975245,2752608.395975245,MATCH
aca65492-95a9-4dd7-bd8f-a26f1f16de17,07298d47-7c65-4dc9-8b42-5bba4da273ed,7997110.710725033,7997110.710725033,MATCH
e31f2212-1654-483f-a251-0f01959677e9,4ba99d78-b498-45d0-a5b1-c79954cecee7,7654480.030229518,7654480.030229518,MATCH
7aa03208-e6f4-4dcf-a5f9-3ab95e5f310c,a391ffdb-8794-4c7e-8aaa-7f994a34041e,4757407.276631744,4757407.276631744,MATCH
a06a7de4-9755-428f-9147-c3ba2f875748,3dabba61-8a69-4650-a9a2-e9cd7b6f65df,8587485.259781232,8587485.259781232,MATCH
1c8d23b4-4dea-4200-9593-83cf5d13a906,f9b81e65-8a34-426b-b2cc-3fc55f775a7a,9388473.805182628,9388473.805182628,MATCH
f7b5b05b-59c1-416c-9fdb-563af35757c5,92051da0-e264-4336-95ad-86bcf1db9ad8,9670015.700190976,9670015.700190976,MATCH
a5278097-d6de-4902-aa89-7692117637b2,8121c051-c09c-4132-8235-00f97e33e68f,9661004.060457792,9661004.060457792,MATCH
af8f8cf0-451a-4ec7-9cdd-e8ca7bfeadd1,6dc75587-cd40-4648-a353-98a63a6a22d9,5800684.025549297,5800684.025549297,MATCH
9fb109a3-4a2f-4373-b777-c81685ef875e,3281f976-c680-42e5-a78d-af97a614f06a,4382437.041540009,4382437.041540009,MATCH
e958c430-d21c-4643-88c0-8457464aea48,62a53193-a6a1-4c2b-8ec5-bad7b24ae6e3,5439381.082688417,5439381.082688417,MATCH
61c50cc8-19e3-4dbe-a1cd-2b70cffe7547,b261ad5c-a214-445c-becf-dd7244f760a8,6577022.972287178,6577022.972287178,MATCH
ecc38555-2b9b-4ffc-b2db-b2c54518f4c6,f87405ca-b22f-4e91-8411-0e35d0e34b2b,6249452.859563519,6249452.859563519,MATCH
e3b93a34-9d77-49b2-9287-e5f485c14181,ba059e68-8d87-47be-a71d-d0f18985c98d,916400.6816738184,916400.6816738184,MATCH
8e44f2f8-3de8-44cd-ae15-c527fe2a0cbc,f2307c22-30c7-409b-b401-55bdb6ac1c8e,4865316.674931018,4865316.674931018,MATCH
849c30c6-dffa-48ae-8353-ac87ceb7138a,bf1a61d7-0858-4527-b92d-d4997497375c,488351.1521127255,488351.1521127255,MATCH
69ff6cc0-74bc-405c-bfc1-9ef6a61f135f,6bbe2bd6-5a13-41e7-90fd-7164819f2393,7627162.343104448,7627162.343104448,MATCH
076a16e7-3c1f-49aa-afed-c6c3697905ea,c37a927b-abe0-4b22-93dc-a1542b1fc2ab,5518205.427487975,5518205.427487975,MATCH
4008d4da-a819-413d-84fa-84a427d764ce,620956a8-1c68-4db0-8d33-3496e3528539,1137221.1931515764,1137221.1931515764,MATCH
e7dd93a5-2b51-4424-b595-459de5d20eae,df996726-5c36-4f5c-a23f-3abf0441e22c,8611762.979541546,8611762.979541546,MATCH
9b2a1376-315e-4e80-9f20-c257ed348e32,1fa7cddf-25e6-4919-9deb-cd5cb8427379,6204090.473497379,6204090.473497379,MATCH
b69415c7-1604-42b7-b424-b79c27b0816b,8159ace5-fca9-4028-ac39-12efb9fc829f,751245.3689441773,751245.3689441773,MATCH
8f7a1e43-5a1b-49db-9466-91895ca43e71,1582de78-c06a-4949-a263-78ab15b2c2b4,1361473.401574085,1361473.401574085,MATCH
2fd6129a-82e0-4d39-bab0-08df2709f5b2,f8360a87-6aa2-4571-8b0d-271605cf079e,3216928.4195781867,3216928.4195781867,MATCH
5983ce94-506a-4dd3-8b31-324f485835db,2a1b76e3-3266-44ff-bffe-f652eac032fa,818489.1423453868,818489.1423453868,MATCH
9d065ae8-4358-4e3f-b01f-90e76b0c7da5,8120053d-1aef-4f21-8161-b06c1397b542,3902567.662205761,3902567.662205761,MATCH
e028c315-928f-4bae-b8a7-c67868e968cf,3fec5325-edc7-4f12-b3a5-1ac6c461994d,3755747.540498778,3755747.540498778,MATCH
2c47a51f-68c4-451a-8166-356cb04fbce9,9b6fbe20-4b3a-4a83-a286-16f4bbf9a04b,746640.391932718,746640.391932718,MATCH
9b4dbb90-a197-439c-913a-2b6ca8dfe59a,429e09bd-7862-446c-892e-44b72ee25989,360193.58985809574,360193.58985809574,MATCH
fe7c7d6e-a8cc-4515-b862-abcfdb3437bb,f198f62e-5c9d-4ead-aea4-91fccb6b6306,5805117.665951349,5805117.665951349,MATCH
2bb47157-7ec4-49d8-ac97-34c0e2b05055,c2a49fd8-6ef5-4cee-bc24-3f9f9c014262,7531457.594911718,7531457.594911718,MATCH
69c718ee-aea4-47d6-955f-a2f45fa9b21a,69958fd1-d891-4adf-b41c-612aa2491260,3893521.569877591,3893521.569877591,MATCH
c58536b7-cf6d-4a9d-a72d-0bf4c84d16c0,da1d3dab-54c5-4266-b142-0898998a05a8,6309915.069502639,6309915.069502639,MATCH
b780606a-02ca-48d5-b033-ee83518f0ed4,833d3df1-5e11-4680-9501-6ada189ac35d,9012949.821099203,9012949.821099203,MATCH
5a2d465b-87ce-4aaa-b713-c245f34bfa59,354e15ec-da33-462c-8540-46cc16d50b84,3379379.3604777995,3379379.3604777995,MATCH
fa33fa98-63f2-4557-a2e2-d1caf07bf9bb,ba098a27-4870-4a92-92f7-7d5dfec5ea47,1296185.2308341328,1296185.2308341328,MATCH
0b660bcd-d32e-4757-856d-e1951f81e097,2471a957-b1b9-4d9d-9b58-3dd920f36e92,1328581.301371137,1328581.301371137,MATCH
77fa7bbc-cc68-453e-9a9f-d637fc7aa2dc,9c03d65c-ed8a-428c-b756-999b251adf0e,5223831.825172877,5223831.825172877,MATCH
5a45b8ea-d3e7-43d1-8378-bcb77570b0ac,3ed5e52e-aa3d-4111-a123-01935c532042,5149791.963129921,5149791.963129921,MATCH
eaacabb4-3802-485f-a14b-a540ea041d0b,873f3f03-0f8a-479c-b6db-bb2c3b5e2d65,1593638.58834767,1593638.58834767,MATCH
e4ee8f51-9ce8-4b7d-8761-dc0c5e99c568,b2c454a4-dedb-4ef9-b4f8-a91300ca280f,108652.92209491086,108652.92209491086,MATCH
c9257285-2bc8-406f-b4a9-1b867ec391ef,1ee56930-3a08-4f6a-9e18-9a981d2d1771,6996487.491935512,6996487.491935512,MATCH
92e33940-a32c-4e99-bd26-a41b221a7c4e,82a4e22e-d737-4450-95cc-fda236770e04,8514586.970842263,8514586.970842263,MATCH
18ce58d1-c5e3-4e15-b1dc-527047802d60,af8e26b2-6cfb-4173-ab4d-3d1a39b9c13a,6064811.209162504,6064811.209162504,MATCH
6b0ffa79-3113-413a-a0b9-98300b373468,a42d10f5-9baf-4c20-8e16-af3f538cc0ca,6185590.6555258725,6185590.6555258725,MATCH
78428071-2eb3-4f6a-83f2-6a392653de2b,a0dcec7d-3b17-4319-bf4d-55b97d457a09,6585429.012571944,6585429.012571944,MATCH
acba60e2-decc-4aea-a22b-3588c275da34,c0c91cd8-d9f8-424e-81bb-0e0d8fffc06d,1756866.047420466,1756866.047420466,MATCH
e71594ff-d6a6-4618-8eb1-8c8843b63613,66aa394c-0cbe-438d-ab33-9734da119684,3113731.2021626164,3113731.2021626164,MATCH
e830257d-cf8b-4eb2-83f1-5176eed15809,4827c440-f6d9-4e17-b109-4211b73f6e64,9450327.92246106,9450327.92246106,MATCH
adef5777-2e6d-47e8-9980-236855b85720,946a95a6-f2e4-41af-8702-1755f11cc0a4,6544875.525849253,6544875.525849253,MATCH
ff82bf84-3e86-4c14-a3f2-df80a7bbc612,a0135044-a041-401d-9016-8d654f90f91a,5184136.525031412,5184136.525031412,MATCH
2f701b32-5738-4b52-926c-4e50dd4f4af2,b52f5f46-c0b0-4dd0-bac9-b5b642e88605,3514015.0096255653,3514015.0096255653,MATCH
45d62ecd-3030-47f4-95d4-999b39d88a14,55327432-b118-4ad6-8ba8-8a28172730d8,3096902.725331896,3096902.725331896,MATCH
f9375fff-f146-46f1-b87e-d06b5fed5cb7,8855817d-3112-4678-b08c-523dcb7e717c,1430461.375198106,1430461.375198106,MATCH
6dd9a879-93ee-46ee-ae93-a4d0cd24120c,999f0691-34e4-40bf-9b38-f3066e6a3d5b,6499176.75196109,6499176.75196109,MATCH
6bcbb347-e9b7-48ee-ae6c-69f7f8c92b4a,32f75350-f9a7-42dc-9d1c-19061090dc9d,8720624.165611327,8720624.165611327,MATCH
384a9967-19ef-43bf-a494-23aa645416be,5675c8f3-104c-4350-8e8b-76a2082f2fb9,1931746.4990336504,1931746.4990336504,MATCH
96a0c726-a886-49fc-a0be-b85d9053317b,89cd90e7-025a-4dd4-a533-31401b493710,3798827.938818813,3798827.938818813,MATCH
4efa8dc3-0bae-4fc1-918a-d3caa2e25753,c5bca449-0c75-4a17-8131-c6019923fc7a,1710924.2838020818,1710924.2838020818,MATCH
a5fc6d09-93c6-467d-9ead-44fcf3952657,6facc50d-b290-4e73-b2c5-73e958c58875,3264584.5540983607,3264584.5540983607,MATCH
a23ebe36-f20b-40c9-aa86-9922f4927b35,2d28a2a8-2bae-4fc7-ae52-b671bba8a7e5,5877119.433992567,5877119.433992567,MATCH
97f31baf-01fe-4d86-a545-fcc626fa466b,93d797e7-2392-4df4-9fec-59ac07b4e684,8328297.360910367,8328297.360910367,MATCH
ff0614bb-b85a-44cd-bf2b-f0e4ed55169f,baf9706d-802d-4cc4-9c95-6e3103491b41,5526918.039364753,5526918.039364753,MATCH
8f06c963-e656-44ac-9e54-a1755b429d0e,b11cc20e-e9fd-4972-8410-5bd15415c636,4533654.210375715,4533654.210375715,MATCH
861550f6-6b43-4b40-bb9a-21c41155581f,51589375-7d8f-4350-b1c7-7a4464f8f226,7503237.877500636,7503237.877500636,MATCH
b33aa6b9-7a23-4f3c-81f6-028b4a0efbe5,5025ac18-15fb-45dc-8aba-ef3c5735773c,3620878.537267047,3620878.537267047,MATCH
319fa2f7-16da-48f5-be8e-b66f34d091d1,2a112eab-c5ba-46af-bb60-be1c66d29752,896482.2303204425,896482.2303204425,MATCH
4dd516c8-5e83-44da-8793-5334fc20594e,96867676-783e-40ab-b22a-55a605391557,673910.0579896589,673910.0579896589,MATCH
7ca08cde-4dbb-47cd-a9a0-99deaa10e595,55a15414-8995-4dd1-8976-e09f15936f42,1048369.923268422,1048369.923268422,MATCH
40944f95-2f51-4ca6-ae4f-f4a419cb84c8,58065bae-fa5f-4fdb-9123-39faaa61b32f,3394842.237730709,3394842.237730709,MATCH
2f1d80ea-fb91-4b90-bbd5-0aeb679111dd,68dd66fd-9fa3-4f4b-aa1c-d2d89ff0f466,5981024.922669174,5981024.922669174,MATCH
d11756d5-8c0d-4a8b-b448-a24723a86b61,389d2267-b7c2-4d94-8ef4-40984d9d1bb1,3310434.9945380595,3310434.9945380595,MATCH
f3fac150-7429-4f81-83a2-15ffa660604f,693e5fcf-c080-4ba4-9e07-809d188854db,6264501.2486271,6264501.2486271,MATCH
205474fa-1eb1-4c0c-b5f0-06c0955d3078,7b2a7f10-3590-4039-86dd-5e19dbe83664,9692808.985767586,9692808.985767586,MATCH
7cc70b17-e9c1-44ce-9fb4-26c06924e248,83c5c510-0e08-4343-aea7-7ea8bc5ad195,9335946.787535343,9335946.787535343,MATCH
64315fc2-6946-4f3f-914f-6fd9accc1507,b25db530-712a-48eb-b756-b0058844bc0c,8616879.98989944,8616879.98989944,MATCH
01a6c260-efc0-4273-bd39-7fe7b819b15d,7b2e60e1-6ae6-4480-8b70-4f97ded44617,2870565.38631944,2870565.38631944,MATCH
d053d7f4-5ec9-4fdc-83ad-d1a4f481b9cb,ed2eebea-69b7-4533-bca8-3a8278997035,6687263.496420736,6687263.496420736,MATCH
5415668e-4f75-43d1-9610-7189016ff44c,19cea0c3-c2b2-447d-ac3c-ebe37c35b274,2348528.237992865,2348528.237992865,MATCH
a22eb45b-1986-433d-8b73-aba7ed5edfa2,222db2cf-bc34-4d5d-9f9e-14257a7628e6,2251019.7091453634,2251019.7091453634,MATCH
a479dce2-77ee-400f-b743-c1045953ff90,471c10ae-cdb4-4dab-8a27-cd6942264ba4,5411819.158518284,5411819.158518284,MATCH
ec7ef0ab-e1a2-4ffa-b7ed-70cff111be9e,5bcc90fc-a1cc-42d8-b1b4-2308b8463413,9564918.086237622,9564918.086237622,MATCH
c1472ff2-2ad4-4bba-80ce-350586780a98,f83a1bce-7069-4977-b3af-15bed93d8722,2734893.5903683947,2734893.5903683947,MATCH
3b5d5c9c-d737-44d5-8cd3-6406e0bd6044,bfeeb533-acf5-4149-b1c9-d0dca38cc35f,4395834.5498309005,4395834.5498309005,MATCH
efbbd216-0ff9-4696-a15a-58bdc632554b,3cf29ade-171a-4b65-a272-d7ca7f176b55,6958350.785965746,6958350.785965746,MATCH
67b2916c-461e-48aa-91ba-f6162448ef43,2cd6e8df-1b58-49c9-a4ef-65a737cf65ca,6004134.669537998,6004134.669537998,MATCH
31e3e608-800e-4952-a5ec-4424f56febb1,10c49f9e-b020-421b-a90f-413715bebdd0,5351530.708077822,5351530.708077822,MATCH
9d6ba3b5-cda8-48b5-adf6-cca41761f1ce,a8928ad4-887f-419c-b7ba-19f9802a63cc,2265248.8412346123,2265248.8412346123,MATCH
93b1ee1d-a1a6-4f32-9e4d-acd68116fd6c,3f91c419-e846-49df-b373-35549e204ac7,856628.8177828828,856628.8177828828,MATCH
a341441c-3c16-4571-957a-66e5a18af1fd,40b55023-2a32-4553-b370-8a7e68fc0e45,3474617.9341432825,3474617.9341432825,MATCH
5e4908c8-290a-42d2-87f9-ee879f35e95d,997c0dc9-5165-46ca-9fcf-3219b1c12d4b,3763837.112274175,3763837.112274175,MATCH
2c6fc084-c04a-4f68-9aab-1efb0838f528,c47f9b05-851b-4f38-8069-7f1da93c9413,7919866.460714333,7919866.460714333,MATCH
97d3d50e-6697-4f77-93d6-40ccf4382911,e9917f60-a8c4-40ca-90a4-a31afc00f3e7,5049207.116897816,5049207.116897816,MATCH
df0987e9-259b-4aea-acab-b9ada15dd7c4,31c46c9e-70be-4630-8a63-33e3247474b3,7670760.8058680175,7670760.8058680175,MATCH
024559a5-709d-4505-846b-96f976751903,0acd1ac7-e919-4919-8a08-7252e04872dc,9168065.852962714,9168065.852962714,MATCH
35f1e04b-c5fe-41d6-8365-d2cf173be226,d8dcc3a5-309a-4327-891d-47fe970e287a,888429.277252432,888429.277252432,MATCH
0e00583d-15ac-47f0-8de9-a283d6d5aed2,ebf45b9d-5e8c-4bbf-8f1c-5f8cf1ae8af9,4604882.861649476,4604882.861649476,MATCH
c415ac73-b944-4469-aef6-a152bbc2ede6,b2ac4768-f122-4f43-8527-4f356dc56044,8355825.294227637,8355825.294227637,MATCH
dffbdc2d-bffb-4e28-b933-ea492c7c4106,9c5dfb8d-60e1-4973-a602-37edaa429203,199206.43783452729,199206.43783452729,MATCH
b5786277-761c-4a2b-9263-f8e03c5969c6,3291bc95-b8bf-4cae-aa06-4fd24fbc0984,7330151.549187489,7330151.549187489,MATCH
02088c91-8f90-4d9d-923c-7585b32281f3,07179ef3-3121-4863-a663-ed111d122ccf,9334447.031100694,9334447.031100694,MATCH
5def5cc2-f101-4bfe-8d7e-fc8eb68ff0dc,cb4addc6-8509-4c78-9566-0d8ed25697ad,1706157.0094305046,1706157.0094305046,MATCH
6424fa05-4672-48f6-aaee-5d685e09f48e,04c72b2a-e598-45c2-80ac-efb579d05e2b,5562401.558667228,5562401.558667228,MATCH
cb5d2aff-0f90-47d5-90f0-d47cf4af8005,031eef96-5f71-4cc4-a2d8-46d05ea011cd,6208119.373962666,6208119.373962666,MATCH
be09f835-0679-45ab-a1e5-48ca926114b7,3c1e919b-ee5a-4007-9536-7ab60d574085,618125.9640214898,618125.9640214898,MATCH
293a60be-b7f3-40ad-84d1-c310240f92a4,4cad66c5-9d65-4c03-aaa8-14da56ec0e55,9107820.64451329,9107820.64451329,MATCH
776ffd03-6d7b-4a17-9aac-72b177e7ad81,ad443c48-5e8a-40da-93fc-927f7237cf5b,663539.6767186959,663539.6767186959,MATCH
a125151b-1ac7-4a5b-b387-a11d5286f977,f1613bab-d0ef-4299-a50b-1c5a50e08a81,3007203.099121209,3007203.099121209,MATCH
344c96cc-3f48-45f0-98cc-0e298513176c,a2ef0f53-8138-4447-a376-324fc30f3c69,3594699.5624641944,3594699.5624641944,MATCH
7458d92c-a1da-4c7a-9b88-26edff4a9185,3d563b0e-d11c-45c8-90b2-81c0ffdba2ee,2996482.1530739213,2996482.1530739213,MATCH
5e9a35cf-0699-476d-9288-b06ad51f03b1,692e33b9-e8e9-47f0-9c15-c7c553a75581,8489361.926984968,8489361.926984968,MATCH
ae608948-1bf3-44ef-aefe-236884c42de1,cb21aa80-19d4-439a-bdff-e27d9b125dfb,532546.8878247179,532546.8878247179,MATCH
9f4325f4-b352-4505-a864-6e0c80d458b9,da78f4c5-26b3-403a-a575-13a5447a4e2c,1562620.6036121985,1562620.6036121985,MATCH
75ecc661-d3b4-41d1-9bfc-24bdb647d58d,5bea530d-219c-40cb-9a7f-de23af59aa66,4849655.0389214,4849655.0389214,MATCH
c6c55054-3eb4-4527-89a1-321decfbc936,45e49a9e-5128-4026-bf5e-fb6bcdf40137,9747155.65822317,9747155.65822317,MATCH
38973d15-5319-4080-b581-94e004a06d55,537d66c6-1c31-4af3-876a-ec883ae56c8d,2678575.4984327084,2678575.4984327084,MATCH
e8273dee-9d7e-4eb7-a3fd-6adec17fcf19,70a91477-ff1b-454d-ac65-659da2ef1e21,1691711.5824243554,1691711.5824243554,MATCH
c33a8761-618f-478a-a66b-4b6db9ec28ff,c8dfd1f1-14d7-4283-ba30-3cce359097e0,6159265.766543123,6159265.766543123,MATCH
3717f44b-7911-4e22-92c6-26305fcdf4b8,39cbc41a-cc50-4bea-9e6d-4e252575dbd1,4965321.966958748,4965321.966958748,MATCH
aeadd1dc-65f1-4e33-a9dd-f2292df4e387,6f041c76-b3e6-422d-a504-4925fffcff63,4485990.140177161,4485990.140177161,MATCH
7e83e815-9375-4195-a5fd-72f4fbb61ff7,46c3c90c-c92e-4e01-9402-3a93a4c688ec,4329860.540517778,4329860.540517778,MATCH
d3511e95-0c3e-4d5c-b959-0149077f6e36,017f319f-0496-4795-88cc-ddbc6f0d7229,2562441.525752166,2562441.525752166,MATCH
35951ffd-7931-40ce-a8c3-47d0ab229d1d,e041f0a3-3056-487f-a8f2-6d6384bed7ed,8180983.138744559,8180983.138744559,MATCH
64ea1dd3-d147-40bf-ad7f-fe23e29ff19c,b0377c52-b2ad-4fa6-af79-3d4a457e55cb,8036871.870135119,8036871.870135119,MATCH
63db0dea-ac48-4eaf-ab85-ffb7b29e2126,30d867cd-038d-4f5a-a296-d3f62005dd7e,3233934.282737708,3233934.282737708,MATCH
6c7a0c9d-7237-44ba-a202-f0226ef7ffc3,f842e163-5455-4290-817c-75c5a87319fe,8856260.21352539,8856260.21352539,MATCH
01440fa3-5fcf-4c27-868e-47b0d87db947,32167340-bf95-4f33-8dea-6f5237d7cab3,9279439.717000432,9279439.717000432,MATCH
f91e8b9b-4596-4e76-a824-162dee7385d8,62359144-1e7f-42ad-aa39-73ffe14fea78,3506375.1318709888,3506375.1318709888,MATCH
1bef39f1-7700-4b2e-917b-6fc6e66eb0e2,da3ed15a-a4f0-408a-ad0d-5e1d8cfb137c,7705715.644641698,7705715.644641698,MATCH
5db2f6ce-e519-4530-98eb-3e59f9a1de3f,89d56357-1566-4feb-85c5-bf8d321a6c3f,9299357.672804218,9299357.672804218,MATCH
2dc4d065-d8fb-4542-83b7-6bf2d604153c,1ad74fd4-298b-4e78-9420-60ce6b2f9d47,8899439.894328458,8899439.894328458,MATCH
acf96a12-e522-466c-b93a-26ee22eb4a7f,bd5a6112-d1b2-4e3c-aede-2487373058be,4054234.823562258,4054234.823562258,MATCH
ec1f5d97-2a98-4090-831f-d30229fd9b08,646cd3c1-8c45-4c9e-8585-5672fdb651a6,8427322.417047266,8427322.417047266,MATCH
b62a7941-59dc-4e0f-b168-5db847d28391,cb618d75-aa96-4dfb-a79b-265ab15f3994,7841899.093921106,7841899.093921106,MATCH
a194c7b1-bcef-40f8-8092-6d61368b7d68,dba0c89e-7593-4f5a-b40b-c353296be903,7976281.434318501,7976281.434318501,MATCH
a923895d-0842-4e20-a726-f5b4417511f4,02a13629-aae6-41a1-8d38-a8d010f59651,155386.7104295112,155386.7104295112,MATCH
a942b4d7-bd2d-4fff-be85-544c3e859c67,f23d9820-977e-4877-ad6f-4ee3e44e7cd1,8580548.93607442,8580548.93607442,MATCH
9110c9fd-747c-418f-8b9a-efff6ef735aa,b3468999-2598-4c54-aba2-a67c9c433e67,4026574.394795066,4026574.394795066,MATCH
db19de67-bc3a-4abb-a5aa-9765a8d3bb7d,338aea2d-3e1c-4a14-95d1-638473137fa5,8275438.639523724,8275438.639523724,MATCH
f2e2503a-b2d5-45d1-8706-f724bf83f2d4,0d87bc72-bce0-4a63-997f-9b8d079bf5e6,2522462.92322076,2522462.92322076,MATCH
085acd62-ce4d-49f3-94cb-b94e80dc4cf9,d3a71b83-97d0-4f8f-affd-d43b2c691f04,2282548.623241788,2282548.623241788,MATCH
ff169376-57a9-41b3-9139-94a1108134dc,1046e3df-ddfe-4849-8c48-5cfc9a0270da,3114286.876301844,3114286.876301844,MATCH
c0a85dbd-bf5a-410f-a9be-a8c93a24ec19,01521e60-50f5-4bd8-b2e8-9652884c0a55,6701590.979055836,6701590.979055836,MATCH
48e80f79-58eb-4462-9976-a39a507a61a9,1bcfb92f-798b-4757-b036-f6b962ed5403,3361217.60259913,3361217.60259913,MATCH
a09fc700-24ce-4460-af5a-9491153d1653,80f58b81-2b7c-4ee3-82a2-79502deb5687,4054399.557977636,4054399.557977636,MATCH
204d3f55-8559-4d77-b1e0-07b0bb6a3647,119a7396-be3e-4a90-ba6e-aaa56b1d20b9,4579442.359959612,4579442.359959612,MATCH
9167adea-f8f1-466b-b395-1a4532ce6a3d,126301a0-641c-4619-a430-58d9c1f98e90,516133.0617644666,516133.0617644666,MATCH
c279d913-7afd-4923-a3a4-957133cb59ef,d12972d3-2396-4b83-9cd1-4b22b0e8b2fa,6277919.065450191,6277919.065450191,MATCH
d015f623-83d0-4e33-b296-c4c04201938b,2bee2fff-8b5f-43fe-b75d-dff45d123e9b,617978.7031382453,617978.7031382453,MATCH
a5db8ca3-5630-4021-95af-b78379ba19db,2557c82c-488c-4ea4-99f9-a33825bdab14,9406079.112522343,9406079.112522343,MATCH
3649f585-6e75-4e7a-9abb-b78f1585665d,b9163357-4b1b-4f3b-a217-a6df21939b93,3962126.166662,3962126.166662,MATCH
57cb9e5b-0337-4b0b-8ec2-9e07ee0c2303,71a71782-d751-4f9c-b9e6-debbafe2487f,7336027.3616482,7336027.3616482,MATCH
0a2cbb1b-e70c-4274-9930-300a07006af3,11ea2c00-863e-4be2-a8d9-92924a85e443,615059.3078194525,615059.3078194525,MATCH
73905263-b653-4dba-9faf-c6cf4c5fccfb,688b4cfb-7081-45fd-8648-bbe8f84ce7a9,6160549.607016152,6160549.607016152,MATCH
1691c83a-7687-453e-ae26-5c9590f1c7ee,8c7aa939-ff0d-43c2-ac4d-cd33d51528af,7746611.928818025,7746611.928818025,MATCH
3a314e67-b598-4577-8e58-3dde807ab658,0816d739-c393-4447-b3dc-50bf04860bee,6526502.767424463,6526502.767424463,MATCH
793a650c-c7ef-48e2-9f71-7ac680871ba9,8e023ef0-015c-49f4-ae10-6355b1f9ab31,1207104.1685954346,1207104.1685954346,MATCH
e12def58-4482-4852-889a-4ca481ef8162,430438b5-32c1-42f1-b661-7a3bf9606ca3,6213197.511055358,6213197.511055358,MATCH
ec20d201-6b88-4cd0-b92b-7b46c17d049c,d0096b2a-0041-4afc-8ab2-e2ca73a55d2e,6656035.8700831495,6656035.8700831495,MATCH
f17fb786-7d92-4cc0-91d5-1b0630591fbc,c0ac430a-9948-4f82-9831-b802c3c2aee6,8852332.536686867,8852332.536686867,MATCH
76628c4e-445d-4a87-8657-3d382138681b,4fefc63f-8d41-4660-82fc-e90817c305fc,200950.47263672628,200950.47263672628,MATCH
bc106ec9-f1ee-4895-9061-76b30abc36fc,faec8f42-6411-48ec-9df0-177192e9b765,5242736.177967949,5242736.177967949,MATCH
5ca9bc53-fa3b-4921-8484-4743cc8ba760,37f5c238-6559-4365-bc00-a0f0dcf89878,5237456.345021322,5237456.345021322,MATCH
fd54225b-899d-4cd2-a723-2e8ad0ef0cd4,b9d5546c-9a15-4b85-be86-f5d0f73eeb07,5325478.841533343,5325478.841533343,MATCH
73131038-b2df-4075-9b8f-abe952377d88,d7aa0f83-59f6-464d-bfce-50b36151bd93,1470179.906128849,1470179.906128849,MATCH
bd5bfece-dbd0-4d57-8e07-d8fc83b1c1ec,3fbc75e0-9b19-4112-ad2a-e08e6c8c5d0e,6752296.548653851,6752296.548653851,MATCH
5813d72f-b67c-42ac-94dc-4c97c8914d99,47b2e24d-cbad-4916-a124-3bea0da26154,503002.9996453585,503002.9996453585,MATCH
831ffc00-9490-429d-be1e-0693c960b851,bb51cd74-7d52-403f-b2a4-5575ee585967,3264693.20890587,3264693.20890587,MATCH
4eba12da-4d20-46cf-ac0c-ad5ce2095271,7520d99e-4dd7-4b5c-b5a7-8756ef4055dd,6940233.562801506,6940233.562801506,MATCH
35eb0106-767f-4095-b8dc-340b4051391c,308b5146-ea87-4f65-a79c-058a321a6d71,9547526.498385906,9547526.498385906,MATCH
f89cad3f-0ea6-4dbf-a011-b8d84630419c,7925b7d5-7c65-4804-ae9f-f73c440dd09f,2792871.346973898,2792871.346973898,MATCH
26c25405-a7ea-42f0-acab-d3d710116af4,4c4b52aa-0ef9-4903-b69a-deac06f4b0ee,7712456.805220883,7712456.805220883,MATCH
619c4a06-f5d6-4c8f-a99c-cd734295f5c9,4a832ab5-57c8-40b0-9a73-cd2f4f05495e,2294446.151048316,2294446.151048316,MATCH
c4196c8a-c44f-42a8-9a4a-96aee987cfb2,0b44676d-2ac3-4be9-b958-d1532afa5f6a,3760415.7887205817,3760415.7887205817,MATCH
8266557c-efc6-4c4c-91f2-789bea956113,da5a8bc3-7331-4c49-b04d-628f35a758ab,1130303.274392447,1130303.274392447,MATCH
d63c04c0-144b-48bc-a207-6595be209925,3f5c022a-9a86-413d-b6c9-dd3806a2074c,257054.0132953788,257054.0132953788,MATCH
13c7f140-ea22-4efd-a5ef-2c84c06e6481,71f34593-a737-419b-a1e0-9bf146748ee4,8076468.503651114,8076468.503651114,MATCH
29c3d598-d0c2-4f21-b1bf-5c97e473b0b0,85eb43c8-98ff-405c-bcd2-280ee3c51ba8,612254.099635855,612254.099635855,MATCH
a7b4f9c8-31b5-4fb0-9a42-698bfbc053a8,83d1677a-79a6-4b72-9eae-b0c0a8ac1ab1,1538806.4150646352,1538806.4150646352,MATCH
8b2e1eb3-b523-41f3-9e3b-c735071f1a27,18643b6a-12b3-45eb-8198-002998e1d54c,6495750.9144623205,6495750.9144623205,MATCH
a095c0d0-a26e-47da-b2fd-a085091f73f3,2df8d4a8-3fc7-4cb8-aa40-e5cc2cd51392,3755479.640252151,3755479.640252151,MATCH
52a6e3d4-fe58-4970-9aea-2c2c23841977,a7e29299-2bf6-4915-8367-ee2c1ddea07d,5943388.642260863,5943388.642260863,MATCH
917c4f11-b81e-4083-9296-14b56c8073b7,25bc99ae-2547-48dc-8686-e2518a8864c7,4108170.712786261,4108170.712786261,MATCH
aed0cbcf-c630-4536-b677-9a11e403999b,18407642-9404-4909-981c-a1a0b7bba2aa,2958084.290437924,2958084.290437924,MATCH
b46499f4-3163-4274-b0c0-41a9d141b9e4,bb4ccb14-1cc0-4764-b06b-efca56b405d7,660198.8049499705,660198.8049499705,MATCH
1cc41c62-380b-44cb-98b6-66f84ba0768a,53bd8128-22f0-4403-aac9-7d37b5878d33,9243154.931629848,9243154.931629848,MATCH
c94b3a6f-72ef-417e-baf8-34f29aef9aec,561c9af3-9f02-4a19-8323-9ba9771ad3fe,9499883.39115294,9499883.39115294,MATCH
d4db5496-31bc-49e6-a420-b22acae9250b,9bc8d6f6-0484-41b3-95c9-74a411489054,858449.8073625081,858449.8073625081,MATCH
6ccb9163-4d8e-4d5e-8df4-73bbc577d3a5,351c586a-c0c3-459e-80e5-ea1a1fc45171,1832387.507021465,1832387.507021465,MATCH
e754d4c3-0298-4dd2-8c7b-34e22e07cb63,0df81d2b-260c-437e-b05d-0ef70d9ff83d,6896681.560674866,6896681.560674866,MATCH
6ef1d60c-09d1-411f-acbb-1aace46bf89a,e188d3d7-a573-4c30-89b4-96251752815c,4115829.549743026,4115829.549743026,MATCH
1b678ec1-a65e-483b-bc75-de3dd473f3b5,1c3efda4-689b-4fb2-9a31-7fd79a0278a6,4896563.232290245,4896563.232290245,MATCH
797f6e4d-aa81-4850-8342-96faf6558f35,9c4e7b65-c81a-4f0f-9b1b-ba94f9834d4b,7442511.469465394,7442511.469465394,MATCH
9c711439-8098-450d-baff-361ab37e3c41,9425fc3a-6964-4112-95fc-0f2ba50939f1,3468779.521423195,3468779.521423195,MATCH
6c8f8833-fb11-4ab6-adc8-6df8c9162eb7,29451370-a713-42ab-b4cb-7b9a933882b3,2909032.929751404,2909032.929751404,MATCH
3f5cd7ed-df8b-4008-bd01-b5a30041f5d4,818270d2-c310-4e2e-b107-514fb54a31ba,7495048.203070454,7495048.203070454,MATCH
b33d9c7c-4e73-4dcc-8664-82ee6844a0e3,25f98046-0c1d-480e-9873-9636c50e5194,1746923.7823532752,1746923.7823532752,MATCH
b2a12a55-51a0-4d7c-847d-30b8e49a3cd9,724af3fb-a016-4b34-987d-e0c5c39bf6de,2151467.135427801,2151467.135427801,MATCH
6b2d470a-6218-4d10-bef3-d5beebee4c80,1d9fff25-7e63-4654-93ff-5f1f150e3388,8830087.52746592,8830087.52746592,MATCH
ab87aea4-c54f-47ad-b750-bfbbdaf9ae1b,df223246-e6fb-41d3-bba2-6c214264e318,6261184.871760753,6261184.871760753,MATCH
9b72a9fe-669e-498d-a3e7-3896c784ef4b,29ee29f4-49e3-4b48-b147-f758cdbe5548,4032065.966164937,4032065.966164937,MATCH
6cfb6acc-2e0c-4488-a76f-7d3c62522f26,92aef13c-963b-4564-85e5-14ff399557cb,8703602.08615639,8703602.08615639,MATCH
e09397d5-d3a1-488a-9a98-04574b211512,3d75e423-2d92-4dab-8152-6bff661b9738,3119433.066869309,3119433.066869309,MATCH
44cca057-5c98-48f4-8636-8d129d94813f,79c91e00-aaf8-41d5-b079-9b56576ff264,8742896.78151475,8742896.78151475,MATCH
5748218a-0700-4750-81db-480a376f6fff,2f98ad33-71d2-463f-9ef0-1577b980e521,7439860.439498715,7439860.439498715,MATCH
c9f99d37-b1f2-4ebf-bd76-c495710fc415,1c3892e8-f2cf-4d63-80ab-4b7f2e968660,534260.0530276912,534260.0530276912,MATCH
27439b53-06b8-4c8a-83f9-c74d085d5d01,1e0aaf12-9136-44ad-b27e-8ce72b8d2c49,2283749.037950635,2283749.037950635,MATCH
9c186d49-dac5-409e-8772-9adf0f49d01a,9e85e4d4-9ec6-40e0-a143-a0ad6d98567e,4981311.270116185,4981311.270116185,MATCH
c6299ca6-6d07-4774-abc5-bcd41b9c67e0,644d852c-ba36-46cc-bccd-1ac6db55daf5,9457108.57555364,9457108.57555364,MATCH
f098aa1f-23f4-49be-ac95-ccf1a6798ab0,c4e4fe52-da4f-406b-9d4a-c78bcf1643a0,434621.49806414,434621.49806414,MATCH
84f612df-5f0a-44fb-b6e7-d214f3b5f7d7,b7014925-22fb-4906-954e-d52c126aa315,2519072.3895519166,2519072.3895519166,MATCH
b2c68986-3c2f-4b76-ba58-4a4b092e9fab,61a71114-d994-47ba-8b7f-aa4c0d5d2f64,8146104.473171119,8146104.473171119,MATCH
016d26d9-df15-4667-a812-a17c9946601e,97b6a461-2c76-44c1-977d-8b262024c407,8643818.007259758,8643818.007259758,MATCH
b4b2ce14-49b9-4124-a30b-d3b558fe7bd2,fe60afde-4200-41aa-bc82-6fbe395e54f0,9340929.426391128,9340929.426391128,MATCH
e14110b6-9a92-4655-a72c-74820002572a,d59f2b69-79a8-432f-a097-1a15c80682d3,3125241.273757297,3125241.273757297,MATCH
cbf78eb1-7d7f-4fed-bc2c-e385ab00764e,663b4427-bef7-410a-97f9-f3a761936947,2463638.314804692,2463638.314804692,MATCH
70da1528-2105-4c60-ae3a-cdf2eac9b1cc,af704164-bf16-4454-a685-602c3d8925a9,7754096.350008497,7754096.350008497,MATCH
1b2375d0-b38f-40f2-8dd8-67e55f26b2a6,ca1c3218-c19d-41c5-85e1-8b7797f971d5,1335153.6904168816,1335153.6904168816,MATCH
cd853347-3457-4c7f-af5d-b99c85f3cb12,9b247a55-8fe8-4b77-a009-a05a48817b98,8537146.06599753,8537146.06599753,MATCH
ce9205ae-cdb5-482a-a78b-941fdcca9a71,b363d272-d018-4ce6-a7c3-bd9e2f54f0e5,1603568.4521778163,1603568.4521778163,MATCH
e92d6961-1e0f-429b-b7a2-ab33a13ecf15,165e55b5-f526-43b0-abeb-35d1ad5406bc,5556482.908910212,5556482.908910212,MATCH
f47bffba-f561-4747-82d2-2c7408ea6671,624b31d7-2e5c-48ad-97c6-eb3ccb5a1c0e,8711755.198863782,8711755.198863782,MATCH
e9209b3a-2951-48a7-8d21-0a344a49ba1b,1b1b4cd7-36ba-4918-bb7f-19981eed0236,9123870.832548872,9123870.832548872,MATCH
232585b4-86da-4596-b96c-2da019a8ec19,571ec230-6978-48c1-bc22-57a0c75ff368,4773179.851542557,4773179.851542557,MATCH
6bc152ad-c44b-44e8-b51e-2df306c3998e,9594eea8-4381-4e47-9f3c-5c8a651076d6,509775.3087998249,509775.3087998249,MATCH
0473b982-d1a5-49db-8b90-b03d1c00b895,277fecc6-196b-48f1-9ed8-9c47bb88854e,6998769.45975774,6998769.45975774,MATCH
be9e01a9-d18c-4fde-a445-8bad2f4f914c,a14ed649-926e-402e-8659-8f83b50b9ff8,4797932.889040656,4797932.889040656,MATCH
655fdaa5-756e-4fd6-989a-2b88cd2e6c8b,c0948932-52cb-4f69-a182-b51818e9ef77,2044384.82266752,2044384.82266752,MATCH
9b81b898-8791-4cbe-86a3-110a98139b31,331165e0-2c5c-4e54-a10c-78d97b9ea9eb,7345944.763613681,7345944.763613681,MATCH
f32d2812-121d-47ac-bb26-7d27588955c0,91b0af07-4700-4fcf-9eb2-d4901c66fdd9,7128130.636955299,7128130.636955299,MATCH
280d4e22-982e-4afd-b7fc-562b9ffe3709,41589d90-f504-4d15-afb1-38c2c350bf4f,7277073.787441577,7277073.787441577,MATCH
842ee348-5dc2-4d9b-b1bd-b57bb8dddfc2,53559e80-bc5e-4e2f-8ebc-1bd7f8378be2,8625567.03718648,8625567.03718648,MATCH
43355860-e84e-4da0-9402-2243ec35fb0c,6bc71d7f-5afa-4b32-819b-f74e824723c3,6811168.307833185,6811168.307833185,MATCH
9ed0fe5f-b3bc-4791-8882-f6eba254da12,3fe604f4-2867-4d3b-9c5f-3cba150d28eb,6074185.79135251,6074185.79135251,MATCH
c5767c74-3ffb-4577-bfb1-c19215e5be78,f9fc9c3f-3206-4388-9804-550b6c0c32f9,2895249.3133999025,2895249.3133999025,MATCH
afe2ff5c-32a8-47cc-ac47-133640061add,076451d3-275d-4459-92d3-6897d6442365,2333216.361176929,2333216.361176929,MATCH
0ea8d0ee-fc3a-456a-931b-49d84b7e42df,46f7b20a-c3c4-4506-9e8e-06ed07480379,4711557.379183623,4711557.379183623,MATCH
f487a21f-96bf-42dd-92f6-af5ab2a0f851,960f69fc-f6a6-46ee-8dd7-e05244e7a702,3513983.38770085,3513983.38770085,MATCH
15b5bc25-eb7c-4628-acb9-48f7ec5eac70,2f4ddc9b-3334-4d07-a6b3-6561966d2735,4958442.26834291,4958442.26834291,MATCH
35f5afea-80d2-457b-9c6b-f2c8db184d46,684344a1-f3c1-414d-8e8a-10cb277b71ea,9108475.794102527,9108475.794102527,MATCH
1e4aa016-43fc-47b7-9a19-d7ab73e0467e,a82e6889-b717-4acf-97ab-ed02da7bf28b,2827615.8537691697,2827615.8537691697,MATCH
8f65abf9-3da3-4aca-9e07-24a8c28fd8cb,65e1605b-bf8f-433e-ae15-95cf35a37765,1963638.838239076,1963638.838239076,MATCH
2edff02e-7531-4081-b4ef-fa296b1205aa,e3f713a7-0de9-4f1b-bc02-24e595c89b2d,527733.0769065695,527733.0769065695,MATCH
9bd65690-e8f9-4c88-86a7-6b07efede7bb,204054fb-92be-47c4-a784-cabe3190b8f4,6397051.428634566,6397051.428634566,MATCH
340ce8c9-db96-4db1-bc76-86e52f4187bc,711f4ae4-2337-41e0-93c0-968729e7e176,3686535.6484259134,3686535.6484259134,MATCH
86e35e9b-e047-4ecb-b553-8cd3fcc1c48c,a90d75ad-cc8f-46ce-b69f-627cfae45d7c,1195366.5662862053,1195366.5662862053,MATCH
395c0d62-73c7-4d75-9bb9-d499b6eea1cf,47334b73-225f-42ab-9425-04b8e098d2e3,6035003.071583028,6035003.071583028,MATCH
ad9f0e53-2e67-4517-a8e5-2412660f475f,e0218caf-ba73-4a4e-86c7-1c162cfcbb3f,7743566.329604259,7743566.329604259,MATCH
d57758f5-e03c-43df-884b-bdf5603f4ddc,b62e110a-2584-4385-9915-bb1c744da236,9578440.47963322,9578440.47963322,MATCH
5b952506-2f98-4e44-8a78-2f586dec4b0d,cd14eacb-7da8-4631-8c6d-8ddd1edfc59e,7797718.044418177,7797718.044418177,MATCH
e355ce16-55a4-4eab-b354-b4be42c91aaf,9d0a94df-d0f7-47b0-9708-0bbd3106e8ce,1954640.2591024605,1954640.2591024605,MATCH
9c4e1662-0068-4d9c-92bf-bc31805f6a69,76b35303-c719-4dd0-96f0-c19ca894b11e,538743.4317084263,538743.4317084263,MATCH
9df20554-36ba-4892-ac90-5f13ba7e6b51,9fda15ac-e9b8-4e7a-a078-6a1f70d3b5f7,630703.3289336184,630703.3289336184,MATCH
930e7347-ff70-4baa-80e5-1b3d90be35ee,e1e669e5-c055-4921-a35b-8f49823483a8,5640856.381881491,5640856.381881491,MATCH
af642572-83d7-4afc-bf70-29737acabb76,3768c85b-fee3-4baa-9cb9-13b47d3d16ca,5072538.918503194,5072538.918503194,MATCH
fa1b1bac-fe49-45a4-912a-0ef57872420e,fcce3ef8-a41b-44c2-8ecc-b0ab7d5338ca,8553696.150134245,8553696.150134245,MATCH
de94da10-205b-4db8-99da-d534be2badee,46434f21-d86f-4bb4-aefc-6ef1c4bb4ace,1275578.081944791,1275578.081944791,MATCH
84909370-e430-4b91-956f-e90eb5ccdbe6,6bf5fc98-8797-4916-80e5-d883c0d2201b,2183493.6431754334,2183493.6431754334,MATCH
85a0daf6-d6b1-4a8c-8fcf-9f895ae0bb5a,11e121c7-18cc-4417-8067-743e7de1936b,4463004.9080217015,4463004.9080217015,MATCH
66d6089e-ab91-4501-b5bd-62cda76090e7,ca41e052-d19e-4f98-b6b8-432989fab5cc,2152974.290740512,2152974.290740512,MATCH
640b7b85-353d-4edc-969b-deb1e9a7f5e0,6e1a1e1b-ed1d-4efa-9c4f-c55ebf715a28,8971997.699670706,8971997.699670706,MATCH
e604bfbe-83aa-422f-8772-df4a15b1c4a6,e17f348d-9ed6-4705-94b9-bb4daf4637b3,4953663.234113903,4953663.234113903,MATCH
8d40aeb2-aed6-40cc-837f-5347ab402561,eba18fa8-1f19-485b-8d33-0569889cd33d,6903563.929217058,6903563.929217058,MATCH
788664f3-1993-4dfe-983f-097d28c9d68c,935fe6e2-db2c-4379-b9d8-59f55cbad410,2337030.5981107624,2337030.5981107624,MATCH
a87d2106-dbfb-4ea4-b06a-d042ae6b0455,e3d9de7f-aba2-4511-b544-b28c0bbad72a,7985583.166557926,7985583.166557926,MATCH
f129ed2f-25ec-47e4-a3bd-d4d60a01d8b6,8dca3908-4a1a-4219-a1bb-a5fbd5108bc0,3051135.9794789306,3051135.9794789306,MATCH
5e7e00e5-f8e3-41ea-9aeb-bc3ea1f78157,d590f435-a3fb-4d0b-b4be-28b44cd7e6f7,7030694.734864539,7030694.734864539,MATCH
97e1bc36-c520-450f-a0ff-349802f4298f,6c5ccba7-b55d-4fc1-a22c-c212b69d2f48,619202.0887662994,619202.0887662994,MATCH
0858714d-952a-4d00-94aa-826d60fba34c,95866982-f7e8-48a2-821d-f2cfd9fc13b8,8882900.015141498,8882900.015141498,MATCH
fc37337a-32cc-439d-8914-bc965cb27033,9fea97cc-3086-4fe3-a075-13728fe2c74f,136610.22945241557,136610.22945241557,MATCH
3665de1b-b2e3-4ad9-a4e0-4880afd13c73,dbc21e42-fd0d-4cb1-8916-7a93ada63c4b,1278270.9002135622,1278270.9002135622,MATCH
ade03e6c-2bb4-4408-93b4-c4f6e19a17f6,def14d58-1e39-4331-a142-d68f2ac38bd3,3459702.5059491675,3459702.5059491675,MATCH
96b93974-f587-43c5-999a-e3daaae39bc0,307c3f63-8591-4818-91fb-8925f5112438,5290699.222894903,5290699.222894903,MATCH
231b0c86-e97c-4ea5-b41c-2d1014150ad9,0fdf60d5-20a6-4f9b-885b-811b10a5b073,1559465.9933579352,1559465.9933579352,MATCH
e4a07521-ab6d-40aa-b6cf-94298657d8ff,7d8823d2-0e51-4083-96e8-3922dce70289,5135580.105260851,5135580.105260851,MATCH
7db8ed71-40a3-423b-b21a-92403321cbb0,88ba135e-bd3b-47eb-a952-94200ba4e32b,8331556.89305187,8331556.89305187,MATCH
a51581ba-d206-499a-a872-443469b6175e,ec511744-05e1-4e2f-b2b7-4922054edd71,7833599.896825022,7833599.896825022,MATCH
0d3f69ed-a8c5-4cca-82ae-cc90c5386208,0a872ac2-8f3f-4995-a468-eb64f7d2a2ee,1432910.457216765,1432910.457216765,MATCH
0922d88d-e522-4d31-8d9a-6fce1d7cf46d,ffcf956e-0c0b-4cd1-8e8c-71d8359d65ae,6087197.898099294,6087197.898099294,MATCH
524a1652-0958-4354-a68e-81b4d5963842,243b7101-fdf4-4930-a265-df650d56e000,3546005.6632158905,3546005.6632158905,MATCH
8d8e352b-3732-4d15-a9d4-45f354dd528c,66f29d1d-03d6-4f3f-ac72-767552c83bfc,6168423.961312774,6168423.961312774,MATCH
1f2f087d-ed11-4faf-8e3f-49126405d362,16dd58af-5341-4fe2-ba55-4e35ddc8d27b,361397.2925902461,361397.2925902461,MATCH
71c966b3-9eb0-4954-a83d-b2dfe4aa212a,6a394607-2e35-45c8-afe0-5fa257076494,1226457.203600326,1226457.203600326,MATCH
73230f23-a17e-44b0-a8ac-039ce921f231,b8f6703b-77ff-4c31-81f3-78378d783178,4692251.898174652,4692251.898174652,MATCH
d007fd07-3ffa-4a11-b846-9295df8db157,bcc9245c-fd81-4bc0-867e-c672cec3a6f4,9411931.360261654,9411931.360261654,MATCH
33815e0d-39ba-443a-893d-269eadc90caa,6532b3ae-16f7-41ac-8cf6-a29711e74656,3179631.4441511617,3179631.4441511617,MATCH
40f66fde-ea72-4584-9e6e-187ae939f790,f488e328-c075-4119-841d-de330fa1659f,9650334.856934752,9650334.856934752,MATCH
7d57a51f-ce8a-4306-9243-8d1b96bd5e9f,ec344cf0-ab8e-47a1-a8e6-01302d238ed1,1680405.9930671882,1680405.9930671882,MATCH
a67c7bd7-39a9-48a9-81f2-5a737f20f661,91e52e86-eefe-42c3-8276-bfe1209f4ff2,7450636.830029365,7450636.830029365,MATCH
9569f8cb-1a57-4cee-a490-3d65f63d3295,a8d791b6-b52c-4358-94a8-b45a75d1d776,2893274.262041047,2893274.262041047,MATCH
8b1d2284-5b6c-4b7a-990c-2e2a6467e0c0,4027b283-02bf-4f1c-89ab-99a3658c72ee,8497935.917617975,8497935.917617975,MATCH
4a8e9dd2-6067-4824-b8ad-b1829381ebb3,6db2094b-bce7-4298-bc84-78214f10b422,2053453.5824847224,2053453.5824847224,MATCH
988c89db-ed5c-4a4e-b589-64f51c66021e,87c9daac-b5d3-4f2f-913b-b65c16f32b93,1013679.277780246,1013679.277780246,MATCH
b436e8fb-b21e-4fab-b649-09e81e032a65,6cb96a2c-d68e-41f0-bb9d-58321f6d5768,8601656.072059574,8601656.072059574,MATCH
497dd968-b4b6-4702-a11a-7d790da761fd,e5c345fc-f395-4213-b9ee-f2c0aa7a907d,4925700.780376203,4925700.780376203,MATCH
08a5ad03-3f4f-4031-b025-5b9dc5bcc4cd,1a10748c-fd8f-4938-bbac-9ade7fe436d1,2466549.0272497307,2466549.0272497307,MATCH
6f54d2b9-747a-4ecd-9f48-d6faba45e0ff,00059b9d-a87d-41ff-b1fa-7e6afa236dbb,8402969.929948358,8402969.929948358,MATCH
0d700c8b-de36-490a-b030-9415ef21db2c,f952f1e8-d029-433c-9e55-f98d4d844cb6,9170679.59650256,9170679.59650256,MATCH
04680a4a-61e5-435e-be9f-069a81b01ca4,3cf1c29e-09b4-413c-a45c-a94a345298c4,9333707.276277049,9333707.276277049,MATCH
8573b517-cb50-4544-b481-acdeeeafab56,b62e8f02-d7b7-4862-b347-f1d458c6b1c6,2943718.56146085,2943718.56146085,MATCH
b0a6e457-0620-4f4a-ae71-8848d577c131,234b20fd-ff7c-458f-9aa1-f98bb4a4feee,5622709.725952252,5622709.725952252,MATCH
deda028b-e232-4dc9-9bf6-f06d017cc74e,f06bffa4-bcc4-4087-ba7e-8c31a6276167,2156601.553671057,2156601.553671057,MATCH
06bf1fb7-0e2b-48c9-ae66-2c46057d4e28,05eb074d-ad90-4360-9900-b745311d2ed4,6580963.464032644,6580963.464032644,MATCH
4c01f701-c0d0-4553-b69f-239b578e911f,aec7f267-7990-4a27-ac7c-eeb78bb5f242,4679713.5793837365,4679713.5793837365,MATCH
82f47196-1a41-457f-8bf7-0dc68b6daa25,2155fba8-35b8-43e4-a016-8e6d4eb39f63,8053509.152714629,8053509.152714629,MATCH
0e4d364e-397e-4bfb-93ec-214935f2e254,fd9bfaf3-d812-4123-984f-5a56334477eb,1796602.7043676933,1796602.7043676933,MATCH
4a633fc3-d26a-4b27-98ef-25019826a55f,0a4fee3b-4a22-4ba5-925f-2cc65e9d2f8a,2261966.181322155,2261966.181322155,MATCH
8037b969-7946-4eae-93dc-00ee9203c5d2,f5808b59-75b5-48d7-b5eb-728f57750d0f,3663597.278779675,3663597.278779675,MATCH
12ea7890-1397-4770-95bd-18badcaaf6a5,6379064f-b241-495b-a180-f402fb3e127f,4083646.38963826,4083646.38963826,MATCH
222ec711-ef6d-4b4b-8356-dee2517fd316,1e0a7157-0d6e-401e-b1ef-a9632dfc6b9c,5848085.427571207,5848085.427571207,MATCH
6daa8c7e-7575-4602-ad02-223fed2532e5,a151ed02-2f09-4f4d-a43f-683aa43101e4,5047956.357043466,5047956.357043466,MATCH
d5883c8f-a906-4c79-9a2d-6aee6e29a319,28f78d49-a2bc-491e-81cd-c9a45738b277,582865.1874192968,582865.1874192968,MATCH
1332406f-f8b6-4dee-8373-edf3dec91438,3737cc38-166c-4d33-8f9f-dc15dfd23d15,8534645.687747438,8534645.687747438,MATCH
d48b5d0d-be1e-40bc-83c6-1e180528d309,c2ffd690-a2a6-461a-ace2-7ec9550100bf,8613220.152992954,8613220.152992954,MATCH
8127a8f7-d909-40c9-a76c-7935a7c10adb,d1128bb8-e7b2-4f91-adbd-2e33ef6e9295,5730021.16160134,5730021.16160134,MATCH
f07cfca7-ebac-48e1-bf76-61bbe054dba1,146e6a4f-2a87-4e02-a2ed-50b9de4cf8bc,4006821.703687094,4006821.703687094,MATCH
66ca0baf-3310-480a-aee0-95d5c4a9d8ac,157c6813-e581-420f-9c0d-b2660e29ed9a,5122605.181967543,5122605.181967543,MATCH
c425d020-4389-4f66-9780-29e939d00762,b3dd7820-bd20-436a-a705-24cbe704b115,6708729.852075119,6708729.852075119,MATCH
380cfd3d-ba6a-441c-bc4a-14cf44b0703f,71a91c81-4eee-4680-b0ba-8fe363ff910d,7712071.257396922,7712071.257396922,MATCH
a52680b3-e8bc-4007-b47c-76903ec8f48e,480afe9f-84a6-4693-a30f-1e69034d42fd,1881900.2711401323,1881900.2711401323,MATCH
a60da1aa-005b-4f73-9dbe-4a3c88db3692,276e1d67-00a0-486e-8a8d-5d5a06defca8,3725946.197175324,3725946.197175324,MATCH
945b3711-0a85-4722-b0c9-5ec44f2fcfd6,e8c35a79-504e-44ac-be21-6c79b8b791b0,1301705.6215215551,1301705.6215215551,MATCH
384243b4-2378-4f44-93d9-a4dd078d27e5,95eef45c-a9c3-440d-a411-a9d79030fb0c,6904908.752285048,6904908.752285048,MATCH
11c7beb2-042a-4bd7-a510-04b8565f2ea8,2df721e0-767f-4c15-a95d-3271bd9277a4,4928610.987578678,4928610.987578678,MATCH
5aeb5055-7d69-4580-97a8-510843b93b02,e900b66f-6083-4f88-97dd-a51ea4dc4d4e,603759.8587306456,603759.8587306456,MATCH
f3b937f2-9fe7-4068-9847-260b8331d711,5193412d-6906-4118-af75-a3b2d8186112,2463589.8507635407,2463589.8507635407,MATCH
9b1872ac-78c4-427f-b66a-015b6063cb32,0f8593c3-44f0-4717-9d75-f901f309106e,8722432.380875621,8722432.380875621,MATCH
1e7d8f7b-8d59-434d-84bd-604fb5502e2b,764d7e7c-8e49-40f9-acc5-c9de6a1d9731,2091294.5233705589,2091294.5233705589,MATCH
f5687574-13ca-4eb6-b486-a2511414f827,109b851a-9d69-42c9-a9db-47b9ca7ecb33,6463367.248018349,6463367.248018349,MATCH
c8132025-4dac-433c-ba43-82176e77cdd3,c841b6a8-ba99-4da0-85e8-9165e1896b25,5653471.150677099,5653471.150677099,MATCH
8dac20f9-0abd-49fd-913c-d4649473b7cd,43125b58-e2a8-48e7-b80c-c8382c94df5a,9006769.349466594,9006769.349466594,MATCH
f2de05fd-28b7-4541-8d8b-3728d65bc676,df16eb70-2219-47f7-b808-a00402a458e1,7771701.584220693,7771701.584220693,MATCH
560fc071-38c6-430f-bb3e-d7bdfae96dd3,2a96c526-f4ca-4e70-b4b7-99ec48cd42c0,9184212.899375793,9184212.899375793,MATCH
56784633-1429-4f31-b9b3-c0eefaf2be80,a845fee9-904a-4a37-9f44-b716b6e5dd9a,3530615.593217311,3530615.593217311,MATCH
933c3b76-473b-4cd4-84e6-078f6e37b721,104f3fc5-6400-4b0e-b2dd-85f63446c0f0,8826697.029206099,8826697.029206099,MATCH
76a6e2e6-d4d3-4808-a054-a51cab1ead74,6d572692-fb92-4354-b34d-4b136065f5cf,1277346.9704929043,1277346.9704929043,MATCH
bdecb67a-ec6e-4294-b9da-c7798079cdc9,ccc67ffd-5e3e-4e60-9ef6-a99f73b4daf3,7702752.712601108,7702752.712601108,MATCH
25c1f899-a89a-42c5-8037-42ae75e913d8,0ddb0654-ce19-4f51-9da8-b3919494065d,7176143.584194671,7176143.584194671,MATCH
a170920c-7416-486b-86af-040d55d8a81a,54323b1c-869e-4836-bf30-ea12cebca264,4227336.615050166,4227336.615050166,MATCH
794ceef2-f833-4fa7-9a26-15f89810b8c1,ba751921-2833-48ea-9c94-563ae9365d1b,9299237.99894514,9299237.99894514,MATCH
eaaa94c8-a097-4fe3-831d-b215d7d0dc99,754a3e48-a5b1-4afd-af2c-20ac953922c0,84373.17294993965,84373.17294993965,MATCH
c0860861-2fa8-4aa4-8bf9-a66d7782e83f,809bd813-4f13-423b-91f4-a72499503858,3979032.057248472,3979032.057248472,MATCH
ce028d60-18ef-4a28-bf5d-a7f8fe914b95,81300e68-4d45-4885-92e0-8e57a6cb1dda,2555856.4003283014,2555856.4003283014,MATCH
451972c4-31d9-4d32-ac99-ce56a58aabb5,2803feb5-dab6-473d-8fef-f87b79d54e9f,3792759.25289207,3792759.25289207,MATCH
eedf4f78-dc99-4976-808e-c990c9f279a8,011bb348-8981-4f35-8107-50bce6d33572,2866630.5885662576,2866630.5885662576,MATCH
17c50a7c-6f76-4a77-8d4b-cdb2361352a0,e8920b25-ab35-475a-a433-66c97d3d6b72,1912374.788361064,1912374.788361064,MATCH
d3a81c4f-d3ec-4562-91c0-69ee3ad1c48f,68b1211a-6eb8-40e2-b7b1-6be3737ea52f,8911003.194463572,8911003.194463572,MATCH
0c2ca7fa-e525-4eaf-91e1-17993f39562d,0a88e6ca-1dee-4b6d-bce7-5d1e2947fd26,8615369.379263224,8615369.379263224,MATCH
84c62e4b-0c99-4e2d-a7a9-98ab103f3a46,53bf8b10-d0cc-41a5-9b91-2adc833334f6,1526.2348397616568,1526.2348397616568,MATCH
02223c10-f82f-4dc3-9c35-730b49d52453,e3386d52-3483-423b-a4d5-46e172397201,2905200.174355,2905200.174355,MATCH
9a11ddf4-be1a-45c9-a12a-c11c21677dca,f1aa9ba0-f838-41c5-8a32-1d2ae55ec749,6291091.224955338,6291091.224955338,MATCH
aa94a1d4-3f52-4dae-b371-d64dfe87a17b,05a43113-101d-459e-b066-478c4aa0d842,9165882.085105788,9165882.085105788,MATCH
17e1e8f6-a03e-4003-a29c-b897142925a0,34b6685d-acd4-480a-b0dc-75fb199d5089,8601770.08301499,8601770.08301499,MATCH
59a7e6e4-2341-49c5-805d-f1860cc66163,8a39068b-cbed-4473-a3eb-f7c10723e11e,4123032.085601161,4123032.085601161,MATCH
7eba0464-65c2-47c0-9085-449dbd9f82d7,fa3efd03-4ede-4e5f-99f2-674c584cb0f7,4244550.203463632,4244550.203463632,MATCH
6c1fb2fc-e77d-4bec-a35b-729ceb2ae08b,67602abd-ff31-4f21-887b-17d958bce5e4,2584874.5214491496,2584874.5214491496,MATCH
931e5f89-20f5-428d-91ab-ac77292fadf7,89529c51-d145-4eb7-8e59-f57964cfd9b9,3153671.629650459,3153671.629650459,MATCH
bd8c6f4f-8fe2-45b1-a4e7-23838429e12c,e39940dd-4e1f-49be-a4ed-c295efd37a6d,7774419.638911205,7774419.638911205,MATCH
d9815a41-e1cc-433c-9838-d1688d3a5b2d,e523e8a9-1223-4906-9db6-710183d0bae7,7526482.831097654,7526482.831097654,MATCH
2a08c526-6c4f-433d-8720-6b6c11925880,f05ff9c3-9f69-4cde-beaa-7a911defd401,3802006.512909367,3802006.512909367,MATCH
bf8f81ea-cfb0-468d-b189-25a6c6cec51b,e50ea3ec-11d1-47d5-9b55-86423054366b,7486843.054069776,7486843.054069776,MATCH
aeb00fb9-26cb-4e99-a945-e93a4a454398,ceee7d65-1904-4ca7-9291-e493528a34f3,1399052.2508583115,1399052.2508583115,MATCH
182047f7-00cb-4caa-bbdf-b57449b8f7ba,0bf2fb51-c4f5-403e-9af1-128cc8ee46bf,4763505.715459254,4763505.715459254,MATCH
502c36f1-c64d-40e3-8e73-8520146b9fbc,c1e1f813-747a-4231-b95e-44e3965349ee,1239601.6850372278,1239601.6850372278,MATCH
11730df2-2956-42c6-8bac-fa4aef1e4acf,b40d8aef-a0ba-4142-84c3-2fede182701b,6263333.6919715125,6263333.6919715125,MATCH
d109ffe5-13c3-4c1b-977a-80b89ae6befe,226dd24f-6e41-4e23-bdd1-9b8f2a055b69,8047806.316205772,8047806.316205772,MATCH
60e0b673-21b6-4b84-899f-ad03ebd23573,018c0313-a139-4d49-b13e-90352efcd60c,5929564.746605686,5929564.746605686,MATCH
1b2aa4e4-c0e3-44e7-9b2d-f807fd225cba,9a760ea9-b063-49a0-9393-daad0835075f,3492820.2923217625,3492820.2923217625,MATCH
4dfa6a17-1999-4b39-980a-7e01c67736bc,3ecd0888-01af-4939-84df-5b8dc4eb8e5d,1507211.298338214,1507211.298338214,MATCH
28a3df6e-0205-4f80-a6a9-8352de8c5a13,ae133adc-7ff5-488e-b80a-1bb7d653d4bb,7786948.350573276,7786948.350573276,MATCH
1271c873-24bd-41a8-91c7-bec93016cecc,5a0461c9-947d-4fcf-88cf-c53d188889ce,5110722.14335608,5110722.14335608,MATCH
5b00f1a0-d2ed-4196-82aa-1c76d0e04655,9950f11a-1114-40da-b87a-e6defe8c9aab,9689343.120798845,9689343.120798845,MATCH
b56110f6-4fd3-4a88-b1c2-fa18c2af56a6,b98050a6-974e-498d-836b-47c37c711cc8,4882703.162731478,4882703.162731478,MATCH
2091a706-7eb3-498f-9e7a-69b442714418,07af3b8a-5b9e-45f4-92e0-0b9c028849d9,4547773.59234249,4547773.59234249,MATCH
7c781b98-9f32-4d3e-b358-206db49bc1ef,d9025a2c-e3dc-4702-9033-14b1609cf7af,9321834.903265122,9321834.903265122,MATCH
32103c49-1d4f-41c8-a18e-72a78d34dd83,e05b1892-64bc-48cf-ae90-4b5c5e1b015f,4964467.159247777,4964467.159247777,MATCH
91b3f921-1224-415f-9fbc-f340604948be,ac367cb9-0273-4e68-a6c5-1969011871cf,6094522.203261026,6094522.203261026,MATCH
3caaa31e-13d3-4726-82d3-39481cf98855,4e19392b-35d2-4dea-afa5-2c8a56a04943,6189627.242157048,6189627.242157048,MATCH
744cc6ae-e03f-4f2c-b2bf-fc3fae0e289b,42fc7edf-813a-4aa5-bd81-0c217f764fce,9060470.452836402,9060470.452836402,MATCH
7d9def75-1138-48db-af2f-841100d190bd,7e5533ba-e8a2-4417-b79e-03dde6f8dac3,1966398.3288803264,1966398.3288803264,MATCH
b2351615-06be-4b4a-bbab-3b0e60a1451d,c416c07c-b6a7-47b1-83cb-0c28474cfa29,6554529.219231027,6554529.219231027,MATCH
30efd76b-1688-4399-ab91-aace39f18027,de68666d-67b4-4520-b11a-369675cd3e5c,8437448.708251327,8437448.708251327,MATCH
9237e145-f2a8-4faa-b11a-31f5482680f9,210f2a8a-1c59-4736-bd56-1b27283379b8,2799699.508171854,2799699.508171854,MATCH
b30269aa-6cfa-4ecc-9ae4-27cfebd5c149,f7bce0ef-72c1-468e-9390-6193490ce315,6157637.7522933325,6157637.7522933325,MATCH
d0fe42af-b993-4041-9f54-f3321f6c6a86,0e484034-ad74-4d43-9a11-5f5910d7a164,2593247.8776329337,2593247.8776329337,MATCH
6673d42d-c7af-45de-b3f9-2a8783726123,6ac98528-a5f7-41fe-a493-998a4491be40,4017348.672784105,4017348.672784105,MATCH
88f4ca54-1584-484b-acdc-1cc03fa60025,20e4dbfe-4703-47f7-9beb-b1c7977f199a,1957651.343687643,1957651.343687643,MATCH
d857ec60-48f7-4726-a1ae-22556f959489,5050127e-4e38-4d03-a0d8-0651333822d1,7748662.508093409,7748662.508093409,MATCH
86e5edf4-6bfd-4189-b705-10f894ba0d7c,fc267da6-4a64-4fc1-a843-a5c38dcd6e9b,9025576.145589802,9025576.145589802,MATCH
f44f5031-a82d-4879-87cc-4d1c7bf6b2ad,06d6fba7-7650-4bcd-8b6d-35d7818d72af,2968356.370986595,2968356.370986595,MATCH
4f8c61b9-98d7-48d9-8d51-5b58eb91d7bc,b6f31d02-90ca-4ac3-94e3-552bfd2f1be9,3907631.488167224,3907631.488167224,MATCH
08a43ec0-d619-48aa-bfb8-66b205733d10,a8e3ac9b-c997-42fa-997d-cd9add554b7d,1458439.59941017,1458439.59941017,MATCH
f7eba7e9-1dd0-4ec8-ab30-f1b1bb4c5947,b77e5f7a-80a2-43e3-b3f6-07309665df7c,5542154.167683144,5542154.167683144,MATCH
9ec6c95e-e1f2-47be-b9f9-9c644684833e,e4fb2a3b-dc05-4e03-93f4-71e72cba1bc6,526163.8502702996,526163.8502702996,MATCH
689ab92d-37c4-46a1-8e7d-e390d825b478,9fb938e0-776e-43e6-baf3-3cc5b176e71f,5143774.08998169,5143774.08998169,MATCH
9a87e44d-1daf-4374-a255-80efbdf7f8f0,dcac41f8-2e40-41c1-9e09-14d2e5c943b1,4588265.676013477,4588265.676013477,MATCH
edeac5b8-9cc8-42cd-bd42-11d1992033eb,319aed6a-8d41-4b4c-aba4-63087e7786aa,6090483.18828769,6090483.18828769,MATCH
3618187c-37e2-4c86-a54f-da3118d3ab67,4dbc217c-7e64-444f-be67-8797f16c084e,8140803.66618611,8140803.66618611,MATCH
8ddd6a3e-492d-45a7-be50-150015a75ed9,f3e816b5-a353-4a98-8b68-a34eca1fbff2,4374180.206898264,4374180.206898264,MATCH
83d04bac-21e3-4238-92b1-178bfd6c47e3,482702f0-4caa-468b-8523-b4e9022f46bb,7243729.215310912,7243729.215310912,MATCH
2508f357-474a-4674-ba09-8484f5a7620d,612e73c7-fb36-4cf4-9ad5-a309d5b1a96a,7521059.706104255,7521059.706104255,MATCH
4c589a8e-846a-4a71-884a-89b8208fae02,b24d2a35-e530-4b87-8e48-4bc069c50d69,1054522.557839719,1054522.557839719,MATCH
3e84455f-a755-4468-9e74-e1224aed4cc8,9997496b-c697-4476-92aa-48cff18c5581,6239806.42239884,6239806.42239884,MATCH
0244bc44-b25c-4b50-9794-b38937c23f27,79803efa-4da0-4e48-b531-518a24c58b47,3169407.64926699,3169407.64926699,MATCH
e9926bad-e633-4f58-8b7f-a47eadc5efc7,fa4cb559-0ecc-4ff5-9316-2f53e70af828,9396386.00437068,9396386.00437068,MATCH
a0d44d24-4d07-4581-a79f-5df0da2d6df9,59410ea3-8c2b-478e-9f50-e1aa0088b13a,3583065.404316156,3583065.404316156,MATCH
cb94cf8d-9145-4a38-b722-ec2c36b9ca35,6359d5ce-e2aa-4dc7-b208-838e7d57ef69,8026392.202104318,8026392.202104318,MATCH
91f390f4-fa06-4889-95c5-239244e831e1,575c9669-a00a-46e6-a42f-0c28c3e3c148,1857300.307425893,1857300.307425893,MATCH
0911e215-e4b7-4864-9362-dea783f9b580,2f589a81-67c5-429b-b400-a5e1dfcb821b,9115667.732128378,9115667.732128378,MATCH
54d144d5-18ed-4297-acb8-3fceb3e1511b,a863782e-75fe-4857-8991-946d537c64b0,926429.336945107,926429.336945107,MATCH
301b5b4e-6293-4e8e-9189-f75077d8b428,6a6a642b-fabf-47ef-ae89-a7a8b68d4037,6607316.17947425,6607316.17947425,MATCH
93ed82c5-1cf8-4164-913b-776ed08ce31e,1b799e6b-f52e-44a6-ac6c-2e1b708df094,6511585.561409969,6511585.561409969,MATCH
e85cc863-48cf-41da-bbbc-cb5d474f9205,26d3e222-33b7-4b63-8bee-f1607fac89fe,645423.9794863568,645423.9794863568,MATCH
362387b4-9be9-4c86-9b32-06f006897b1c,3068ffdd-965a-4d0f-9db4-02f1c3595dc2,9638108.150863497,9638108.150863497,MATCH
40e7ca76-7c8a-437a-a9d5-240141e1008c,c13d8929-b717-448d-9f57-fd27441999b6,2161401.1251341994,2161401.1251341994,MATCH
17aa3aee-0dc2-4df3-949e-dd912f1fc132,1ceb08fe-f2de-4798-b31a-25b55fecaa6e,6388779.39002083,6388779.39002083,MATCH
2de1bda4-6a92-447b-9154-00a60283a43b,5f866c8e-be00-4ccb-b872-34876507c321,3232669.020883441,3232669.020883441,MATCH
6d7168e9-705a-401c-9131-0c8bcd35637c,9bd972ca-0086-4f9e-ac19-1606a57d4eb4,4944076.809906432,4944076.809906432,MATCH
9c5a342e-9d01-4d3c-b7df-9baff2a81e6e,03ba33a0-fd42-469c-8727-59406bf36656,7607278.170620483,7607278.170620483,MATCH
8df8dff9-c3f8-4f2d-836c-9e186b2b0c27,bec62bbe-4d7e-44b1-8001-8cbe54492845,9350470.427405782,9350470.427405782,MATCH
8840e78a-35ec-4514-bfbc-cd75be1924aa,eddcac0a-9720-4c66-9fa1-846864e84ffc,5277714.819407385,5277714.819407385,MATCH
301ed689-7ffc-43fe-a359-34433ae61863,1527b2ac-1ddb-4f15-9eb8-586302f86044,3445296.84110201,3445296.84110201,MATCH
bdc5a633-ce5b-461f-985d-40112e408d57,0770d18f-c916-4147-a875-ad5d2d06f862,6216503.385334366,6216503.385334366,MATCH
bb98abdf-71ec-42ad-bdb5-38c9b16d3da7,4128d40b-5fc5-4ff4-97a9-98eaef7cdb39,7676005.77994838,7676005.77994838,MATCH
b5e9489c-a331-44b0-b181-38900e592949,c05e5ade-b303-4188-b378-cb94478b2f00,6860913.707044304,6860913.707044304,MATCH
1e87c27e-6bd6-4443-8640-1757fd81a925,20b6d43c-fbf3-4106-a60b-13e04ce6929f,9247927.766468065,9247927.766468065,MATCH
3ae19f9c-0634-40e6-8d2c-e7964878917a,4d315923-693d-446c-b7f3-9aace2ad828b,1681612.268584721,1681612.268584721,MATCH
9a6aabb1-5cda-4385-93eb-43581ab9f662,7ea413e5-436d-477b-a431-cbbe0e44c9dc,688640.8133231455,688640.8133231455,MATCH
0d2dba72-3b06-4d82-bfab-9b071e307f10,14c62aba-89c2-4ba5-a48d-f4c0c330ec14,4881735.745868763,4881735.745868763,MATCH
eb4d6df5-420f-49a8-945b-4e9bb61ec0ed,8a601b92-dc13-4c04-8f3a-2f8d57f731e3,4462219.591879334,4462219.591879334,MATCH
19f5af3c-bb90-4dfe-afa1-ff1758a64190,cb93dab6-dcb9-4394-a8ac-64c4b6b98240,2947735.55159576,2947735.55159576,MATCH
1c31d9b9-fda2-49a0-ab68-38e37de7f41a,40c56cf6-e895-4041-9e71-afa97815c7df,8245778.757733637,8245778.757733637,MATCH
50c74b31-90a6-4567-a3f2-f68f476a2533,ec38704b-22c0-4ee9-aa5c-a8cd1f835b8d,3336730.8896499933,3336730.8896499933,MATCH
bddfd7eb-8591-4036-a88c-22220148a245,1ccc33c1-7e34-4f69-b52f-bd7e7c360908,6845607.910482812,6845607.910482812,MATCH
56dbc7ac-902a-43ae-b81e-1682a7eb4008,69aec17b-2478-4b7d-91ee-3cc819474d1a,1510436.9388902956,1510436.9388902956,MATCH
63380b42-1887-4a69-aabd-37dac357a620,5b078b11-1896-4587-8e6b-bde0ed0d6017,177890.10885411786,177890.10885411786,MATCH
d5c2c94d-b3fd-42b8-9c29-1269e781c4cc,fbf8b1fe-3232-4e72-81d3-a0333586ae6f,2611380.9948160723,2611380.9948160723,MATCH
41374168-ef2e-4dc9-a73c-984bc4596172,a1861de1-5c85-458c-9029-0d6bebe55cc4,6195908.004548709,6195908.004548709,MATCH
63f2fc26-405a-4f9e-9401-8a45ec1a1adc,d0e915d4-d503-42a8-a47f-9c7e07ec2d32,4266847.329084971,4266847.329084971,MATCH
b0285484-beea-44d3-b8fc-75131b3fd4b0,1e9d095b-d17a-49bd-b1ba-0beaf9690579,8312477.571037156,8312477.571037156,MATCH
c8aae0c8-b057-41fd-8916-f0b779ba547e,5e24296e-b736-4ad9-b9a8-226b5ced7017,1075684.7205024348,1075684.7205024348,MATCH
6716d461-307f-4576-8b43-f87331a580d7,1610ac0a-bfcf-414e-b0d1-8df1484f1db9,9247462.281318674,9247462.281318674,MATCH
1d10b6f6-a91d-4cb2-91a3-d21bf4d1183f,294f513f-d770-446e-8775-d7abd2077bc4,3277005.0853271256,3277005.0853271256,MATCH
7edd8483-8cd4-47bc-bd33-8ca26bcce72a,785ca87b-1f69-42b1-945e-087f86d4aba8,2904562.525171229,2904562.525171229,MATCH
ae98b722-cf97-4016-a560-c77558cfd966,92a593c8-1db9-4330-b127-6a5cbe9f44cb,3389111.2611415214,3389111.2611415214,MATCH
c83e0032-5fe8-47f4-b08a-ba2101f268f5,3a8c8ed5-a06a-468a-9cac-3d21a5a8c8af,837498.5831082091,837498.5831082091,MATCH
23fbe8f2-cf5c-4d7f-8882-5d14341b2c09,cd539417-f519-4ab9-813b-e64b9c4624d3,9726980.548557088,9726980.548557088,MATCH
7d6448b2-f12d-4664-9d65-5951352aa2af,fd063a58-aa3d-4585-aaec-f4e0e81909ce,517810.3289758369,517810.3289758369,MATCH
39597465-05c5-4810-94b7-28fa8a60b332,13d88e04-a6b9-4653-a62b-3d30e070bdb9,6638886.896515213,6638886.896515213,MATCH
902ad019-7a0f-4a86-9eac-a15d72742e76,a5e65ec4-6a36-4425-ba41-dd2ecab21438,8900627.28256398,8900627.28256398,MATCH
aba5d1c9-035c-4d03-b664-cafa0f6da751,a1628abf-1a48-4803-8204-0c8155773297,5816363.9612652045,5816363.9612652045,MATCH
d3520a91-4873-4252-b7a2-a1800a7be6e7,48af7f10-8a71-4a73-bdee-baa1853d8090,1679619.9383676865,1679619.9383676865,MATCH
d06200e3-356a-4651-9727-bd831ac2c99a,bb27f6bc-9888-40d9-9423-251ebcb12a00,8447935.800116617,8447935.800116617,MATCH
0dfef633-2a31-4dfd-a166-7c7cd3c6e5a0,a8fae904-7d94-4d9f-acce-693e91a07ef2,5443483.365362851,5443483.365362851,MATCH
1aa3c18e-0aaf-4962-b92c-23e3454009f2,bef81d85-20d4-4165-9691-f45d10bb794e,8324322.739717825,8324322.739717825,MATCH
7fa79708-7e72-49ce-8d7f-65f60cb68029,1445587e-6ff6-481f-b7dd-362b4a6b836b,4120710.2332212618,4120710.2332212618,MATCH
fd34d21e-3b59-475e-888a-9a7400af085d,40bc2b56-6d47-42f8-946a-77af2a736a67,485664.0830838743,485664.0830838743,MATCH
b9291d34-db6e-40ba-842c-a512f369c683,b9fe60c6-b2b3-42d3-9116-2039ea92659b,530529.2373093165,530529.2373093165,MATCH
870b230c-eb04-4ecb-8891-4b26e5551570,042a2f64-80e1-4e4d-84c6-08eb14eed987,3431942.647982623,3431942.647982623,MATCH
fe65b782-57c2-4cfd-b9d5-9f7f1e014975,1db3c075-6fb9-4e37-b796-048fb4b9fb73,6990718.462224915,6990718.462224915,MATCH
9cc41ca3-d58c-449e-97e0-d57bb3ab800b,e67410de-479f-45f3-93b6-81500205e16a,9633631.317033984,9633631.317033984,MATCH
afe9c3dc-aad2-4db6-a4a3-5a102674d1ff,802993b1-daea-444a-a91a-49055a29fe6b,8238540.184183913,8238540.184183913,MATCH
8ffa1194-c14a-4a61-b58f-b73fb0bde14f,3451cf94-ee8b-46d3-8b94-6541d4cae432,1736420.1384811956,1736420.1384811956,MATCH
071592d9-7616-4503-a906-b588f62162ab,84d99451-8f18-4e72-9696-dc6c671adde5,5893464.538487594,5893464.538487594,MATCH
75f321cb-c59d-44aa-b5ed-7ce82ddf2675,be015802-d2eb-4277-b64d-4de0a92a9880,8467937.774777085,8467937.774777085,MATCH
cc5732f2-871b-4b1f-a0e4-0a11d8fbfda5,b6658a34-5263-4028-add2-d8c076da3875,886075.652554886,886075.652554886,MATCH
8de58a88-6a93-416a-a2bc-a1044001570a,60aeb372-b6df-44a6-a3d5-2be0ac249f30,6492293.82534285,6492293.82534285,MATCH
db29920a-c886-47c6-a4c7-55b00490eb68,1b8dc821-836f-424b-8b8b-56f7ead44e11,1570848.9530242716,1570848.9530242716,MATCH
999921ec-9d2f-4e76-beb2-d1727be19731,fd2336f4-5b44-46ed-b107-6f2e0a715350,7703935.12962946,7703935.12962946,MATCH
741a5b09-a63f-43ea-ac85-2cc75eb00e6f,027a76dc-bce0-4aef-b17f-a5c04e39f65a,646755.7912247401,646755.7912247401,MATCH
e222c775-8f24-4a7e-a2e7-68d759b7463f,593c73f2-b8e5-4141-8067-6073e9c000f0,2553122.649586285,2553122.649586285,MATCH
4251d2f0-20a8-4260-97a1-a2f67a139e90,946b4482-97bb-4fbf-b1df-c82cb8addf54,5898304.304479952,5898304.304479952,MATCH
42a1279b-8bf5-4aed-9904-b887d77b03b3,56c890a5-6538-4f11-a676-6b0a3b9a3daf,4933056.74819987,4933056.74819987,MATCH
faa1d736-bee6-406e-b7f7-a96a09572517,e3e735ab-dc02-4c29-b5db-e3964c23e844,2773313.925146128,2773313.925146128,MATCH
4d59f68e-05ff-42f2-be54-eceb8329bd1a,fd06875b-b462-431f-9664-56be80e022c8,7812939.227439215,7812939.227439215,MATCH
6257ae9c-8260-4132-802f-b24f70100d7e,fe1ad905-bdd4-41f2-b1b8-6ce0e3472e25,7805256.75937674,7805256.75937674,MATCH
b4f17ca9-12f7-46d1-86ec-757fac0d8818,0a0175e5-937d-4fb1-b673-359775cff755,5192026.743740408,5192026.743740408,MATCH
f8c59ac6-133c-49cf-93f8-e789b1e93b1a,6448a3d5-d576-4137-9456-e29d91c631cf,8782397.0327615,8782397.0327615,MATCH
5cbe693e-5e7f-48d9-bc33-499fc4916b7f,cb9a6ed5-fdbc-4bdb-b119-779cc69e17c9,2870672.38648782,2870672.38648782,MATCH
6d54a501-8286-4d40-8fb4-9d987aac8a0a,890a83b4-b639-429e-a929-8691ec93e43d,8658825.478668777,8658825.478668777,MATCH
7df6bc1d-6e49-48ac-99f1-45cc0244e4d7,35078c5d-cb62-45b6-9342-3b4f8add06f9,4311241.890822144,4311241.890822144,MATCH
e9846baa-f7e4-4c8c-9628-e4290a81870a,90b3032d-ccb1-463d-a5a7-4338aab9278d,321241.7567053211,321241.7567053211,MATCH
11c7c76c-ae73-43c0-90ab-36602b945cbb,f23e9a06-ed37-42ce-8ce8-7570b4d6f3e6,6405088.614609662,6405088.614609662,MATCH
671e9bb8-f783-46f6-9775-e809218d0520,413e84bd-5aff-4594-80dd-8895d0154898,8965575.822153233,8965575.822153233,MATCH
c3712e42-0378-45da-9399-956c1c2b498f,e5a5829e-cb8c-4d76-b03c-1503d4e20134,2261455.6672147107,2261455.6672147107,MATCH
133b385e-2cc0-4f87-b99e-1823e75f58ba,089b5b49-8114-4252-84c3-6368bbc51a50,2170832.228577734,2170832.228577734,MATCH
5f25210e-a82e-4d61-b716-4f3112988e9c,4f62cc9d-ebf4-44d0-8e6d-29bfbc633d6c,3606527.6649226137,3606527.6649226137,MATCH
6bf7d125-a571-4542-a485-a11892ee4820,27b2a5c1-b6b0-40b9-afad-328ea5c9cf20,4532859.61870131,4532859.61870131,MATCH
f7eefd84-b31c-4349-9799-2f42351b3e63,f43dd740-5039-4a8c-9a73-dae0209e6e48,4657715.008339556,4657715.008339556,MATCH
9e79a6fe-6680-45e3-b63c-bc32be3e1402,8e81b2f0-2d47-4c4f-8869-7ffa09360f02,1350480.1331338843,1350480.1331338843,MATCH
34aababd-3975-4433-8b5e-d14871ab4711,5404801d-8468-4060-b43e-5fef06a61b3d,6007752.551855681,6007752.551855681,MATCH
52dfc152-c8e6-4d4b-8feb-aa0edbfb491a,a3fdd59c-82d2-4bf8-a1e3-178b72ebde4e,4500472.44711774,4500472.44711774,MATCH
34b16488-cb4a-4b4b-aa68-3e184fc40b0a,44f20d97-f488-4671-a0db-fca2743cfb6b,6316911.68476135,6316911.68476135,MATCH
4ce7db3f-6259-46cc-9696-e8334728ddf6,76d6682f-6248-453e-b412-c27202b71c51,1686402.2083671184,1686402.2083671184,MATCH
3f6c5de5-6dcf-4b58-82ca-55ed15263fef,854bc8fa-344a-41b7-9fff-8cea26870a98,27711.518181998068,27711.518181998068,MATCH
aeee2302-23a1-4fdd-9402-c7becdebdd3c,aabb6cac-48d7-4165-8c98-7a1b59afb1d1,6159469.101393128,6159469.101393128,MATCH
9a0bd63d-69f8-41b0-b90c-9f84b184071c,7eedcc65-22cb-4720-850c-ddfd1c3dae19,4961316.965426628,4961316.965426628,MATCH
5ac92db2-eed4-4005-b922-2d87083a1c27,1fef9a77-f0fb-4b65-a6a5-790ac1ade98a,3218390.943912412,3218390.943912412,MATCH
d28faf65-2f06-4e12-a46d-2e33380a402d,e27bb6c4-4d94-4434-8785-9c05dc409942,3545362.4824830154,3545362.4824830154,MATCH
3e668eb8-cb31-4618-9aaf-b63a8a063bf5,c72fa86e-5561-4496-a8c4-4e4c5ce1bcc2,624464.106792325,624464.106792325,MATCH
e3a060f1-0cd1-4e0c-9dfa-893375d2fda9,a8be8d1f-4b1c-4df3-8865-b35ce79524eb,1996529.1706882312,1996529.1706882312,MATCH
5ade80d4-ebb4-4c9e-bd1e-9dd812e1725b,9645dec1-840d-414b-bbd5-48637974c90b,8568744.65346563,8568744.65346563,MATCH
c80cd031-cc21-4b4e-b80c-eb1ade16afca,4052e3a5-66fd-4215-aa10-7fb733383ec9,4708964.230989172,4708964.230989172,MATCH
6035d9af-4a68-4bad-9af4-cf72da622059,76d32b96-4f7f-463e-93c5-44a3cc0b200d,8724758.727683155,8724758.727683155,MATCH
25dccca2-054e-4210-a3c9-f400ba6c557c,7570d730-e5e7-4add-a8c8-7ed8eb035cda,3602674.1199266887,3602674.1199266887,MATCH
072915c7-25ee-4dfd-acc1-da4dd0411dec,3ecb1bd6-34af-42e1-8968-e8ee4663f1a1,6798289.260297901,6798289.260297901,MATCH
44ed4fd5-1c2c-4fb1-8de5-f2f70d394b57,d6de70c5-2ce4-499d-b924-08c32ea9ef6c,8306375.853802823,8306375.853802823,MATCH
2ab18038-03f8-4c7b-b43d-e03ae05c1fb9,325769cd-5571-476b-b347-4b1b8bc85d37,1687231.8097197637,1687231.8097197637,MATCH
75d9c07c-9d93-43ea-8182-144d5b120b1b,6287729e-1219-4d94-a097-0ff4dc420980,8718825.028310763,8718825.028310763,MATCH
8b490e26-db9e-42e6-98f4-26dd5071ce94,9e4c4be7-73b0-473d-9e51-6bf83fa029a6,9456534.475989932,9456534.475989932,MATCH
1b6fb706-e04e-4585-b601-16cf25b4c7aa,31341ab8-b9e8-4781-89bb-1313294d25fc,1024539.8155840278,1024539.8155840278,MATCH
52db575a-79f6-43e8-ade8-1084ef29f413,24722a76-f7c9-4c89-886a-ed733415c076,9612874.337831268,9612874.337831268,MATCH
aa000756-52e0-434e-a505-a2b69dd3c15a,4f2c386f-627b-4edd-8d7f-937140c37cbc,7906627.419507446,7906627.419507446,MATCH
c15da547-0db4-497a-8b18-8a0de0b7d818,211f632b-752c-4a97-b60d-f6a37c198515,2137994.042600462,2137994.042600462,MATCH
da1eb729-078e-4e4e-8b80-79d7114c440d,91788bdd-4dfb-4b6e-a025-7194c903cc1d,6364438.242295269,6364438.242295269,MATCH
b44aad77-b20c-4a3f-bee8-acf10b3e2b6e,fca54576-8523-43d7-9a5d-376e602ba256,6306550.768953806,6306550.768953806,MATCH
c13ed0d3-823a-4b12-96ba-f0f28d5a9549,34b55b86-48a8-4587-a2c9-f4fcf686cfa7,7743128.623796127,7743128.623796127,MATCH
1f1dfed9-0a33-4eef-881e-67f376fab828,f21f9823-f23b-4efb-8bd1-8d4a4cf41edd,1157218.0912841684,1157218.0912841684,MATCH
c7ca7ddc-171a-4d35-a112-7927cd6aee30,18bafcc9-e1dd-4fdf-b570-543638772265,7189815.297250395,7189815.297250395,MATCH
568a220d-0843-480a-87ac-a3fea73a366e,ebe0c8c1-ae38-4f46-87f8-6de4c227e0f2,889992.5089437976,889992.5089437976,MATCH
5b182716-b9c6-426b-a401-118dc078bc3e,050bd848-2b76-4718-966c-93cc1d4dfdb1,4534840.12051432,4534840.12051432,MATCH
46a47588-a676-4ce1-bcfe-18e95f20ac06,8bd03267-bd0e-41ce-b85b-c2d301196e6d,6477101.074995171,6477101.074995171,MATCH
2c8b2151-e179-4fcd-a658-eb6a1afd943c,f61b2bfd-6c7b-4a77-b3de-6bc2899bef4b,7967473.993375172,7967473.993375172,MATCH
a93fd7ec-8ee4-4f7f-9768-065730bdf7be,cf5b294d-d2cc-4853-9cef-5ef4641e7f8c,3137317.741395741,3137317.741395741,MATCH
390e9f57-363d-4fb5-abaf-1e8fda095b0c,159b2b6b-32db-4028-8823-debeccade92e,4911637.916611477,4911637.916611477,MATCH
34c6d620-8d06-43e2-9ab6-2311a261d918,25693e13-0efa-4993-94e7-4f2629b05b37,9549987.401725356,9549987.401725356,MATCH
9278f380-b351-4ddc-9951-86208769ee24,48f9fd0d-5d3b-41d3-a515-99820dd4c0e6,8389438.304244636,8389438.304244636,MATCH
52bcb64d-c594-48c5-8ff0-18450f90cd63,08d16094-b6e3-491b-b777-d8232d8d7db8,6467457.100998267,6467457.100998267,MATCH
7e45fee4-6ea8-4b32-a38d-9fb071c487bc,6ea4b405-4f4c-4f0b-b4a7-3f9dded5c017,5716519.931674227,5716519.931674227,MATCH
05df9333-de36-492f-b624-65c10dd8063b,63d3ce8e-bcbb-459a-9596-6725d513da02,1230999.1539610184,1230999.1539610184,MATCH
49069da9-6d3b-467c-ad94-4378d814abe0,27584f1a-239e-4593-ac11-a44d083ed925,4657977.03645913,4657977.03645913,MATCH
c05afd94-05fe-46de-83d3-1e5cfeee7138,d2bd16ec-1481-43b4-9dcf-5003462741ec,8256720.6101747155,8256720.6101747155,MATCH
f37985df-fa59-407b-a0a7-ca57858117a1,714b5c03-6057-47cf-9a55-f8255086f384,9265785.878267506,9265785.878267506,MATCH
c07abe48-f24e-4fd6-9168-36122bb61a4e,0d6dcb42-bd8b-4603-9abb-574e0b16dac4,6987747.334673423,6987747.334673423,MATCH
dc16cbae-6541-45f8-8923-8eb6d690efa9,f05d45c7-6522-48b9-8aad-0665ef30141d,4856129.238778001,4856129.238778001,MATCH
d8868de4-d585-4f0b-ab69-1bd21533fe82,de772156-1f76-443f-9a16-b8530692fe02,537131.2070989294,537131.2070989294,MATCH
6a97cbce-6736-49ef-aa1c-5dcaf0c7915e,667139de-7c0a-4f90-9b54-d2273bca7ff6,4704733.398431663,4704733.398431663,MATCH
09ccdf05-745f-4433-8743-968f1d447f41,b9676dc6-d6fd-41a5-b173-12f4659ae9f2,5531191.458674474,5531191.458674474,MATCH
29a3e5f6-984a-4463-8d81-42152d490058,00c99370-22d6-40a2-a41f-0d38ca803df8,3533612.4752561995,3533612.4752561995,MATCH
c9dfaf7c-5549-4107-a9d5-00dd21408672,b245b7d9-4849-432c-8875-4d16ba0c96e2,6725980.196333011,6725980.196333011,MATCH
9c425665-ff3c-43a6-b575-44ee3d365abf,910171d2-1138-478b-85fb-3e8a563b04fa,2538457.336091561,2538457.336091561,MATCH
2540647b-784f-4b14-b2d3-1a6527dea64c,922b4fb2-1ca7-4972-bc6d-317323fbc01f,1361897.6917096165,1361897.6917096165,MATCH
1c5d9fe9-0b07-4a68-88f2-17a3e2213776,f69072cf-ac7e-4cc6-b0cf-3e7f5c58b8ba,4954648.621093816,4954648.621093816,MATCH
d655005d-ce52-4176-966e-46aefed01fca,d4a39a51-c481-4a69-b83b-f029b6ac2048,9174766.907010648,9174766.907010648,MATCH
281f45ff-53bd-4b05-9308-9f8bba345e82,663463e9-d317-48c9-9060-573a721b7707,5574874.441439015,5574874.441439015,MATCH
54ca6897-be71-4d60-abca-4f866500f793,44719067-e5de-408e-9a4b-4fdb5209eaab,6099406.252753512,6099406.252753512,MATCH
187666ec-26df-4b57-ab41-eac79ad8e1cc,aa97435d-d9ff-44eb-ba5f-9e725166488b,692890.8802801231,692890.8802801231,MATCH
5ea9f259-45c8-4249-b0fb-b28e0d9bb3b5,cbc4dd42-5c39-457d-bc0d-bd13a70a409d,2832581.577344103,2832581.577344103,MATCH
2d15420b-a2bc-4715-8087-be6a4514c416,ef7cef26-3c66-4012-be74-1860bf957403,2324199.121409817,2324199.121409817,MATCH
7108022a-12a8-4ff7-bffb-bc83d8c80184,0f67a174-0023-44e2-aad9-8682f8da5a79,4582789.878213993,4582789.878213993,MATCH
ce3fde9a-12aa-4ab4-be59-a0d13c5168b0,b43c7851-e78d-4f32-be2a-9f7347dfa607,951701.9277393032,951701.9277393032,MATCH
a3a22f35-b9b5-43c7-ab1e-fddc0d888933,699fdb02-bcdd-4b48-bcb3-c9fa191abb3d,1185251.6413992052,1185251.6413992052,MATCH
611f98ef-dc3c-423a-9bae-fd9e88c06786,8f63c2bb-ae41-4155-80bf-6f6b9d4d0658,9655737.837357815,9655737.837357815,MATCH
f11afc00-132b-4f36-9940-4d24eced9c30,ad91f456-23b1-4ebd-8a42-be3fe671d582,2062922.6660474848,2062922.6660474848,MATCH
96afa28a-178c-45a0-bb66-8afa3cf8b913,47269e7f-0c05-4009-b97b-fdd7b8a1e477,3266853.4029329647,3266853.4029329647,MATCH
b84e2f11-4b52-4dc2-bee9-19726f7b93e7,4cdbf99e-ebe9-4dd4-a80d-9169c24489e1,1571599.312834316,1571599.312834316,MATCH
c93a7471-ce9d-4f4e-87af-fa24b9ef9fa8,5ef361c2-abd7-43f1-a50a-d9aafa3f012e,2867140.534154556,2867140.534154556,MATCH
dbc3f559-8390-4d94-8713-b81fc2f86229,7ccc9258-0979-45d3-8a70-3330ffc03136,7687436.6118471185,7687436.6118471185,MATCH
9afa3fb4-e21f-4167-9404-e49287db0168,6ab62dbf-8663-48bb-aaf7-895bb241cfd3,4343134.864235921,4343134.864235921,MATCH
cd409bc9-fdae-4920-8bb8-382f916ba250,e14e21f7-14f1-4d92-95af-47da31d1d6cb,7872185.477550466,7872185.477550466,MATCH
9bc81ea5-e2b5-474d-b8c0-f0c306e2ac94,2c281bbd-f45d-4d91-989d-a530b01fb9f3,1820587.991863701,1820587.991863701,MATCH
2daca88b-c1de-4d58-918e-58fd62524390,9a5e63f5-cc94-415c-a13d-26009174f53b,117978.32277579785,117978.32277579785,MATCH
1d191f64-f8cf-414a-9ea7-e1ae7006a2c6,6c35e33c-70fe-45a1-b880-adc62af2b718,4579462.412946894,4579462.412946894,MATCH
61f14c98-dcde-4dc8-84d3-40e87ecfbfc6,acffa99f-f005-4f9a-a6a2-c94556f11afb,898118.1058815127,898118.1058815127,MATCH
631a9c3c-0d59-4303-bb6f-b65b8d70600f,6d575fd1-f019-455f-8080-1ed9743480a1,4224813.799665137,4224813.799665137,MATCH
1891e25c-2418-47fd-8754-3604aa9b64ba,11ca2a0b-32f1-44d8-afcb-0dce06dee37b,849976.8529386196,849976.8529386196,MATCH
f58b8c61-2ba0-49ec-95c8-74415145c6f8,1e56d346-7e80-4d05-ac71-b531d3c724e8,4381799.938616283,4381799.938616283,MATCH
9b7cd539-0ad7-477c-9bf4-1cc6af1fbe16,014cc3a1-e5f3-4466-92de-0df8e9ebd446,3814619.213285146,3814619.213285146,MATCH
4e954929-e58b-4d2d-8d4c-3b8004251c71,eb25d7e7-e073-4c70-ac20-2d89b7a69c32,7671017.2840143135,7671017.2840143135,MATCH
157ef914-4442-4098-ba9c-ee3d25c37945,ee4bd350-f104-4d27-ae75-b34ef067dba1,2961502.560483997,2961502.560483997,MATCH
88e61f32-f01f-433c-bdab-0afadbc7945d,956b212f-4faa-4851-9b95-1652c11ea16b,5321088.881626702,5321088.881626702,MATCH
1d15571c-5100-4ab9-9d42-da677fdbabc1,db8ec35b-3c83-461e-9df0-a0a288efe82b,9024103.67174673,9024103.67174673,MATCH
243a7f53-2a7b-4a7c-a674-dd6b9055e085,4e4c01f6-76b1-48fa-a165-2fd341dddedf,3703226.424336297,3703226.424336297,MATCH
d52a85c8-6579-4c22-82c8-37b6290c9e51,4b26f0a3-33b1-4ca4-b74d-34f5caf07226,4622144.308556751,4622144.308556751,MATCH
3f936724-21d6-4c73-8b32-8c23ef470a44,8d15baef-b669-4d0a-8837-6bbcd89806fd,8352276.428616058,8352276.428616058,MATCH
a2807710-32d5-4d87-a1bd-1db7485873c1,4ab946a2-89a9-4af3-a0ca-0f8ee1ef2dd3,3667368.3073392254,3667368.3073392254,MATCH
b4cc7214-62b2-45ad-861f-98b160975bc0,2b1c2d3d-fcad-43fd-81a4-c2d14edfaa12,6789299.908466182,6789299.908466182,MATCH
79315fc6-fa82-465d-ae1b-abe2ca208c07,503ba8c3-ce83-4e27-85ef-d6701f4d88ce,5772594.876773723,5772594.876773723,MATCH
10652764-f40b-4779-9064-0ae68d2bb00b,348f9ce0-603b-4183-bd75-f95ccea95510,9045168.258631809,9045168.258631809,MATCH
904c01a1-434f-4133-ada6-b97447ad21dd,940e3521-9a26-455a-bf56-938141190559,3785859.886049112,3785859.886049112,MATCH
7636ae1c-e961-41f3-8130-8be0fcea9a96,76f3ba50-1830-4082-a9bb-a3c46cc721f0,9337450.23102882,9337450.23102882,MATCH
c63e0e47-8bcc-4e8d-b24a-4a6d6b90a95b,5132fe68-a1a0-44a9-b058-3380ea77d1d6,5505120.319496612,5505120.319496612,MATCH
594de8d7-add7-4b0f-a90b-365143eb4ff0,66e9a80e-6b57-4789-8bb4-9889f9005224,6515818.669831971,6515818.669831971,MATCH
080cfaaa-42c6-4c42-b7ba-69f137df8dfb,c572aa5b-51d4-4f72-ac77-8135fad76ab7,7285594.0978647,7285594.0978647,MATCH
0485742a-6d22-413c-a56d-f639edd9636e,2bf6f6c4-4e76-44e9-8a12-ba49e5f5cdc8,7752041.397495275,7752041.397495275,MATCH
aaff96ff-b904-4b52-93eb-459932d4d3a5,abede2b6-c9ee-497c-aade-7b17b0d090bd,2131347.240201056,2131347.240201056,MATCH
398e1dc0-38a8-4b55-98de-abfe5172e4f0,f28bffb9-d5bf-4edb-bb79-da1ecd4f2875,2888632.4957894483,2888632.4957894483,MATCH
e672abf5-0110-483e-bdd6-831bac5d7133,16ccb813-2635-43ba-8299-b35199b3568d,8183589.040798719,8183589.040798719,MATCH
ad9f835f-3fc5-4786-870c-15e3b51ee0dd,12d2d7e6-387d-4add-a430-81aa6022e3ff,4463888.030951961,4463888.030951961,MATCH
33dcd09c-a8cc-4023-a43f-daf08a8016fe,25dbbe8d-a534-4425-aa69-b7f7b28d7cb8,3268190.9782036203,3268190.9782036203,MATCH
f6508852-02bc-42e0-9fd5-988eceefd2c9,f85ad287-93ff-445f-ab80-e44ae7d3f770,8294741.073809878,8294741.073809878,MATCH
6c80423a-7e84-40d7-91be-adc15a449143,1fa54251-5074-4c13-bc0f-94cdc2ebbaa2,5345048.096849729,5345048.096849729,MATCH
c73f41d2-b059-4815-bf32-dbc546586cb2,fabf8aef-608d-4b54-9913-0b900286675d,1575029.403021024,1575029.403021024,MATCH
8adf1e46-d403-4d02-9a2a-83bd5a0ae917,bcdf8302-8c37-4264-903c-d20abaaeebf8,6298400.676964808,6298400.676964808,MATCH
3e8ee36a-07e9-4e6d-bf71-eef65b7117bd,028bffb6-c528-4c36-a545-034c714cd65e,9141164.777400786,9141164.777400786,MATCH
5424aae4-3e78-4f27-a93b-da3b4b0653e2,33f7d722-e517-48b2-b832-dfc1350b0860,5380892.992444807,5380892.992444807,MATCH
776094f6-25aa-420f-af7e-ad9eed5f24c3,cfd42949-e33e-4976-9862-5813b28d7506,5709710.993442606,5709710.993442606,MATCH
89f9c43e-6b07-4c79-bbe4-3aa78c58fff0,7fa372cd-5fcf-4711-8258-3678c04a7761,3612345.802262119,3612345.802262119,MATCH
592fcdc6-4979-4220-914b-c7719ff0287a,117e894e-91fa-41c7-8141-bb373de814ac,3117733.006642378,3117733.006642378,MATCH
f7974ec8-a41e-4111-9942-96b67e4b4f10,bf3d5023-1406-42a8-af61-e334360893b2,9129811.644859726,9129811.644859726,MATCH
8aa2f756-0803-4d31-8e1e-2f3da91022b8,ca1731d0-97c7-48d6-914a-9827b69aca1e,2298644.835703288,2298644.835703288,MATCH
7e1b2034-88a5-416f-89eb-56c17f421889,bc75ed53-99b3-4070-b4fa-65ce489ac27e,7995201.869460112,7995201.869460112,MATCH
88516447-6e5b-4598-a8f0-e3e02f369832,03255820-1a49-4e98-9ba6-51ed314674a6,4802255.501611886,4802255.501611886,MATCH
6fc0174f-57d7-44f1-b192-c29c5a0ed9b7,0b20802f-c24f-4f4c-846a-f2e65c896b2a,1717227.0283577282,1717227.0283577282,MATCH
3506e337-683d-41a9-814b-069c45ce5149,7c795dd9-73d1-4f3e-9860-c4f45f70b951,6661347.397584914,6661347.397584914,MATCH
1b314321-aa4e-4b03-98b6-dfc73b50f94f,a2c3b917-d8a5-4a52-957b-0495722be4aa,204942.8318639657,204942.8318639657,MATCH
9bfe970a-2591-4ffa-89cd-33a65f6f83c5,a12b61ae-1210-4787-b429-ce3b89310697,8187369.918433621,8187369.918433621,MATCH
d4541573-b70f-4392-863d-aa902a0b83f4,6a7330b3-ecfa-4700-a790-eee07dcfe924,6540401.061128745,6540401.061128745,MATCH
c56dbe29-65b8-438c-865f-5046f9a61744,0a23b722-c2af-4a28-8976-ec61a4c31af7,305781.91566220584,305781.91566220584,MATCH
ae742530-ceb6-4fdc-b734-a78de2682c9f,c3d0bde3-cfbb-484a-80b5-70137f29c9e7,5563007.01504833,5563007.01504833,MATCH
6bc822f4-6893-438a-94dd-93141e32e3e1,8346452b-8073-4a66-97b4-db174b658517,2406021.600397366,2406021.600397366,MATCH
7d3a8826-dd2f-4568-8e02-3728d712288a,bdcf6fd4-88df-42c1-9fc8-628d4b4d1079,6283127.375750968,6283127.375750968,MATCH
66edef30-2fa8-4808-b8f1-6861e3e3e73b,b2b3bb39-4510-4aad-80bd-44c06d07ee0b,659485.2790131243,659485.2790131243,MATCH
a9715404-79ea-4461-8751-6daa444a2a48,56d2bb12-af5a-4636-a8b8-d2529670cd19,6423274.054450467,6423274.054450467,MATCH
a44eb3e1-c5ba-436f-994e-d61a5d15c129,8fd8acb4-c8fb-4050-a460-cf44a7674726,722961.7515176932,722961.7515176932,MATCH
946f9f07-8673-473a-a5b5-8f3084868583,914cc11c-05f3-4bc5-9642-b0525379f279,1606622.978001682,1606622.978001682,MATCH
d862042e-500f-46b1-8544-a04968115a5c,da05d2fc-1c71-4821-a2f1-c32b47d5ac92,1590580.08,6362320.303151191,PARTIAL_PAYMENT
bade33a0-13a2-4a82-9458-771da27a2bda,c2a59d7b-2bd3-4971-ab10-b78675656daf,94216.26,188432.5168116133,PARTIAL_PAYMENT
ee20a0b5-acad-4c07-ab24-ef63f6f32192,fdc419b2-0a41-4919-8b52-46f3faed5777,256413.79,512827.57393219066,PARTIAL_PAYMENT
c433b3bd-d9cc-4656-8a03-be43d4ec0595,3d333164-4bb8-4be2-9bc0-798821f969e9,613747.65,1227495.3010516197,PARTIAL_PAYMENT
4c9df049-5fd2-4ec3-a536-3c77787fb578,5d96120d-0a76-4d91-9e7f-87a777215daa,6575620.74,8767494.31906373,PARTIAL_PAYMENT
c7c432a0-c3af-4d93-8047-6d80532bd70a,8869372a-d34c-4a09-ada5-9cb2882ae449,1026919.6,4107678.4122843016,PARTIAL_PAYMENT
bcc8509b-98da-4e8c-b9f7-e0046dfe8745,1bff56f4-13b2-41ab-b4e5-80aaf5504c52,627182.2,627224.6178827962,AMOUNT_MISMATCH
9758a25f-dad8-42da-be17-ddb3304c9c7b,5388d128-c96d-425e-a563-9cf4a7dfeb92,1765136.0,3530272.0042316657,PARTIAL_PAYMENT
0d0b6920-dd46-4c91-9747-8b5c331bd602,f8815f18-5f34-4d6c-bbf7-5b573a0e618f,3208920.92,3208939.932342964,AMOUNT_MISMATCH
a911fd6d-0d58-4ee2-8023-1f700a77b5cc,42aa0bc7-70de-43fc-a060-917a931414e8,4461826.87,4461865.243969109,AMOUNT_MISMATCH
99622263-2abc-42b1-8599-97f6ca77736e,0e5922e9-f182-4df7-82f5-52c89ae66149,8936660.08,8936689.214887682,AMOUNT_MISMATCH
28f5f5c2-00eb-4725-af1e-f8dc34f902b7,23bab528-6a08-4aa0-a57c-5c02ba85e403,9061323.08,9061363.62828765,AMOUNT_MISMATCH
b877e049-b52f-4e0d-80fa-33637497c7d9,eee31d47-10ec-46ae-95dd-df38fc9454ae,3524741.64,3524784.048637344,AMOUNT_MISMATCH
3cfbc642-8897-4497-8bad-4234395370c0,33028b32-230d-4680-aa35-0f17c157a761,8070729.97,8070778.720299649,AMOUNT_MISMATCH
e24cee91-b499-4393-b249-1816154f9eb4,e4871ab3-aa79-4de7-a760-49771fca0f16,2556594.08,3408792.112765257,PARTIAL_PAYMENT
688928ad-2234-4eac-b8da-35594398018f,e8239943-7dec-4605-adeb-57f96acac954,1295950.69,2591901.3877697675,PARTIAL_PAYMENT
2d3e854b-4799-404b-b719-25aebb0084fa,90c97f00-7b01-4fdd-94c0-b9e05c9c4570,2325272.2,2325313.3009247542,AMOUNT_MISMATCH
a845f723-8992-4e2d-8400-e249f8bb1616,af97fbd2-a0c4-4942-8206-7d80de4beb12,1185577.66,4742310.654533862,PARTIAL_PAYMENT
bad4f3e0-3b52-4525-b230-b85b27d81ea0,5b21c9f0-f485-4088-a97f-b025a2e11798,5443031.56,5443062.633729488,AMOUNT_MISMATCH
624d3473-60bc-4cbc-9987-e6d09a7171aa,80ddb386-2790-492f-b7c6-bc5d1a380e8e,1867399.41,7469597.645600931,PARTIAL_PAYMENT
0267c983-f763-4b4d-8ada-c12203748864,d19fcf31-1dd7-4f1f-938e-f8ccea8104ad,3115855.05,6231710.109225223,PARTIAL_PAYMENT
56a0b8b4-d179-4ee0-bc73-1d478ad8c568,592448ee-7ac1-44f9-8472-f9f6ec6494e0,4686623.27,6248831.029180345,PARTIAL_PAYMENT
a0a2e9bd-4478-49c0-b129-9cb78b248c7e,1e5c5da8-d087-4dcb-be94-f1cb075cc8eb,2526023.96,2526056.449691649,AMOUNT_MISMATCH
1e4c3fdf-556e-4ce4-9d9e-4da21387bcda,9a0f09e9-eb8b-4c11-9fb0-ef34c8497436,5700458.36,5700460.64919114,AMOUNT_MISMATCH
6dba9754-2d95-498d-a6ae-af299ac0ee26,254338df-173d-4030-877d-868859fe1c45,1483601.24,5934404.943814414,PARTIAL_PAYMENT
2233212a-f526-4ea2-b953-3cb78ef1a114,a8969e70-85cd-4384-b024-979265787d0c,9753086.8,9753133.328983344,AMOUNT_MISMATCH
d5d318cf-24e6-4ffd-b5dc-037d4b71481f,fa549893-e476-431a-acdf-d364bdce7f65,3873306.39,3873348.028536522,AMOUNT_MISMATCH
980b82cb-d662-48bf-ba11-4e5612e29c2a,9a690cad-aaab-4830-b9cf-c04f5b29317a,2268226.72,9072906.886047997,PARTIAL_PAYMENT
418af089-fa7d-4961-b927-a136fc73e358,a34f2452-efe9-48c9-8497-734d77a0aa7f,605385.34,2421541.3724221257,PARTIAL_PAYMENT
0e9b65bb-a4d4-4431-ba38-f5a09ee08a70,67e6d49a-3c73-413b-99ea-5bbdafd5b90b,9490206.16,9490220.26365284,AMOUNT_MISMATCH
bdc4d680-b3c9-4502-b66f-42687c7dd490,a84d5f25-abf2-4369-9d0a-06d3e592ee7c,1015339.67,2030679.3355885048,PARTIAL_PAYMENT
0804ccea-9175-4c63-91f7-c01736a5faba,859f02bb-1ee2-4f39-aed4-db8980104995,5318140.64,5318150.480746262,AMOUNT_MISMATCH
6b4a3541-f123-467e-996a-2b3632d7cc22,c8c621be-e122-4e75-8719-8f5cf69bd596,5439618.76,7252825.012163868,PARTIAL_PAYMENT
b30672dc-1fef-4fb0-9e25-65fed1ad5c22,b2cfba8b-290c-42f8-930b-ef6519b38619,4302008.58,5736011.439594064,PARTIAL_PAYMENT
9dc33d41-0434-46c3-a64d-cc1d16f28319,981170c1-d8d2-460e-a14d-c588c35ea18a,1938152.88,1938188.305985116,AMOUNT_MISMATCH
a1aa19f0-a26c-4d5a-b426-17e7fbc1085b,9b3b5b4c-ff2a-40c0-9ab3-83c9e88188c3,5553440.82,7404587.765349398,PARTIAL_PAYMENT
ddefb7bb-9450-44c8-bc1b-b61aa36d4d54,77d468ea-e0bd-4765-96d4-4952ee29e80e,5004193.8,5004209.940277107,AMOUNT_MISMATCH
f406d6e0-3301-4b08-bb48-7db6460f01a5,3f042c7b-13ab-4d2c-aba0-330c6a9a6f4b,191209.46,254945.9474438096,PARTIAL_PAYMENT
6de77482-620f-4af4-9b77-ba461b88fe69,bbfc5dc1-fff4-46b9-bb46-8c13f28a030b,4008174.8,4008192.451939797,AMOUNT_MISMATCH
e5dc6ce5-5fbb-4fd7-9a58-abba91303877,0c767092-dcff-47b6-b61c-2373211b20eb,1516975.51,1516976.8083656777,AMOUNT_MISMATCH
53ae1065-99f7-4c76-abcf-d03f73e9b99b,3fa7c199-d76f-4813-8ce7-94d7e724b119,523034.56,523078.1817281676,AMOUNT_MISMATCH
5887f3d2-c0f1-4a3a-9133-577b46510173,4c32a0a2-b452-4738-a073-09de6a8f7654,963619.13,1284825.5125813314,PARTIAL_PAYMENT
9e33bdbc-f00d-4a65-9fb8-4f18d7d3ce21,ac648459-df22-467d-8262-a48c9aa33580,2425895.35,4851790.694200761,PARTIAL_PAYMENT
95899035-c0c6-43ff-a5e3-6ccddca524f2,6f8fd55c-3de5-4ee2-a655-596c2528d32d,2902989.23,2903017.97760373,AMOUNT_MISMATCH
7a59697d-93f0-40c7-bd92-f1cb87101172,76a30eb0-c50c-41f4-8d08-f416160a3a13,9349188.79,9349209.427142307,AMOUNT_MISMATCH
8efadaa1-5a5e-47eb-9532-0177b61d170a,0506536c-78b3-442a-bc2c-0791f6bffaa9,6980332.37,6980340.324501891,AMOUNT_MISMATCH
82077e01-6e4c-4501-808f-8cb9659d12db,f0f24933-d544-479b-aab7-6840f5b5ac71,2255136.38,2255168.4075593376,AMOUNT_MISMATCH
bb647511-61ec-4f07-a60c-13290c941263,297a8503-d833-43c3-b88f-a199ccbcbf4b,888542.52,888545.0161998969,AMOUNT_MISMATCH
59ccc94a-bc1c-460d-bd9c-03c773deaa56,2bd7d038-8149-4b7a-8968-fdf25760c094,3648547.4,7297094.80030445,PARTIAL_PAYMENT
f1fcfc36-6ad3-4c40-96d2-6487641a4b74,dfa0bc17-8db9-49af-b366-ffd1ae4d8a19,6672906.64,6672944.204850054,AMOUNT_MISMATCH
aa52cdf3-8082-40ee-9be8-1d7ac90703e8,c62f3461-d50c-457e-bdc8-719c4239850b,1969088.17,1969099.7094503543,AMOUNT_MISMATCH
325cba4e-bba9-4ec4-bef4-3c9c2484557f,5f7b8b00-d772-4330-8f58-9a93bb63721d,4006925.04,5342566.715725027,PARTIAL_PAYMENT
62e0adf7-a315-4bbb-adb2-31a2cfcc2abd,0155aa51-bca2-4581-928b-1e4b4c472ded,2858647.99,3811530.653129553,PARTIAL_PAYMENT
191f9e05-e777-4701-b787-3461662c4f00,ce2de105-3c70-4fca-bba2-a5f156c76990,24003.03,24024.60010767502,AMOUNT_MISMATCH
4c1e172a-15e9-4ee4-8e14-39774d126ab1,53edc74f-1af0-46df-bf64-e5eebccd9b8c,4841727.42,4841745.118681391,AMOUNT_MISMATCH
8bbb8f3f-760e-46aa-a0d9-80baed57a5c8,c74f054f-d2a5-4216-b14b-4d3695162359,2691035.09,5382070.176424478,PARTIAL_PAYMENT
b39a442b-0d92-4c7e-b78a-2037bd46ebd5,6bf843df-96f1-4d54-88a6-a0052463463c,2607469.14,5214938.271634479,PARTIAL_PAYMENT
5b9559d0-2887-4d02-bb54-35ba0255b13b,416c0562-2ec3-4411-a4df-6dcc490ccf97,8835622.54,8835641.671998588,AMOUNT_MISMATCH
63fff4b5-866a-4c09-b4cb-22f4e70d8d07,5346405c-f60c-4dd3-9d4e-42f20f14f86c,5884461.78,7845949.039696333,PARTIAL_PAYMENT
ed6ae39f-b560-4484-9377-49f62e2d0681,10c1de9c-6836-49ce-8d99-57fa76feacd6,572171.8,572208.1602613849,AMOUNT_MISMATCH
d4736d37-9e12-47cf-95a1-5905591cc4b6,8e014eb3-c352-4ba4-bf0e-924b19fc8579,1816437.62,2421916.831742848,PARTIAL_PAYMENT
078aa79e-d736-4320-a19c-7caf9b45c430,d6e8aad3-403a-423a-990d-dc7345f72e6c,2477907.97,4955815.934523906,PARTIAL_PAYMENT
cf052461-874d-44a6-9057-ab856f1ec0de,b99e6f7b-23c0-4eb1-949b-862d1f7b6b19,812587.85,3250351.393504445,PARTIAL_PAYMENT
3dcc4915-934a-45d9-88cf-ffa2132497ee,63021daa-5ba3-449c-99ef-827fd3d4ddd3,5866471.51,5866510.566972478,AMOUNT_MISMATCH
b2908892-8bc2-446d-8e80-7f039e5f8378,efadf069-5ed7-41a6-b673-04951ff0864c,2241265.74,2988354.3154517543,PARTIAL_PAYMENT
c8594dfb-6d73-4d1d-9da1-497a6f1f9af1,0f7c59ad-0b48-4935-8c09-de64233e84ac,2197794.2,8791176.80930962,PARTIAL_PAYMENT
635b36bd-8da4-4fbe-9bf5-3332ceb18cd3,835c3541-6f93-4e2a-95a3-40d94fc9663f,2931672.33,2931701.143630197,AMOUNT_MISMATCH
3cfc7050-ecb6-47a2-be1b-e3e9bee1dc65,9620ed14-8486-4704-8211-a6caf863af2d,6750435.85,9000581.133865109,PARTIAL_PAYMENT
650495b5-9232-48bf-9668-85304bbb2e9a,c9070c97-3385-4b3b-a893-786da3fb6609,9234763.48,9234768.637331031,AMOUNT_MISMATCH
99bf88ed-0b73-4040-b7e3-c6158a5a5d57,d4d9a0ae-055f-48d1-99e7-9a3de9204a24,4037632.32,4037635.899626288,AMOUNT_MISMATCH
e037e953-6d2d-4cb9-a452-b5591246d2a5,cc8cc291-fa23-48bc-86e4-abacf0effa1e,6685567.11,8914089.475997055,PARTIAL_PAYMENT
bdf68eb0-c7e7-4797-b73c-91ca82c3892b,53e2e047-2608-4b53-8a22-6cfe4b4f8f74,4960501.45,4960510.163052878,AMOUNT_MISMATCH
a740a142-5cbf-4ee6-aa25-8d831391d18a,3aeceaf8-5a00-40f2-84d1-6f5e71cb19b3,1258416.94,1258448.211601735,AMOUNT_MISMATCH
e65e0ac3-32b6-4533-85cc-0fb0e1a62208,5c387c2a-1243-4838-9e5b-c68b193156f5,4744279.18,6325705.573140546,PARTIAL_PAYMENT
82380358-2d3d-4b8a-b047-3d9d520826b8,5acb287d-d594-4c84-a8aa-454ecf76770a,6624472.74,8832630.320892092,PARTIAL_PAYMENT
0c5c9940-5753-4534-be48-7b1c4c1f088f,89a06a99-b0c5-43d5-8755-2c99c34995ff,1552886.76,6211547.056492115,PARTIAL_PAYMENT
2d98f251-b5c1-4027-b563-559e9c78bade,1f08f855-8d85-4df1-8309-4f28fe0d40b4,9542955.24,9542989.255675193,AMOUNT_MISMATCH
2d1b143e-1da6-436d-acc3-f8aaa9943d14,23e7cd20-700e-4842-b334-685db6ad478c,4233574.45,4233588.781483578,AMOUNT_MISMATCH
e3caa0c4-3711-42b7-81ea-b1da4496a883,70cef646-274b-4b98-85f3-dc5aad68fb45,2656701.38,2656734.806512733,AMOUNT_MISMATCH
d8718196-093c-4582-837d-f82ef0a4be8a,3677f5b4-63a1-4caa-8311-362650f51e97,4473418.06,4473442.857978287,AMOUNT_MISMATCH
0ad33361-7c22-4735-8a95-7c2e65df39cb,0b3f953a-5e75-488f-9fb8-86b2a662cb92,4017206.97,8034413.932800692,PARTIAL_PAYMENT
5f6bbc54-f392-460b-a4c5-ee2dba41348a,71980a55-f224-464c-bd11-b3ff991b749e,4518225.83,9036451.650736617,PARTIAL_PAYMENT
24ce3160-551a-4dcd-8f84-2010a48fc1f1,3aa06694-0610-442d-8024-1ac149d83188,1168565.54,4674262.165939824,PARTIAL_PAYMENT
4bf7e012-025e-4446-a63f-730d6b0bb457,daa282b4-6d69-488c-a1a4-b230c30dcc74,5304538.97,5304561.626212596,AMOUNT_MISMATCH
5e05b8b1-4e45-4736-bab4-eb77959fb841,7a4c38ef-3e0a-466d-bf2d-bf97bc547d54,4543424.19,9086848.38390855,PARTIAL_PAYMENT
bb0c686a-1a5c-4752-a705-1d9697b732b3,ae5a5f99-f1bb-4d9b-b499-bb6b9afdd464,4475487.65,4475502.0351054575,AMOUNT_MISMATCH
ceab2f76-f776-44e8-86f9-09649ad28c4a,f9619ae2-960e-4c1a-b4c0-fd1865cd7fd1,1281438.19,2562876.385723674,PARTIAL_PAYMENT
dfe6b589-79b8-423d-aa31-89ba24b17e45,695f34ff-bbe3-4fd2-8ed7-b3f3960952eb,3722576.81,3722614.797108111,AMOUNT_MISMATCH
708f75a1-cea6-49bc-82ff-1dad2310c9fb,c6d53a90-9296-4e08-a2dc-b5741bf962a5,1650524.41,3301048.8218749934,PARTIAL_PAYMENT
4d747649-53bc-40e0-b8c0-9d8baa3319bc,44de950f-2488-4ee3-9071-3f73582a2099,1204580.95,2409161.8950086394,PARTIAL_PAYMENT
6fef2c5d-d702-4edd-a494-0bbdb61ae1b0,32b1792b-2263-460a-b43c-6fef2fb7e9bd,6156805.55,6156812.12894708,AMOUNT_MISMATCH
0679c4f2-2d92-48a4-9922-5b53a6ef8273,cf265489-2ec7-4a83-bffa-7a4f0f1972db,3997119.04,7994238.07618846,PARTIAL_PAYMENT
adb5d5e6-7b88-44ef-967f-309699d75477,27177e59-5548-4613-8f69-ef2dfb2c2c83,2907877.36,2907899.434103528,AMOUNT_MISMATCH
edd24200-f884-495d-8a45-e44d4cd82847,cf7798cc-ef36-4eb1-bb8f-7b2bd91b1cb6,4678097.41,6237463.215469132,PARTIAL_PAYMENT
caf91924-4f2c-4cfd-9724-5dacf8673a5b,8c4a62ba-db33-4860-b37b-db9931f18f8b,2281180.97,9124723.885611849,PARTIAL_PAYMENT
12581998-88bb-45bb-a4d3-609098d0fc61,3eb862c6-676c-469f-b8f9-1075a08145d2,4832073.37,4832088.24621674,AMOUNT_MISMATCH
02f77979-7466-4319-afb1-44b5624d2ff7,d64f10b5-84d6-4400-905d-d35c7d127b6b,3532903.03,3532937.2835595245,AMOUNT_MISMATCH
4b11c181-2dc1-4143-8469-8c048af190cb,35b80aae-82b6-4c8e-89c8-18d79b2e18c0,3219795.8,6439591.590295509,PARTIAL_PAYMENT
1397df7e-0a67-4292-b55a-fc3d91ae757c,b1cbc263-f0b0-4729-ace3-4d67ad30c94b,7432156.41,7432181.255058553,AMOUNT_MISMATCH
310f8eb5-cb2c-4e21-9dce-0e8cf714bab7,1c285022-880e-4ddd-9fe7-2d214526ed62,9780203.65,9780237.33809206,AMOUNT_MISMATCH
914ba9bb-60f9-4495-a486-07c22059ad46,,2678575.4984327084,,UNMATCHED_BANK_CREDIT
440b71a6-fba1-4732-aa4d-5bb8f5aed2e9,,6661347.397584914,,UNMATCHED_BANK_CREDIT
c86022c4-b4da-4f04-b951-0a4532cb28ba,,2888632.4957894483,,UNMATCHED_BANK_CREDIT
4824faf3-f4b2-4643-b4da-fcc81a0b6310,,155386.7104295112,,UNMATCHED_BANK_CREDIT
6276ee87-3ae8-48f8-9247-8bb2894539ec,,7336027.3616482,,UNMATCHED_BANK_CREDIT
06103d84-2672-420c-866a-5821ceb7f2d6,,673910.0579896589,,UNMATCHED_BANK_CREDIT
5acd1e90-6fd1-434e-b25a-4809f730e52e,,2884821.463428853,,UNMATCHED_BANK_CREDIT
adfc1dc4-f8c4-4f7a-b0ef-cbd3f3cef8b7,,8256720.6101747155,,UNMATCHED_BANK_CREDIT
64b078a7-a4f9-467f-9dc3-bbee31523136,,9143118.696803996,,UNMATCHED_BANK_CREDIT
ec1f0155-6662-4bd2-b243-b5c6833d7595,,5277714.819407385,,UNMATCHED_BANK_CREDIT
1f4f4a0f-507f-4c32-878e-4415252151f9,,4849655.0389214,,UNMATCHED_BANK_CREDIT
cfff0d34-caa8-4f13-9cdd-39a7b01ba134,,3233934.282737708,,UNMATCHED_BANK_CREDIT
1c6fec01-f57f-4bba-bfba-cf5fa576db48,,8140803.66618611,,UNMATCHED_BANK_CREDIT
4e4a516f-7d05-455b-8d9e-13281f997c80,,200950.47263672628,,UNMATCHED_BANK_CREDIT
01b4cdfc-31f4-46ea-8c8a-bd6989b4db80,,935164.874478184,,UNMATCHED_BANK_CREDIT
c474e1c0-0f16-4af8-bb80-8449c2b579c2,,5929564.746605686,,UNMATCHED_BANK_CREDIT
ba68f429-49af-4000-9c83-cfae10501d65,,7705715.644641698,,UNMATCHED_BANK_CREDIT
98610b0b-a280-460f-abb7-3dac96818aed,,5772594.876773723,,UNMATCHED_BANK_CREDIT
79c11c4a-6398-47e5-8a9c-fc8d5429179b,,7977129.375141768,,UNMATCHED_BANK_CREDIT
d297cb66-58ab-466f-91d4-1c6a57314c46,,9406079.112522343,,UNMATCHED_BANK_CREDIT
141fb001-f7bc-4c14-9241-9671da2fc99b,,6701590.979055836,,UNMATCHED_BANK_CREDIT
fc257ff1-8fb3-4b07-bc8d-c9d0a1a262d0,,3336730.8896499933,,UNMATCHED_BANK_CREDIT
bf7da45e-3522-4344-9545-847858658721,,5981024.922669174,,UNMATCHED_BANK_CREDIT
7395734b-50b9-4f30-8038-32d04ab4ea29,,6511585.561409969,,UNMATCHED_BANK_CREDIT
27e9184f-0791-4b35-b7a6-3918acac1f3b,,9141164.777400786,,UNMATCHED_BANK_CREDIT
9fcfd711-2aaf-4966-95be-6c8a9ff7007b,,8899439.894328458,,UNMATCHED_BANK_CREDIT
6a5731f7-6e78-4d59-909c-ca675a042fb0,,6789299.908466182,,UNMATCHED_BANK_CREDIT
be7a3168-8e72-417c-88ac-dcf8f92dedcd,,1665706.3211590296,,UNMATCHED_BANK_CREDIT
6012a24e-3c16-4418-bd5b-af207da23e1b,,3878862.9052611766,,UNMATCHED_BANK_CREDIT
1f9d4db1-d983-4adf-b2e5-cecf9b6c5494,,2909032.929751404,,UNMATCHED_BANK_CREDIT
4a12c64f-921c-4875-9c52-6dd1fdfc4a9d,,11806.0,,UNMATCHED_BANK_CREDIT
bc059dfb-fc00-414b-870b-db6ec451e562,,26387.0,,UNMATCHED_BANK_CREDIT
37bea260-c053-4253-9a1e-490d6894844f,,27505.0,,UNMATCHED_BANK_CREDIT
5cf90400-c53f-477f-91c4-6d6e4764a956,,41405.0,,UNMATCHED_BANK_CREDIT
f5d23fc6-afd5-4018-a27f-7dc7aa0b46ea,,41592.0,,UNMATCHED_BANK_CREDIT
64657945-8852-487c-891e-daa2809709fa,,14852.0,,UNMATCHED_BANK_CREDIT
4949ded7-76c3-4071-81bf-7df87ead63bc,,29555.0,,UNMATCHED_BANK_CREDIT
6669f679-2d78-404b-9f93-55acec8566f0,,19001.0,,UNMATCHED_BANK_CREDIT
c34fb3a9-5584-4e58-9472-1e33885cc793,,30510.0,,UNMATCHED_BANK_CREDIT
6223733d-192b-43bc-a843-8f65aef0244b,,38121.0,,UNMATCHED_BANK_CREDIT
305a1bef-6909-43c4-ab13-b71df96846e7,,41808.0,,UNMATCHED_BANK_CREDIT
9c15b25e-2379-450a-b964-afe69e6ea7d7,,40727.0,,UNMATCHED_BANK_CREDIT
9211d6cc-997d-4ca9-949c-0766ffb88ef4,,48082.0,,UNMATCHED_BANK_CREDIT
9c1cac23-5334-47f7-85d8-6c95f20b9199,,16480.0,,UNMATCHED_BANK_CREDIT
af326af5-78cf-436a-a020-72d991be0c2a,,6061.0,,UNMATCHED_BANK_CREDIT
,,,,MISSING_SETTLEMENT
,,,,MISSING_SETTLEMENT
,,,,MISSING_SETTLEMENT
,,,,MISSING_SETTLEMENT
,,,,MISSING_SETTLEMENT
,,,,MISSING_SETTLEMENT
,,,,MISSING_SETTLEMENT
,,,,MISSING_SETTLEMENT
,,,,MISSING_SETTLEMENT
,,,,MISSING_SETTLEMENT
,,,,MISSING_SETTLEMENT
,,,,MISSING_SETTLEMENT
,,,,MISSING_SETTLEMENT
,,,,MISSING_SETTLEMENT
,,,,MISSING_SETTLEMENT
,,,,MISSING_SETTLEMENT
,,,,MISSING_SETTLEMENT
,,,,MISSING_SETTLEMENT
,,,,MISSING_SETTLEMENT
,,,,MISSING_SETTLEMENT
,,,,MISSING_SETTLEMENT
,,,,MISSING_SETTLEMENT
,,,,MISSING_SETTLEMENT
,,,,MISSING_SETTLEMENT
,,,,MISSING_SETTLEMENT
,,,,MISSING_SETTLEMENT
,,,,MISSING_SETTLEMENT
,,,,MISSING_SETTLEMENT
,,,,MISSING_SETTLEMENT
,,,,MISSING_SETTLEMENT
,,,,MISSING_SETTLEMENT
,,,,MISSING_SETTLEMENT
,,,,MISSING_SETTLEMENT
,,,,MISSING_SETTLEMENT
,,,,MISSING_SETTLEMENT
,,,,MISSING_SETTLEMENT
,,,,MISSING_SETTLEMENT
,,,,MISSING_SETTLEMENT
,,,,MISSING_SETTLEMENT
,,,,MISSING_SETTLEMENT
,,,,MISSING_SETTLEMENT
,,,,MISSING_SETTLEMENT
,,,,MISSING_SETTLEMENT
,,,,MISSING_SETTLEMENT
,,,,MISSING_SETTLEMENT
,,,,MISSING_SETTLEMENT
,,,,MISSING_SETTLEMENT
,,,,MISSING_SETTLEMENT
,,,,MISSING_SETTLEMENT
,,,,MISSING_SETTLEMENT
