payment_id,order_id,payment_amount,time
bdd640fb-0667-4ad1-9c80-317fa3b1799d,23b8c1e9-3924-46de-beb1-3b9046685257,1719593,2026-07-31 19:11:04
0822e8f3-6c03-4199-972a-846916419f82,3b8faa18-37f8-488b-97fc-695a07a0ca6e,8478464,2026-08-22 19:13:16
b74d0fb1-32e7-4629-8fad-c1a606cb0fb3,6b65a6a4-8b81-48f6-b38a-088ca65ed389,3698389,2026-06-24 10:55:54
de8a774b-cf36-458b-8737-819096da1dac,28df6ec4-ce4a-4bbd-8241-330b01a9e71f,7090303,2026-05-13 03:21:52
f50bea63-371e-4d7b-a7cd-813047229389,17be3111-1a2a-43ed-962b-0f79c37459ee,6374132,2026-02-07 13:27:43
9a8dca03-580d-4b71-98f5-64135be6128e,bacfb3d0-0b1f-4163-8e9f-f57f43b7a3a6,7707880,2026-07-28 06:00:29
60e7a113-ec1b-4ca1-b91e-1d4c1ff49b78,d453dd32-4b0d-4b41-8d52-88f1142c3fe8,6067238,2026-08-13 05:18:43
0bbb2599-11ce-4dd2-b45e-d1f03139d32c,4a15544d-c5e7-4e8a-ba57-8a8ea9488d99,1338697,2026-04-01 09:46:05
47294739-614f-43d7-99db-3ad0ddd1dfb2,5d65a441-d588-42de-a2bc-372f7412b293,2728892,2026-05-24 18:20:12
4458a885-ab90-49a4-b5a2-40ae5af30553,a5e5a5ab-aefc-4ad8-afc8-9849b3aa7efe,1197945,2026-08-25 13:30:44
baa80dd4-88bd-4407-abcf-be01a28defe3,6123fdf7-7656-4f72-a9d4-beef3eabedcb,4528982,2026-08-05 07:08:52
d7c524a5-5304-417f-af42-e12f3838b326,3aa2e4f9-0e51-430d-86a7-ee39c4b032cc,538562,2026-05-03 12:14:07
3602f8ac-10f1-4c81-848a-aa9e66b2bc5b,e059a0ee-9132-463e-b162-87e4e9c349e0,5279428,2026-03-24 13:49:22
e27a984d-6548-41d0-bfcd-9eb1a7cad415,24933b83-7577-40a9-a491-f0b2ea1fca65,4443961,2026-02-24 05:26:56
89fa6a68-8fb5-427b-beb7-99193f22faf8,6dadd6c7-95a7-4d79-bf3c-4c06434308bc,9790067,2026-06-05 02:40:57
ff5e9ff0-ff50-4de4-b825-67b85cabcc97,1745d6d8-7e57-4ddf-8270-50a82369b584,790491,2026-02-12 14:00:14
cac5b68c-28f4-4481-a0a0-4dc427209bdf,10435a10-98ae-4334-ac12-ace8ae340454,6455334,2026-05-29 04:56:58
877409a9-77d2-4e02-bf01-cf99988c24c9,dc5c0eed-8da0-465b-b898-97b9405cacec,192629,2026-02-14 11:41:58
c0398710-8976-4334-a281-7efdae849217,5715bd6f-a416-4293-84c2-e2e3444ea7c8,1871544,2026-04-24 23:37:10
00d4af59-7427-4ca3-a87d-06ca6f4cc69a,b83cfe0b-e037-45ed-b8db-0672f42d47cc,4418944,2026-07-14 09:48:02
e9a1fa6f-81f7-4d1c-adbc-2134c30ff46e,4c66e0a8-a013-4c6e-9eda-4e161b3dbd5c,8517179,2026-08-25 12:00:49
c333e861-5fb8-416c-a720-797d32ebd689,c754108f-f418-4f3f-8a14-be62295b4715,8897868,2026-01-01 05:19:49
04fc6d82-7d15-4385-92fb-e43b99546eb4,e0f3eab0-5cec-4eb5-add9-68311ca35cfb,5159240,2026-04-03 23:51:26
913e4de2-e0c5-4cb8-bda9-c2a90ed42f1a,bb5e4bcf-15ed-4269-9429-6c07f26b4776,8153576,2026-01-27 21:06:26
c40db9b4-885f-4e66-82b6-d2c5fa5d3100,79ac1b1e-a8e5-4e0c-a0de-435d2031d750,9224183,2026-03-06 03:05:41
9b49bd26-df57-459a-8715-a10343dac043,edcd465e-3638-4821-b6e0-7cc06c52c49f,9047896,2026-03-20 02:51:49
fec21bbe-6624-4bfa-8fcc-a39ab683d2e6,702753a1-5f98-4c71-a65e-688eabf3ad39,8683491,2026-06-25 08:09:21
1064005c-3985-43cf-bf76-be1d1efa2197,8dcdcd03-969b-4662-8562-8059568cc69b,3860694,2026-08-17 12:39:33
b535106e-122c-4a56-81d7-425638602ab6,114125c6-3a9b-4dd4-8f12-59e0a18ff6b6,527031,2026-05-09 07:49:00
474a493b-3ced-4f2d-839f-bc501223b513,8a0b3c33-36d8-493a-bc44-1fe7ab4220a7,2219834,2026-08-10 18:30:26
c8dcd19f-3e35-4128-b900-f7f993829b43,30beb45f-6835-44f2-8eb8-1f9d7914c120,1582534,2026-02-07 15:27:38
6c6fa611-5ab3-4edf-ae59-5ed3a8b317fa,baa4b71a-dd24-47ac-b78e-edb3693dffbc,908851,2026-02-08 05:19:15
56dc8907-ba6c-44ab-a712-303a0f844fef,3fa7f104-1bf9-4e27-9c96-925eccf3a171,3214358,2026-03-15 20:52:31
6c006f61-23e2-4cb4-b2d8-567d894a05e4,3ff350bf-766e-4b15-874e-bc192ef91276,1264758,2026-06-22 02:16:40
8ce21ea3-db20-456e-9c81-5fe7ceda8bbb,ffd0f9d5-a6f2-47b8-8cf3-5b5819108be5,9069570,2026-01-06 17:33:11
c0e9ab30-ed26-42e9-97e0-11b7f8102383,680ac07a-2a93-4d62-bc83-5dc0d9441fa5,8147716,2026-07-06 22:35:08
e7067ef4-66aa-4385-9d59-ba7136b82481,008d4127-6104-41e3-aa25-a8880f02bad0,6550200,2026-04-13 23:52:17
747b6dba-c8fe-4ccd-88b8-d9c6ed3049cf,f512c4c3-b253-4218-ac4a-37ea490617f2,9324255,2026-07-09 00:06:22
37bb3eec-4bf5-4b52-b09d-258c27a0c3d7,bc594585-9445-48c0-8ef8-c2d6f7fd5646,9096536,2026-01-24 16:09:56
0cd620c2-0ea2-422b-9048-67babf7b539b,eb5cf467-80ba-4d64-ba0e-cfea958ca9ba,8910827,2026-03-03 03:22:45
14822f53-8201-4c62-b5f5-9b220e8fa8e0,98543881-118a-4d29-af92-3996d9f195d0,1140204,2026-04-02 08:15:33
e3e9de99-f10c-418b-9eb0-e38a675dd5af,98326856-9434-4a03-bf07-f81491d63f78,666764,2026-08-29 13:03:14
956b8c0c-a849-4b92-ab52-52e314fcdd54,ef48e8d5-50fd-4d3f-85d5-169590b2b633,4374932,2026-03-21 07:50:01
3d1a85dd-506e-4a9a-b758-588dab73295b,abf3e3fc-2181-4d25-a552-38a643ff5011,5033125,2026-06-27 13:38:30
ef8c485b-c07a-40f2-add4-253b50f0fd0a,9f044aed-7552-4327-8262-7f7312922f83,9445475,2026-02-08 19:53:34
8181a8cc-3691-47eb-89a2-688b12c136e0,5958a499-eeea-463e-a1e8-ac6843e42caf,1154136,2026-04-05 20:53:44
702cdd20-2862-48b8-88f4-ef125e9953d2,4d71c366-b41b-4143-8b10-550cd5704f32,8874162,2026-01-04 00:54:59
4ca415ea-8dfa-4a56-912d-bc9aaaf91531,f05db76e-1a84-451a-a9d3-d7c7ee87905e,2253041,2026-04-13 17:00:03
be0f051b-1b66-45a9-a3c4-36571d8cbbac,48212ddb-45b8-4cd9-a7cb-6f2a8da01097,3533789,2026-05-14 03:52:33
da587e8a-a25d-4b29-afff-cfd2341ef40b,40497b71-7d10-4c60-8162-7cf1439472e6,852274,2026-02-05 20:17:02
46d483f3-d450-481c-ac6f-7633a2607723,c56811cd-5563-4616-80e8-5ece0b49452d,2194799,2026-04-12 17:36:00
8d3aed99-711c-41c9-bdc1-4f1f295d6fbf,0279b6a6-8f97-47b0-ad7c-e3c9b4a69f3c,1876942,2026-01-30 05:19:24
e767dcea-b0e6-4969-a213-42b0f1eedba3,d5a804eb-0939-43de-8bab-ce3b26286bfb,6194426,2026-08-15 05:22:57
20a04502-6e06-4097-a5e9-79778d7248e2,e623a689-5d59-4d2a-8eea-04e70ab54bde,669334,2026-05-19 23:01:25
aabc25fa-3fe1-4e47-ae9b-ec3635c7936c,8f5486b7-c7b5-42bc-9a8a-aeca1a50aec3,6817891,2026-08-30 00:59:04
ee0caeb5-ecfe-4b99-a790-cebdbfddc3d9,f9e8a369-2999-4735-9d56-cc943c9ad14c,2970455,2026-06-10 02:51:44
ecab3301-bc8f-4d29-adea-94930658663a,696608aa-ee49-4329-884a-7b28550a1b46,4163565,2026-04-14 14:48:34
1bac27a7-b386-47a4-8991-603f28c13091,dbccc477-09e9-4b0a-9f46-529061ee411a,7896878,2026-03-28 09:13:57
75d66ed4-eb1f-49f2-910b-d1d033173470,cb9bc326-d20e-4c17-8e20-fd1a598336e3,3818428,2026-03-28 13:47:53
6601ddd0-3170-4437-a8f7-ef5a060edf5b,11c58ef0-dd46-4c09-8752-87aa5408f9ac,4682950,2026-05-17 08:55:08
adf4e62d-6651-429e-8268-690ba43825b5,54c63cd8-8945-4f27-97fa-2d8dfb2ca025,463070,2026-02-14 19:03:46
2db69edb-42de-4fcc-b86c-2ca2e08596db,43f59a85-fbc9-487a-b668-a61794a1875d,641859,2026-02-12 02:23:05
ba81edd9-587e-4344-af3f-920c98b8e4cc,9b3080d5-6fb7-4271-904d-281fc9535b63,8580265,2026-02-14 21:53:48
30a900ad-939b-462d-a645-f129629c2ae3,6fa17735-b572-43d0-8b5c-ea6a41357e8c,28384,2026-07-21 22:00:31
afd5dea5-89d7-4d6c-8e77-7f00ecf27e76,bcae8081-bdf0-40aa-b0b5-156bb82c9074,3305710,2026-05-22 10:47:24
aa0b7b14-f2e9-402d-91e9-cdaa6e6981a3,505cc686-9f87-4ce7-9487-fd4febb7a385,2090875,2026-04-27 15:12:23
688c7015-aab9-4e49-8f2d-479681d2c7de,4bb00f20-b27c-4026-a703-b6365380b904,9301507,2026-02-19 10:24:29
f0bbac67-aa38-40a1-aba2-5efe311c6eb6,e71e43a6-bf85-4f0e-ad64-b56c610faa3f,2919704,2026-08-28 01:00:53
8c459ce2-67f4-4ad5-8d0b-0d1a91b0e1d9,49732d6c-4dca-4fb7-801a-9a8bd56f0350,3526290,2026-06-16 22:50:52
a79ac9aa-9b4e-4c24-9479-e1e6c9277d9b,71316269-7118-4364-b709-7749527eecfa,3585324,2026-07-18 12:29:13
f5b78cc7-e6b3-4944-8b32-3e357922bac2,a8aa7158-2b70-4525-bc67-f831cbc84759,1422643,2026-04-21 05:04:51
9e87e04c-a208-4977-a9f2-533683f4a9a9,f3b63fe1-d184-4324-97e8-392a55cee5db,3940451,2026-05-01 13:19:08
25b8fd4b-32fa-4de8-8e7a-e7f639820cff,fbe33b24-3eae-4032-8bd4-a9900640be0f,7971475,2026-08-26 09:29:10
74962764-12a4-4ef0-84bb-b7a9d98868dd,935f2b0a-a138-4ddc-a2d9-de5d6a18ce4c,3262091,2026-05-30 02:56:19
25c73c44-3e75-43b4-a64f-a6637e8f8095,e4855aa1-016b-4287-b008-05cca7f36ae9,1788248,2026-06-15 02:38:59
f53d4330-cdda-44ba-ad06-e8cf3805f907,0cdb1ca4-76ec-4dd6-8498-e113b227462c,9351727,2026-04-07 18:41:46
74daaebf-1f11-4b76-992c-9227eadf5085,aae65fc1-76f2-4bfe-8d29-a36f222282e1,8910924,2026-08-06 01:33:40
c1581092-f335-4ba3-913a-7052986f9025,d0a44432-9cd6-4852-b14c-7df4e4347d51,8468782,2026-06-15 17:30:43
722764e6-8c41-461b-a827-a1b9d4a02e53,dc8aee30-be60-43f7-a8be-9288e5af6e39,7963725,2026-06-24 18:57:15
d701410d-3f4b-4a70-8074-718e425a609f,c715b2b9-c40c-4d91-86fd-e062a33dc7af,8745969,2026-07-08 04:46:17
709b7d97-464c-44af-bd3f-3799a07295e9,3c07c574-4925-4af1-b6aa-e05b13d5f2f7,4558633,2026-05-11 10:19:33
14a0bccb-8a47-4a87-a49d-681d51d87c64,620e99d3-3b33-43d8-a69c-d696236c7b87,2563656,2026-03-25 02:11:07
54b4a482-6858-4eba-aa34-c85410714d51,0ff0a55c-6a70-4e2f-b746-d0ba8ae8905b,3470115,2026-06-13 04:01:17
95863a76-c511-45ff-a7a3-7e8163b4c08b,db52ca58-0500-4bc6-b20d-cb6ef2311f17,9658491,2026-05-28 17:24:29
5a0cdd7c-f157-4470-8182-67c47a1b5806,da7b9095-63d6-4a39-80e3-befd4c71e0fe,7030020,2026-07-29 00:34:45
ccc42903-8bcf-43a1-bc10-fa52bf5d2fdf,7cfc9b79-3875-494c-a5d6-f6e69a6ec2f5,3681294,2026-04-16 23:56:29
638c254c-076e-4bba-bc53-08bf6f92f25e,cc530e36-addc-4e13-ab3b-4d37560c95ee,6783318,2026-03-06 02:19:42
20ac3703-eb67-446a-b7a6-e17cd72b6108,06e745f9-88bc-439c-9f4c-3b79fb10987f,6610572,2026-08-18 20:50:25
157d94a1-06f0-48ff-a9ba-5a27907bfe36,dde9f863-22bd-4388-adb9-9102a48b3dbe,7746024,2026-03-12 13:50:14
53cd6268-610c-4373-8299-9aa40cdf742b,56666f9f-53ac-4ab9-b467-2cd9362f5e5c,6360692,2026-04-19 01:32:22
6bebac31-d4f8-4d72-b382-1cfdc083b73a,78660765-14f7-4e8d-95bc-b8d04094dded,325207,2026-07-29 11:44:59
59970043-f3b1-425b-bff9-f5850d557b61,c7fee39f-1190-4938-a66f-d7f739669fa7,675429,2026-01-13 01:13:13
d6d7b3b8-3309-4d35-bf4d-f561f319c125,3d114802-2702-478b-9f0f-da8d05379ff6,2117646,2026-07-03 21:54:32
f2a03459-9060-4f62-9d48-a071ab61a7b1,41992fdf-b310-42f0-b70c-779837cc863b,6189044,2026-03-07 03:54:29
bf780e3f-f6b7-41f7-9b74-92459b1bc895,d1bdb8c0-c71d-4e60-9d52-06abb7e6427c,2747544,2026-05-01 19:05:34
edcb8cb6-0692-4c63-9424-aed51bac5c15,e87466d7-ad66-41bd-9367-6a024fdc6e1b,6296615,2026-06-04 01:05:14
13748146-32c5-4d89-b70b-3420f1043785,a092f52a-d4a0-47a7-b0cc-1b3b9793b9b4,4074346,2026-02-09 13:47:20
d9acd158-4d34-45c5-85c1-4eb4b27b3d90,1efd76e9-ce37-44af-99b4-9350af2b99b4,9494782,2026-01-16 22:47:31
a9597663-6daa-4e68-8861-fe1858e25888,a5c5650c-8186-4576-91a7-26095eddbbbf,5724919,2026-01-05 21:55:35
7d7ddbed-d284-476c-ab88-f83dd97dc9cd,5cb85aed-f5f6-4c97-aefb-63b11b049863,7713156,2026-03-01 09:58:51
859131d2-bbda-4242-ad17-4fc96f7c15ea,9dac6e83-4524-4ea6-a684-6099f7294951,9029053,2026-07-07 18:31:24
bb2488a3-d363-47b6-af81-cf4f7701f7bb,da09dfa0-5282-4d80-84b5-91f797ac6aa8,4118735,2026-02-03 15:45:24
3e6dd58b-7367-428d-a1b2-94de4767d76c,9c3eb2d5-91e1-4a96-b6f7-2255c01f36bf,6358395,2026-05-11 15:26:37
533420e6-d9d8-4b8d-be8a-dee70758e201,5ad5cf06-364d-4c87-bcd0-129d2e8d0e87,4334444,2026-05-13 04:11:16
b380c73a-989d-4d4a-a15c-a6664797b2c9,0299436a-8e48-4223-86b9-8991e14eb70d,8667576,2026-03-16 04:46:29
680bac63-b856-4035-bdc9-829015eabb27,3d85de89-c217-4429-8e20-07247d137018,7987526,2026-07-10 14:47:11
17d2582e-046a-4df5-8afd-a61372bb912d,b118f68d-6786-4506-b8ba-8abc4b5305e5,4081993,2026-04-29 22:02:49
79279973-5e78-4fd7-94e0-d3baa9f948b2,6cedd15d-5800-4c02-87ea-7ff58db06746,9233996,2026-05-09 11:11:54
455ac762-7428-4656-b3ee-4d3b5a104129,1ee34dc4-3b04-4a8b-805b-fdc94e7ed827,3231038,2026-05-03 13:07:12
f36cb62b-892e-4161-be2d-740a1e9b23bc,3108d448-2f65-4afa-b0ae-8f08c31edbbc,3630341,2026-07-08 01:03:28
fa02eaec-96ef-4ad6-b97e-670346c8adfe,48729a4d-98c7-472a-864e-9a13c29cfc0c,1686558,2026-03-17 09:18:25
2defe193-5c62-43a2-ba3c-563e4bd6cee6,88bd13d1-b540-430e-839f-3a254d6168bd,2123719,2026-04-17 12:46:00
8da8eee4-0df5-4ac6-b96b-648a0ba6eab9,2053da42-f1af-4b65-b289-f2244ac9778d,8235587,2026-02-09 20:11:10
48ca7651-92f5-4f7b-8323-d342df6a8f93,5738811d-70c2-403f-ba8d-03aa782a65e0,3093119,2026-01-20 22:51:56
7a4c75d4-dc99-404c-b0e9-8b3b40a26c60,6694c343-10ba-48e3-9276-2bdc1d34d08e,8250148,2026-01-29 18:29:45
0db95301-afbb-411a-a123-5a8c93b7a886,90164161-cfa7-41cd-a631-d00b26d794d3,5097524,2026-02-03 01:56:36
8edddfcd-1e52-4770-bf89-7142fe716b14,989bc4da-9b37-422b-aa8a-616fc3b290d0,3786411,2026-07-22 22:43:44
715629ee-e893-4e3d-b354-ea6f61607459,fd72b050-96a9-454f-9c33-e1f94c1f55ab,7194580,2026-04-29 14:21:00
9c10c572-0f6b-40d0-9efb-a58b9191b363,f295456e-1967-4f06-bd76-7e35f5c9b047,3486112,2026-03-23 22:53:50
2834e4c0-14c8-43b4-a911-d19243bfd931,1337739e-8d4f-4d27-ac7f-0b793d67cde9,2626191,2026-01-02 00:56:22
980402a2-b07a-4066-b354-35ea68949b8d,3b4206c5-085b-45fb-8a8f-f810784c2f29,4833607,2026-04-20 19:07:34
1238d630-743b-45a2-9c0f-2fcfb3f6fe0d,43b9da13-ec85-4f37-bbc1-a987aff8754d,9895037,2026-03-18 19:48:31
398d1ca6-8b68-40b5-9d61-fac36cd5e859,44007d5a-e88d-4719-a624-2b40a5cb63a2,2386338,2026-01-28 17:35:16
4ebfa5c3-cae9-44a7-aa79-ea680f44704f,91b78d8e-d301-4989-bfbb-b17f9854ce4e,4842092,2026-06-20 13:12:24
4dd8eb85-b04d-4376-b7fc-97031fd5a423,45b1ed25-f153-4ae8-a70a-cc5cb321bf21,8396539,2026-07-29 16:59:34
9918ee46-1497-4658-b010-f7197e695d0d,bc0a6a5d-6e99-4e3e-a3b1-37fc0a3450fc,5407668,2026-08-23 11:01:08
3a9aca5e-1761-42ed-869f-14f140181c6e,dc4ad56b-d601-4237-ac9e-d156f63fce41,9650249,2026-08-17 00:22:56
c3c75611-ffe3-4a49-854f-92fff366bad4,9384ec2b-44fe-4cae-9248-a9a7ac1aa554,674985,2026-03-10 00:53:45
7135f221-a6c9-437f-84da-d06a7872bdeb,ff37d19c-2e76-428b-8735-44f9ea83bf00,9820211,2026-06-19 06:44:33
f8140102-7de1-4dfe-9072-5b5ca2814044,6889803e-5913-49d3-b852-99f4175ba98d,5591996,2026-05-05 16:28:47
292bd156-db94-4570-9ac7-0ec0ab8ddeb4,7ed70ed7-b194-490b-a961-929e546e035a,4835502,2026-06-05 12:29:07
0964fbbf-8cd3-41b0-82b0-1cfdd045dd1c,409d3602-5084-4242-968b-1625746f7891,5423644,2026-02-15 00:28:03
dd6ac7b8-6778-443b-85c5-b37af85e06a1,004b6fab-fcf5-4188-932e-6dcd83bc9478,9103219,2026-06-29 09:55:53
84b871bb-3005-48d2-8de0-51a669ca97d2,7f9d3e64-c1a6-423b-9f64-eeed5c9d927d,7416226,2026-01-21 01:03:23
218a1536-8c99-4894-845d-cc38341c6494,e17f29e1-7028-4046-89bc-473fed7bf656,8132124,2026-02-17 03:46:23
9bdf0377-a149-43c2-b920-264c0763fcd0,288b78b5-b5b4-43ca-bd42-993ccc9fd334,5213532,2026-08-02 22:11:30
17dc8eff-6872-43f9-8d60-593603802b70,e9b5c5cf-d766-4cda-be04-90593985fb62,1903571,2026-06-29 05:00:21
d50755d9-a5d0-4d53-9e12-42e3f27292b6,b77350ca-eec2-49dc-bf95-897c276aa6ce,4896634,2026-07-17 15:01:51
d5b077e0-6a5d-432b-85ff-2c83b495db4e,3e652603-78e3-454b-baf1-4ff07b85179a,7663615,2026-08-03 02:09:46
ebff8d15-30cb-4755-a232-b17a25074181,e11b868d-bf0d-473d-821c-13369970cf60,2290239,2026-01-28 02:40:37
dabac50d-ca3d-4859-85ce-099c46b82659,c9a7d91f-ef2a-4713-9702-10496a39aaa6,8518434,2026-04-14 18:13:46
b9de7a3a-4868-42b9-80a8-1de9d20f87d0,9475dbc9-9641-4ced-9664-d2644c6e27ff,8214811,2026-02-27 17:00:34
585a0afa-7bfd-4c12-89e0-6ab37250ee18,8b1e3b9d-c34b-4fbb-8d4a-75b8551ac8ea,6328544,2026-06-26 20:07:09
304b8590-de9e-4757-9260-001eeecf67d2,9261549d-3d22-4c30-b28f-41defb140bc3,6425194,2026-04-01 16:57:35
0b2c782a-6928-4e92-868a-152fdb23aa8c,b489d070-7914-48a8-bea4-ff31517400f8,6396007,2026-05-30 22:30:53
d21c82f8-cada-4f80-a9e7-82d4fd08b32c,7ecddbaf-26f0-4fcf-bb16-e5dba6eab79e,621096,2026-02-19 00:42:01
54fd9ad3-9716-408e-b721-69bb80962718,d85480f0-dfca-40b7-99b1-7e80dea4ae17,7387122,2026-02-08 17:22:49
03edd1f8-74f9-4d17-a912-b4bf86a4bae4,def57689-68f4-4bce-a4e7-5e8eb8f21423,2589761,2026-01-30 01:26:59
43d88870-f81d-4aa1-8812-0a8e78308930,65c17795-b155-46bc-9f8d-ed9756abf2f1,1347477,2026-05-08 14:27:11
889b78d5-dbfd-497e-aca2-b148da330aa1,a075e927-5110-4492-b442-7e0b61484bb3,8186410,2026-07-30 02:38:05
3c19e71d-1184-45ad-9e11-d2cd0930aef6,4991ab9b-ebc2-426f-af34-cf65a193c4b2,3816596,2026-02-05 02:23:47
c2a79689-1933-418c-ba74-57616f18c108,19bad7ae-df61-4a5c-b432-3070a23d4c2f,7443700,2026-03-06 14:37:55
0769165f-e746-4cb9-8ca9-cf07b1aa0f6a,0e5dd462-cbd0-4ef2-930a-37df0bc61066,4921904,2026-05-20 05:07:13
3e83b91f-2544-4fe0-ae41-7d475ff595ea,ae8a7813-90e0-495b-a97c-392387fa841a,3020863,2026-03-08 00:21:44
deef580f-9c07-4751-9437-45092cd1586a,3da70577-aee1-486b-9ea5-56aa61ee6c5b,8349480,2026-08-15 11:25:06
a34db7c5-760d-4bbb-bb70-b3a124a35cf2,aab612c9-415d-474a-b5a6-69814104a8b5,157672,2026-06-30 16:28:28
8beddb12-ad77-482f-89a2-3a89e6b5a92c,f1faf665-7115-43f3-92e8-9d1028711733,5797639,2026-08-17 04:33:54
6c9f82b9-f647-4986-a391-7c994c955f6a,d865d69a-74f3-4103-8006-6ff2b0b862ef,5068770,2026-03-19 08:50:13
7bb38605-da74-4152-a27b-41a1ffd6f232,92698698-61a1-4729-bcb9-83501b4da0fe,6022345,2026-08-12 05:38:07
4b943e30-b303-4438-be21-10d04bbe4aff,a881bfd3-d47d-477b-ba5a-91ca059dd55d,6640528,2026-04-17 14:20:33
af908e3c-dd75-4e98-90e0-b95f0212b554,0c8e29e3-f93e-48d5-bea2-9dfec73f6e1b,8333710,2026-04-22 03:31:22
9b689c88-3ae9-49fe-8c82-18dac696f5e6,a2f963a3-3810-4e66-9a31-b4cccd4b69a9,3189895,2026-08-30 03:07:30
b88ec318-c16d-43ed-ad81-f8bd402913ec,d69d42f1-ae4c-44ff-a8c0-1f05c478f6f1,2294784,2026-02-07 17:38:00
0a17991e-a576-4411-a0a1-1839e7457704,088a93ec-70d9-49f8-89e2-60744f1639a0,9723644,2026-05-22 16:45:11
e8dd5e5a-1712-4b16-a1a4-344fbb7bee03,6a5e6920-bf5a-47e6-93a3-dd5a4b8c5bdc,2946761,2026-03-19 23:32:35
e05fb8bc-8a16-406c-8958-e75e21d53971,80759f1f-87e5-40fe-9da8-d6d2f8b38a8b,4572260,2026-03-05 21:39:54
f1b64afe-d31e-4f1a-a9ff-1cae41c8ca8c,4b8e63d4-ce76-47ad-b7a6-7b947b5a611a,5682708,2026-02-14 17:27:34
2408a6dc-1346-41a9-b680-2cdb77e490c7,dc322c97-39c1-4262-b76c-8edec1101266,6667468,2026-08-05 10:31:48
6502d6a2-ca6a-4224-971e-16cc5da36f1b,1fa382e8-895c-4d99-83b3-8eb403902c5d,7630053,2026-05-24 03:28:02
431d029f-ac1e-46d8-bfbf-397bac3e7b0d,a377f6f1-d289-40ab-a18a-e30595a5bafa,6232303,2026-02-12 01:51:31
066803ee-78b2-4549-bbdb-c09eacc216a0,8fb864e4-f173-4856-a25d-36eb9e9a9f83,5503042,2026-08-25 22:22:41
a2a9d4d8-102e-4de5-a5cc-8bf738ab854c,b379cb1e-e8cd-40cc-b6da-3ca0d2e82f38,5069919,2026-06-08 13:35:35
f23e323d-0b9b-4934-a3c8-6d301dde7969,7e1ca5a1-fef5-48a6-8dea-d6450986bbeb,1948188,2026-02-07 17:53:42
22bae10e-899c-4782-a323-6d1a3c1bdacc,aba4fc03-5efa-4c5b-b421-ff46637e4b01,9062936,2026-06-12 18:32:40
278ed00d-ba02-46ef-be05-5787965befdf,19597b5a-a7a8-4636-aa35-df59e2aa7a5d,8209890,2026-08-28 02:17:40
479d0cda-f396-4a37-b065-c817687a4850,379efc6e-5edb-4d3c-b0b6-3bcf08601833,7438743,2026-06-22 16:51:56
5cd8fe1a-dafe-48a9-bc71-e0bef3579560,5e09a9ee-af88-4dec-bb1e-143b196f4dfa,9134631,2026-05-20 07:04:57
30974b2b-46a0-4a9b-a5ec-7acd0f8035f5,d918b3e5-f2f2-4eef-9f45-dbfdf7dc67e0,7628901,2026-02-05 14:27:29
a3b5cece-a446-4e72-b64c-911aa9ab364a,0cf2b69b-0577-4ea9-b899-924698de8ebb,5595365,2026-04-05 14:13:35
90882eaf-c977-4598-a03c-8c25fd235def,c3e15a85-d46e-4104-9190-6f5034885a46,9298073,2026-03-22 10:50:47
dea45c19-d024-4d72-b748-967f961d33ba,25c61c45-c63d-44ee-941c-7a863ba5cd2f,9998922,2026-01-02 02:25:45
250a4578-fbe9-4499-9bc0-80fd46fb7bf3,402adf9c-8a4b-4f7c-a147-2a15fcce96f6,2927585,2026-02-12 16:35:16
21bddb41-0699-4731-9dcf-8766a93b12cd,c9d6a63b-ca3c-4f5f-9bb5-c40c03cde2e3,3991839,2026-08-17 16:30:25
43ef2016-2c9b-462e-840a-3aae52e2afd9,6bc4123e-bde1-4c1b-a073-3f6d0d6a05b3,8826260,2026-02-14 03:17:17
72c22a16-79eb-4168-9045-56e5bee3eb79,97fa7f04-8363-4007-9cae-9610c72c1fe3,1829632,2026-06-25 12:59:45
9d77a45e-f206-4269-b8b7-7c0780fb9296,e8a3f341-c881-4065-ba2c-98ce0b19f88e,8748509,2026-04-28 03:23:54
07f97d05-f6ca-4b8b-a4b1-f99175424646,d8e88ebb-7a9e-4eef-bfa3-61be0f9240e1,6738029,2026-06-15 13:09:29
b65feea9-7d82-4264-9ba3-62e7afa415e5,e63658c9-12d0-498d-b18d-4d05e8e22743,1355449,2026-05-06 02:17:59
204e178c-10d0-4d11-a5f9-34bf9bb96155,95da75c1-a211-40f9-9fd3-4579466772ce,9199904,2026-05-07 06:56:52
87d292a6-98ee-4c2b-be9f-ecaa6182f347,9afd4015-816b-4b9f-b426-b1934b7e6b3c,7217557,2026-02-08 12:24:36
da509fed-1d4a-4d81-b3a7-d0e0cb08587d,c4dabddb-e0b1-4aba-a6a2-7967a79b44b6,9249880,2026-03-25 12:09:36
3a7e8e14-e359-4ee1-b399-1a476e191042,74188109-d3d1-4f0f-96c4-38e469efafb1,6689592,2026-06-11 13:18:16
6d4067f4-5003-4b35-9857-8bafbac7e2b9,5fd23109-4140-452c-aa44-825950018b7b,2560866,2026-07-04 04:29:49
15da705c-d4ef-40aa-975a-81ec112fa612,be9d61ee-18b8-4245-ae8f-75a117dded81,6251986,2026-02-20 12:45:50
f4e559e5-9622-4348-8f5a-e9d38e6e5003,ab85fd59-5463-4dc7-8fca-7b6a8fc42092,2050710,2026-06-09 13:00:50
f0ede303-aa53-419c-9fa4-bb9f5a856750,ea74bb18-de3b-496f-ac45-96f6c012a0ff,863131,2026-04-22 16:54:01
1a85910d-5a05-4c11-8ffc-a6b199b479d4,279c658a-3676-4ce5-81e5-c9f693f277cc,8089805,2026-03-29 02:06:49
d86a6460-59a1-420e-9bb4-3332d8e7012f,c33a1f6c-1d69-4fba-9e18-7b248e676a01,4673609,2026-08-11 22:59:59
d85c16bd-6dda-4f8d-8ea6-0f4c39e58ff0,d1846c39-c476-4556-b97b-e2dd8f9b72ae,9340553,2026-01-11 04:42:12
d4578ad9-a867-4096-add8-77c89be71737,2e2fbf77-0769-49d6-8477-7442b18753e6,4584726,2026-04-30 23:56:45
01902620-59dc-4bd0-96fe-bfb9ebe9e207,90fa6b57-24ac-4130-9eaf-528d2e709838,6724055,2026-01-28 00:34:59
f8c88fae-a217-4f84-bdb0-25ff2451e5a4,87cdb6a1-bf01-4e32-977d-6e7e07d924ce,3609340,2026-05-27 02:23:09
284bf962-5744-4596-b422-21676b7a2460,530ac1c7-b8ba-4368-8fc7-77685ebbcca5,9522649,2026-08-20 13:12:30
27d415b6-0d77-45a0-a222-b6a615bfbe97,0cbd3c03-9e2a-44ac-8122-b5b3284c03d2,1368720,2026-04-16 16:10:56
7c54535f-6c8c-4b6a-a974-d079716fda0a,45ee432d-6a07-4213-b129-cec79b69554d,3616657,2026-07-18 23:24:49
1c6345ab-6e0e-41e8-985d-3f861d2324e6,97d7a560-adb1-4670-ad9f-b00d4882d73c,8164352,2026-07-24 15:22:54
3873e57f-0ba0-48e8-8ef4-92c1aac93316,0e0630cd-996d-4c50-bc04-a168652ffb49,128977,2026-03-21 09:21:41
c47104c0-3613-4e15-b200-c2614d29d1ab,4a193501-4169-49fc-83a0-0c6f2321d1e1,5504989,2026-02-16 14:20:06
6e3f683a-bf3c-4140-bf54-a51101fa964e,88575117-6155-4667-a112-507c2cfa55b0,3860627,2026-07-14 06:46:58
ce6322b6-ab05-447f-9556-b37d8f0881ee,dc9c96de-65a6-44c2-9273-8a235aaab32f,709724,2026-06-19 09:51:40
13eecdc6-ebd1-4d2c-b5b2-745504cc3ede,6de59332-9364-43d0-9024-bdc6dcb33df3,9620060,2026-06-07 01:29:40
4a1dab32-6aed-4dc7-a3e0-5309b5a1b949,f758dce2-0556-4aea-a7b0-32831d7c0098,5448715,2026-03-08 17:58:26
75c8e90d-9e3d-450d-b296-d9f0cd2372c2,5ca260c9-eb76-47c9-b08a-4895d4ffa666,1478584,2026-06-19 14:26:55
6f887f28-3e49-4d09-9b19-d8b8d8302081,1422373f-8622-48d1-a683-e10796c044d0,6639873,2026-05-01 11:58:06
5543fc3c-38b8-424e-96ea-57b3beed10b6,82af085c-138d-494c-ab0a-beddc77444cb,1913059,2026-07-26 01:35:43
c6b6e4ad-e7ea-4d5a-b1a3-ac4d828c37e7,f54e2019-ba35-444e-99e1-ac095970a859,2477834,2026-04-02 18:11:07
328067a1-4187-422b-a57d-5e521a5165ca,c29d782b-2722-496e-9a36-d1ec2c6a6e9a,1264228,2026-03-10 19:07:17
7e7e7419-a0c1-4035-85d9-5f51f387e1bd,c2874f06-9050-47ef-8123-5c9176c5a0dc,9721871,2026-06-24 08:06:00
9082889b-e1cd-487f-ac95-5f87ae5ec365,9fe0a8c7-fc8d-4b93-a2a2-e91fa49b1cd9,5422544,2026-05-03 18:37:41
780b3657-117b-455b-b094-4bdb26a524e3,cbdc4318-4d85-43d2-a1a2-748571348c2a,4608269,2026-08-18 16:25:54
12fe28bf-81e0-4489-9a18-e2a30e614bcd,09a0a0f6-73b0-4091-b634-c1694f76e388,954466,2026-05-24 04:53:00
a508dc95-13a4-4492-897d-e16dd4ea120a,171dabf9-daf4-41a7-ba34-d2e8dd3f7d7e,9967015,2026-07-16 22:12:52
8de7ad6c-9490-47c2-b674-456f626d719d,e5582e16-bd29-4de9-8ab4-923bf4488385,688256,2026-06-24 15:49:18
a6ded1d8-9258-47b7-8f50-1889e8b77f7b,79c2d2e4-9ae1-4991-924f-93ff30307633,8411557,2026-02-28 14:07:37
1a7f195b-7355-4b9d-8fd6-f47ef52d4af2,57eb89b1-d65e-49dd-a62d-2d06cf9b8558,1414818,2026-07-15 22:44:15
3f6c21f7-0a05-47f0-ac2c-d22ba56895c6,707df251-fdb1-429e-b010-ed13b526b22d,8792421,2026-07-23 00:21:53
5f733a3e-5d28-4aa4-a8a3-97799c1c3517,68a51c68-632d-4b5e-886b-b6bfeafde7d9,5676868,2026-08-21 04:42:00
a5b5cdc2-a181-485e-8a0a-c6ac0d67d38e,18318aa3-5466-4d19-90df-997455ab946d,9361079,2026-05-31 03:02:22
da003f16-b946-4bcf-8082-cbb948bddb3e,9a4a99b2-e806-433c-b6e3-9356a8149562,2522855,2026-05-10 11:09:33
2434a678-a9e2-4ba9-952e-6abb14dd5061,f7baf55e-4f6b-48c8-998d-daeceaafe543,6575973,2026-02-20 01:54:59
15b02530-f020-4992-b576-255e98549f22,a4bbf962-606e-4e1c-8f15-84494f40c22f,5510932,2026-02-19 15:07:27
f275b5f3-d436-47a8-b3ec-b951ab8cbf97,e99630f7-af77-420e-bf46-25afbd20563b,8831424,2026-02-06 07:02:41
822c4d32-6c64-4c15-aba3-01cba561e1e9,4f11d8dc-5cd3-4369-84aa-c1b75ca0c428,3024319,2026-03-25 04:25:13
7c7c404e-c422-403e-b29a-6339577bc55a,23377bbc-fffe-47c8-b9fe-b99c31274148,2599558,2026-01-30 23:13:50
19e45c6a-c9c2-4e69-982c-75654bb907ec,d5ca69ab-8a2e-4a93-8558-0bb281f7f3fb,8833744,2026-01-15 15:49:55
c42cbc39-e05b-46c5-9636-3094a97431db,6070b6a1-98e5-4499-a18c-6e1c9e374f7a,2587941,2026-03-05 00:15:13
c566aa81-b15e-44f6-94d3-07952e4bebc4,2a60c652-e714-4668-8f1d-7d3a9feefdff,7342951,2026-01-17 23:14:34
b836c448-ad26-4ec5-9d42-b9e9692e07b6,9c4ffb46-71b7-41aa-b836-f5713ccec76c,4780307,2026-06-24 08:18:42
4f3949a8-3d3a-4582-88b4-f4743be79df4,78116802-c8cc-4cfe-8f01-f944f7315749,3255061,2026-05-23 20:31:34
fc043f08-9207-4158-b277-1f63ada58417,48223120-c4f9-4ccd-b630-a8a770cafdd8,6406766,2026-07-15 07:25:48
297ca4ff-f75d-499f-ab2d-5b0987079ad4,9acb394a-cd1f-4318-b31f-63fbd11fc8c0,2321952,2026-04-08 02:11:55
dfc620ce-7b07-4d31-a424-4f230d5ba7cd,1a435206-ef2d-4cc4-8df6-61da5f07c1a5,8655533,2026-02-18 10:04:51
290a3abb-c35b-4fea-9578-d70948f9e3d0,836b15c7-e7c2-45da-b306-958845d5a68d,2472110,2026-06-19 21:32:23
38d77b9a-e916-4a57-b248-23ab177a8a5f,597e6845-e277-48c5-b37d-1fb6d11376e0,447461,2026-06-11 03:07:10
5fbbf0b1-8083-49c8-a57e-01c90da23e5c,14e4180c-fe99-46a3-a2db-c8503c5bf3a7,6290000,2026-03-29 04:51:10
195d82f8-ee4a-4b5d-9195-54e307374c86,55d596af-a663-42cd-b6f6-dbf1d6d441cc,2450310,2026-02-23 10:31:16
d46b415d-eada-49a3-8970-ed9a09ce3cfb,2387eaf6-d4c3-4832-b231-c60b78f2ce6b,7870371,2026-06-24 05:16:07
144823f7-e7e6-46c7-8158-24639d8776a0,d5c0244d-3735-462d-8184-3b0304dd7054,2508532,2026-08-02 03:13:34
871c0884-9bdf-40f2-ba2c-0f19f0b2a5d1,49c10669-c6b3-4fe6-9c76-bdf66c5a6c93,3986951,2026-04-27 22:55:57
6b79afcc-3d0a-4f0c-8c39-4ec71f317405,750565f5-9f70-4368-8b3c-f8caa3925731,1053739,2026-02-13 01:16:13
98c3e3ca-7ff4-4ec6-a7b7-b4c6d6312a80,83efa9f3-a1c7-4c8a-8435-1b64893ad232,9647705,2026-04-04 23:01:36
6de299a1-4a90-4d0c-a4c1-73b9b7f28572,3d959e3f-5a52-46e6-9d64-29320066853d,9574158,2026-06-11 18:41:29
15eacbcf-ab10-41ce-aa14-3cd82ff3cde4,11536e99-5c50-4720-b982-f4e08603156a,8825822,2026-07-31 07:12:41
81f38dd4-fd03-4ada-8952-518581e03a5e,df92a621-63f4-469d-8534-a1018ddce719,7887567,2026-01-17 21:46:12
5f90bed6-fb25-464d-a30a-a767a2bb522b,5b6a8102-0428-4378-bf50-23f440ef3935,1133471,2026-05-14 21:47:31
a0d572c8-a837-4e68-bba2-05ca3dba6da8,bc3536df-94f7-4dba-8581-1d2d1a89b71e,5578746,2026-02-21 19:28:03
56ab087a-8bc7-4e81-9a30-45280b599562,d49405f0-2cd2-4404-a48e-40f1d0421dfa,7795088,2026-07-05 20:14:01
2285b2ef-cfbe-4fe9-aea9-c542a1b970d0,f1901b7e-c6b4-49ef-b74e-ba9310275b53,7678599,2026-01-15 08:42:50
ca862225-0b36-4356-b39b-77a84b1f0d7b,50cae32d-0aba-490e-a2c3-28aa33107475,5202220,2026-07-20 03:43:23
8b040f49-d0be-43ee-bd37-253965f202f9,c0d7ac73-095f-4a81-80d9-2bce7930ba20,3206193,2026-04-22 02:44:48
0c3ce284-c7e5-4bbb-9cb5-1c535b62a8df,45f18619-54f9-4429-a7de-02ccdda4f4a7,2088354,2026-05-23 22:11:14
be4969ec-6667-43bb-a3b5-63606fdc0bad,62fb26d7-f4db-4a07-a506-f6707092947d,5688100,2026-03-14 13:15:45
5e0a72ab-7f5d-4163-b12b-66807f072cb9,4447ceab-84ef-4324-8c1b-4157ec9f9c54,1386001,2026-06-14 20:37:25
febec0db-9a3a-4103-ae3c-453214348f62,4b3446bc-8ba4-45cc-ae32-6567d284f54e,5389043,2026-02-09 20:16:54
4baf0f5e-a932-4094-93f2-8f11147f6570,b7b8c1a5-9a45-493d-b227-890e4e76833a,7149051,2026-03-06 17:14:30
727716ec-59fe-4bbc-b1a3-fad2b0946d2a,e95f176c-deba-4186-ba10-82170ad7c9a2,5914973,2026-08-27 18:49:52
a3b442bd-4649-4296-af58-42c3ff86cc31,0eaf04b5-f2a9-4c8a-8a9e-4a62fae3114b,1258991,2026-06-07 18:09:13
bff9507d-cd14-403e-8359-9af65d01f55f,07f8d4f0-f3ea-4184-a8f4-e3ceadedda80,2395451,2026-08-24 22:59:23
08e895d7-702c-4821-8804-0fb7ad973b67,c74cc890-3c6a-4174-9136-34a520509c62,6145981,2026-05-21 15:29:17
084a6780-9136-41f8-b310-46dc6202bee6,732e2016-add7-42c9-a747-b93c9ae77eab,6223761,2026-05-25 11:24:57
92ec89af-13ae-4376-8359-810a71a6014c,65e58f34-5df0-4e8c-878a-aed9233ffc82,5274522,2026-04-19 05:34:36
06a241af-1d0a-47f7-b5e4-a4713fe68c9c,848af440-7fc1-4858-afa0-d842bc55300b,6492580,2026-08-07 03:10:08
42a259a6-c664-4285-8303-cbc11e2595b8,ff11c8ba-36ee-4640-b23e-f466b43bd27f,4791194,2026-07-10 18:19:03
da52d2ee-22bf-48f5-9f65-2a87333ee344,e60fd420-2c33-450c-b3b9-11d812f5131a,7467736,2026-02-04 02:16:08
d8741408-f7b2-47c7-ae92-ea71cf7dcb43,58f0dd23-aaf7-4c67-91d0-8109fc902838,1089506,2026-08-02 14:20:41
4cc9f5f2-e42e-4037-8a55-2ea08acbbe09,b5a5f8e6-b639-4f04-a852-4385d9f2dd0d,2920772,2026-05-21 09:21:04
fc31a597-1f11-4c0f-b967-e60a823dd107,3c9abe10-238d-4f44-8ac4-d0eb3373730e,8288322,2026-01-11 04:59:05
5e70f65f-9280-45aa-8dd4-595b5c63b6f3,8d38bbd8-fba6-4bf7-8dbc-c65377a7e8b7,2177209,2026-08-26 15:46:19
4f2dad3f-10d4-4e39-9612-37c9e25df9a8,b807d78a-b788-45d1-bfe5-75f665edcfe3,8030677,2026-07-24 03:50:19
d2c65ee4-68d0-42a8-84e7-f7dd6929de73,f8ede0ca-2015-4a72-92e1-53a6932cae01,5318851,2026-01-29 19:16:05
8471b4b0-ae1b-4f69-b740-d83173318749,d43cdd6d-e0c1-4f1e-a0da-897258321ee4,9249346,2026-08-17 06:33:45
21084dd9-f75d-4e3c-848d-56502e9522d6,de431e06-e924-4069-80bb-ae526ec01269,929683,2026-02-18 05:15:55
2a26f770-4ddb-4b36-a72c-058884a2576c,b596ca7c-ef4a-4a88-9299-e5052976aab2,3782773,2026-05-15 09:10:07
e519dd7e-84d6-4c4f-b0df-1684f28e4122,4027ab7d-1430-49a9-988f-1c9448b763d5,3293409,2026-08-02 22:12:50
4d85e9c7-a001-4720-a00b-290346426c45,80a8a23d-17ea-4c83-8892-042f9d4b2bf9,2829250,2026-08-18 20:03:16
2bd3cdcd-2779-4685-94a5-3fdef10d27c8,e6e987ca-b87b-4384-9fdd-de2ea8a2b7ad,5664326,2026-08-07 21:18:03
07437c3b-dd20-43bf-9342-af080a8bb5b4,a4364fcd-f2d3-4761-8ba3-627914cb0564,9676625,2026-04-13 18:46:18
92779574-c457-4cc3-b5f7-89bca6b07458,07c0d116-a394-4d54-9e3c-5a886aa56e6d,8355702,2026-07-31 21:09:02
4d560a3d-f4e7-469a-a454-09374a27ebf2,ceae71cf-ce00-4af0-beb0-51817ba24588,6813112,2026-04-26 12:17:04
0f5675f8-b048-4aa1-92ae-5c22741b77f5,7bf7e1d3-6a66-4fce-b089-fc6d2877f5d9,7792056,2026-03-21 05:37:56
5005680f-24c7-48a5-9b4e-164b5716dc2e,bbf483ce-51be-480e-b7e6-a14cdc8a4922,5794366,2026-06-04 20:18:29
83d5bceb-5edb-48ee-82ba-f0e02179e3f0,3de28859-51b1-443c-9b2e-dedb8fc85fc0,7826121,2026-02-17 13:59:13
24108e9a-3f77-4cae-b318-b96d44790612,f204be89-4a4b-4563-8cf4-77ef18c8a616,6444974,2026-08-27 23:44:00
dd84cacc-f672-4464-bf8e-a40a6b0ae0e3,53d2d56d-d040-4587-a8e2-13bce6fdd7af,9691990,2026-05-02 10:42:51
7f8e5483-28ca-4a1d-835b-ec2c3098f7b2,7faeb748-7781-421e-83c5-01cbfef7d9ea,5176460,2026-07-13 03:49:37
64ab851b-f1fa-46e7-970d-750705eee1d4,3da06476-f778-4676-b50d-112e8164ceec,3609534,2026-08-15 13:09:40
4806f804-0cf0-474c-8c74-dc0f5a575539,d7c4fe9c-e1e0-4ffc-98f6-fd7f7eb162f1,7895147,2026-04-21 23:22:04
1b84edc3-d8e0-49de-8217-ea0e896490ab,43b47ee5-e1e8-4e7e-a249-8f666e51484d,6136740,2026-06-06 14:36:01
0d18ab95-668c-4477-8b95-017c5dae1201,5cce5ba9-31d4-4e09-8fd3-3afc91fdfa4f,9281550,2026-04-23 01:57:46
734a6ca3-8116-43fc-a2e7-c1a612d2fa06,d3479a3b-479b-4637-8cc3-6f3bc3affcfe,1993328,2026-02-19 23:13:46
5f89ed12-64d6-4fbf-98c0-1e2bf99f0704,8ece1128-56ce-4b42-bc9e-1dcbcb7e6268,6133867,2026-02-26 00:40:09
66c14dca-8255-4a61-9a3b-031932f57510,09f64405-0b99-4034-8a4e-255280051b10,2299098,2026-05-10 08:09:51
74fd33d1-84f2-4d0f-b947-4bfacdd0b4d4,83f82f16-e4a4-474c-9b33-e3a42620f9a9,2345145,2026-05-08 08:51:47
2999bbef-518b-4f21-9cf2-0859ee6e2e72,bd44089d-9dd2-49de-bd98-fe336498abe9,5020329,2026-08-19 13:54:53
827c9f8c-d40a-45e9-81df-6517561c9210,901bcdef-b56f-48ce-bd66-971e88476c56,5029661,2026-07-04 10:19:11
54cc1e2a-5e4c-4287-8442-51dbd0d4ea67,6aa26216-fada-48f5-9c0f-0bdcac7e937c,9792906,2026-04-30 11:45:54
df41e335-b9ae-48e4-a615-99c8cbf81f86,98cf1188-06d2-4913-a117-3719b023a0ea,7962312,2026-04-14 02:55:22
f8d8b7f1-c86c-4544-a7d4-cf50f791f1e5,3a4045dd-93df-4907-9416-e4dcc6b28def,861606,2026-08-15 14:49:52
a107cc46-8634-4718-aba6-adb37afeb114,d756ba9c-c64c-4647-9ea7-017cb89f7039,6378545,2026-02-27 09:22:09
08150147-3e00-480e-ae44-1e21d25864f2,1c221cea-b355-46a5-b2bd-92f29293f705,3200839,2026-01-08 08:30:32
26c432f6-6b35-4f85-904e-268770e7e756,690e7e62-3432-4ec6-b0c4-a01c69b7c0fa,8419144,2026-08-26 11:23:18
d92f3c1e-df70-4b2a-b8bb-22a5eba742d2,b4adaf89-0ff1-4a9f-ba37-0623bc5fd4dd,2316649,2026-07-21 10:28:40
ff84faef-5336-423b-8f96-468535145890,607796a3-8685-4baa-ba76-8555a987b218,5263905,2026-03-09 06:10:37
57a2be4e-887b-43e5-a980-f80875ac824c,c5a11f5c-ad05-4912-9ab2-8d4a8bd88fcd,4435271,2026-08-25 22:19:33
3f1be0d0-f514-4058-b138-39757bf33a34,3990e2c9-4c6a-40f4-8ede-c44d476cf68c,4993153,2026-04-23 05:42:49
b47a1c5b-b0b3-4015-b510-2852b4746349,594b2a3a-7ad4-45a1-9129-950d7d2f4e58,9403431,2026-04-17 04:48:32
ad371d9e-92cf-4021-9f33-242d49ac9087,faebcd19-e550-4ea2-a133-a34d8b0e8eb1,6619166,2026-05-15 00:53:17
257f7595-cdfb-4db9-85e7-8b23f4613f09,f48f709c-49a2-4441-8ac4-de854a5b1aff,1325903,2026-05-15 12:20:30
41a64fed-a7ed-48d8-b13f-8f8cec8be537,33baba88-36c7-46fa-baa4-f052bf519362,9035848,2026-04-16 07:08:24
4588fc1b-b238-4849-8fe0-69b6eedaa802,bdab07e7-9d9d-428e-9bf6-45f623245211,9845392,2026-04-03 22:16:13
e7ba26ac-ab7a-4d1c-8cfe-f6833e11bafe,3b9b2d45-a350-45e4-b9c5-9df987f255d6,880664,2026-02-08 21:54:45
78ef7666-b7a4-4719-948e-1f6b69ce1e4e,23310a28-c550-4ca8-ae62-990c19bd4f93,86940,2026-08-02 17:39:27
682b163a-286e-4390-add9-7a1afa585b27,e0decc3d-e172-4c83-af5e-4376a723fb72,7980925,2026-07-05 10:08:33
f6c31218-c183-4315-b30f-8be1a689b424,a55990e7-4910-4ade-9238-0bf24988e418,992593,2026-02-04 17:50:03
88ffbd40-3b72-486d-92fa-675fa6fd0cb1,efc9909e-d9af-4e09-b91e-3d6ebd1a8f4b,625770,2026-03-09 23:43:19
2d007d05-d66d-4627-a1da-ce6a6afa828c,ff46a6bf-094d-416d-ab6d-2fedef158d5b,6660473,2026-07-12 09:18:45
f64e3dfc-bfbe-4c7a-afc5-97382fb21e66,e0723d96-4a1a-41f5-ad10-f004df4e713e,628588,2026-01-04 14:22:34
1b780ede-9a4f-4c0c-9165-f2ed4c636e95,48d90846-55c5-41fc-bba5-7cc8edaf3766,7622722,2026-07-30 23:55:39
f0458043-e3a6-4a70-be71-0b558639bd41,77d0359e-8114-44f8-99df-0d0e225aed6c,4577456,2026-03-16 21:07:56
2999394c-54a7-469b-9cd6-6b09cf0e6d2b,41dc1c60-a5f6-4735-b57b-6b29bb2aa146,3123912,2026-01-06 11:16:27
4b86b5a1-ca6f-4ff8-964c-fbd2bc92fd81,317304b5-c1dd-484a-aca5-8d95915a1c30,2944326,2026-08-26 06:30:31
67ce378f-e5a4-483b-a383-889adb2c6ac8,53f30073-83e9-4ef4-ad7d-f5d0d3b59af7,1455228,2026-06-05 16:02:11
fb4fb88a-2f4d-4219-986b-2880ab545a15,ef9240b6-52d7-4f10-ba3a-6e9623ff23d3,4161549,2026-01-03 15:39:40
725d4259-3c4b-4eec-a231-ee7342c2d2eb,546252e7-f43b-4052-8459-bd6ec0f63229,5065820,2026-08-15 04:55:39
42f525b9-02ed-43ce-92a8-1713b90ed44b,3c7e5368-b159-4847-9c0b-9b10a757cb10,1042283,2026-02-15 21:56:07
67c96204-28e3-43b6-8e8a-dc4b77242041,e5267a2b-ec50-4ce4-80a5-2e65afa28559,5217354,2026-02-15 14:23:38
4b87959f-f0cd-4f05-aa87-855ea38295d3,3818cfd3-3889-436a-9d58-17e85e175b66,2240922,2026-07-05 16:58:42
fd247c11-bf6b-4cdf-b479-7b6127372b52,b3b26337-6a74-4bb7-9fa5-e0aa9b11b530,9214635,2026-07-02 20:26:08
aa0217d0-cd4f-4b2b-899a-c252c1e1b94a,3f59e4f2-c309-4b6e-b7e9-d2e2d35ac07a,9996117,2026-02-01 19:05:11
b42a0456-8736-4a84-b25e-134d86879aa9,906d5c8c-ead0-4c89-93fe-8a295c9deee0,1882561,2026-01-24 23:37:36
8167999f-e723-4da3-8c32-bdb2d42a895e,265cb9d9-8962-4f6e-929c-93b333c08bf1,2760485,2026-05-08 10:16:40
1dc1e7eb-711c-4673-8535-1a69dabf984e,95492a82-b787-4f8d-b495-311eae27d432,8201182,2026-02-05 07:38:15
cf0671c7-720b-474b-82a7-f586e61d9cde,836435e3-21c7-4aa3-b414-23b50e3e25f2,6969677,2026-06-27 09:40:13
765e6cb5-8f0d-4540-8ec7-d662905c7bdd,b928e23f-4ee4-434e-8e92-0136ac3a812f,365257,2026-06-03 18:30:34
beed0af9-00c5-4f30-9103-142441241bb4,0b981ccd-12b2-402d-940c-350337c86152,7108472,2026-05-14 19:14:30
fe7ee362-8a89-40f0-9052-91d3b34c6c73,11ab3d11-e4eb-4000-af40-d1620f6ce9bf,7920050,2026-01-13 07:47:25
c4db5a62-2e13-418d-a8ab-80ea497ec6d1,fa740cc8-a43a-4b7a-840d-487422ab7752,7052513,2026-05-26 10:13:43
72d35458-61ea-4f30-a42e-707afe2bd987,60a399d4-e821-4716-aac8-0da1de9f6f5b,6302296,2026-02-01 03:59:02
dfe2c0a0-a96b-4c42-b6d2-2a7baec76a82,dc3bbdd8-a74e-42a9-a20b-9ea98a0f9508,5834620,2026-02-16 01:44:28
649f7d88-8989-45ab-be2b-34d82db0728d,fa8dae42-ba54-4920-a099-d18087623997,3736131,2026-01-02 08:22:24
4c61845e-fa7e-4d94-85d1-fb63c194f97f,8b60c511-b816-4aeb-ac6a-7c8576876c62,7115697,2026-07-26 13:58:50
3f5cf2f3-3acb-43a3-92c7-bffb6118433b,4690fb15-27b6-48dc-989d-ecb075eb89c2,3162187,2026-02-13 19:47:17
6b535a19-a902-473f-8f39-f648083f64c3,e23ddfaa-efad-49e9-841c-147e9d6b9b62,262502,2026-04-04 11:10:20
980cb95c-19d4-4deb-9139-fa1234c1c3ea,ac09bdb7-9908-4e47-b249-f62c08987462,816663,2026-04-06 01:05:15
705fddf5-66fa-4ca0-8b53-1932bd9419aa,c11f6bf5-379e-4467-8a2d-b2e63bfda8a6,946983,2026-02-24 10:09:29
3bf2025f-4a0d-4b73-be54-ee4b80ff5173,937bf79b-bb44-4adc-aa98-fef8d0d75e37,5350326,2026-08-13 06:27:19
d18183d1-ac2b-4cfc-85c5-1060991121e7,e0527739-4d40-4f1b-bca5-be2952171bf3,2403521,2026-07-22 10:24:43
46707cd6-4ced-4164-a9df-14e9389641dd,97777f10-f2d2-493f-8e85-140d0f9aeb70,2938257,2026-06-15 21:47:52
f8e8035b-0c00-488a-bee1-011a8e4c3ab5,abdd1a8f-a4b0-4c89-b10b-ce9c582b91ee,6394723,2026-07-23 16:21:00
6883ac6e-6a94-4054-b241-4482519894d8,2f12b150-605f-41eb-8cc5-7e0d26332018,9024948,2026-07-03 21:30:55
4cfd0fc1-39b0-4e2a-996e-684f3db0174e,ce4758be-24f4-4c62-b523-c0dedb87d29c,7768283,2026-01-23 09:05:38
6aa0426d-f7c0-45f7-a9a5-3b4f8ff8869d,636f6e5c-2253-4706-87ad-8b268eaa5841,4074499,2026-04-10 00:43:54
143df5b3-a58e-43dd-948c-1d84340de049,5efeef4f-d8dd-4bc0-b325-3aa3ec170298,1551298,2026-07-28 00:29:06
0d31812e-30c3-4756-9453-f867b97e6224,9adf4709-ac75-4344-a08e-149e44b9e602,663507,2026-01-29 06:23:56
966be275-c2fe-4954-8dfd-9531302b7831,378e6510-8f10-433e-abe4-2e7db96c1163,8042910,2026-03-23 02:59:14
4d9dbaeb-553d-4625-a833-4da5de95d695,363908bf-03ec-48ff-a8b3-d763f4ff3f3a,3188078,2026-02-15 13:27:58
7a9a8ef5-c11b-41c4-bfe3-f366bf337a15,9aba0f15-b214-4062-be1a-963eea18d32c,3431171,2026-06-04 00:52:43
52555c75-8d55-419e-bd44-cb2cea45ba41,775c30b5-6173-4c48-8876-9153c68813fe,8953173,2026-05-20 12:32:30
8347f1da-5c11-4b6d-82f5-b3f54ef4c34d,193e638d-774c-4afa-bf4d-908ce1fff6c0,7876752,2026-05-05 08:47:25
501ba851-5ee6-4495-b400-29c3ea11905b,dd34aa18-9001-4ed4-8bb4-01e769f753f1,3712373,2026-02-26 16:05:53
ef4c5119-8da5-439b-82c2-17970426fcc9,6ae66582-b852-43cd-9442-b5e695831d58,4952514,2026-03-01 04:34:38
613d2de9-3ae2-4023-9472-0d2d32399ffb,7fd238c3-3ee8-4983-9557-424191ddb9bf,9238258,2026-05-12 02:19:37
7d1645a0-d253-4966-836b-9a0a41e02a89,bd5609c4-a446-4663-b93b-17fbf76d15fd,8230838,2026-06-28 23:14:15
5a2837b2-cb83-43f2-bb96-f6022b115c36,8bea75c1-b866-47aa-a3d4-526b2b54ff7a,8192598,2026-03-13 11:26:58
fd85d7fa-8ac9-4b01-a3ad-64d4eab9eb02,862138ad-0f09-405c-b50d-7a37a44d9fec,567478,2026-01-29 20:48:34
0c6b7074-ab10-4c9b-9168-2e09f1f7d904,2332a50e-6992-496e-81a2-5ed1c3abb5f1,3882818,2026-01-27 09:30:25
37fe032c-0257-4851-a6a9-e100b509109b,0f79a8a7-5f8a-44bd-b4bd-0c938177b661,8106830,2026-07-09 11:07:56
8d388327-883f-43c6-81b1-58e90406ff44,8787ea21-0448-4a22-8308-aa5e694d7b00,4609394,2026-07-28 01:26:27
80913ac1-0463-450e-8964-6b96fa3c1628,6e3a0ba8-ac8d-4c7d-b2a6-e468d02b1243,3007608,2026-02-11 13:27:55
261e2555-863e-4f2a-98a8-06efeb053fc4,86c5d1d6-9ea9-4508-b122-75923db02235,4234884,2026-05-18 15:37:49
143a9aff-659b-4105-8b80-f288446f64dd,7580e050-67f1-498c-b594-8a545f804eeb,9479173,2026-04-05 10:51:42
4ccb2355-39d1-47ff-b27e-1442fd7fe973,14a34f7f-d90d-419b-93fb-e043af1d5a1a,531587,2026-02-06 07:29:16
8d7dd772-608e-4f5c-a117-727067c0518b,026b5383-a301-4c03-8e5d-8c6a79db7862,2875349,2026-02-02 02:41:25
a518a418-6f14-43f6-9867-888b7ff6b824,fa323f69-90db-4ad6-94ce-26bec8cce2c2,1599916,2026-07-25 02:48:01
361f6d90-3ad1-4a33-8ae4-ac11eb4d8f42,e336c243-b139-4476-9e3c-e88be6b9d31a,9509070,2026-07-04 15:59:02
13087974-ec95-43ac-8beb-7c3445667c48,e63949d4-47c6-4688-acf3-2053af36b8cc,9110553,2026-08-07 20:17:33
edc3a1c3-2dea-4d2d-886c-405fa879d8f8,f622d842-0402-4b3c-9082-11a5d9b59f84,3475546,2026-08-16 23:34:23
b674410d-d218-49d6-8093-bfb024e9bcfd,13b22cec-edca-4f94-a5f6-ba53d226a8b3,5021043,2026-03-05 02:08:45
d5aba8ae-9112-4bc0-bd8f-95f4905f9096,e582b678-ad52-49dd-a39f-c471d9750f00,9069142,2026-05-09 19:56:46
23d3cd4c-bd5f-4093-816f-9bcc6243bed7,b962c8a7-b076-47dc-bd0c-e433ca5e151b,1315808,2026-07-14 11:43:39
0dbf0caf-588a-4f87-b96d-40f8bed63da0,d6b361e4-3b6d-4a0d-afe5-040b1901ef87,1275384,2026-05-13 06:33:16
f4719986-9d26-4599-84dd-8df59aec56a8,c607b1e9-f80b-4cea-a58e-54a29879cf35,5475701,2026-01-12 12:07:52
fe1a1ba9-c896-4c5b-85f8-c28da255e1bb,5b167158-3a67-470c-bd98-302f735741e5,9278443,2026-05-26 19:13:59
95fbe976-ae00-4b7e-af8c-83e56e8d9644,c5acc354-15f0-4cb4-a14c-721da921cb4c,4955655,2026-04-06 17:04:42
4499d0a6-1500-4170-92d1-5585b68e47fa,c8ad0899-b630-494d-a147-adeb277b0667,2588346,2026-06-01 07:32:24
176de21f-1b46-4bdc-9c56-d9bc5111d31d,71da35b9-4eea-4db8-b165-d77901547950,6038423,2026-04-15 18:24:19
2ff8e87e-1659-4c89-a1eb-faa91a2bd69c,8e0370cf-8e96-4227-b2e7-6b516e54ac6d,8597340,2026-06-08 11:14:50
5a9a206a-16f1-42a2-86b9-19aa1a7167c7,991965ea-98d0-4c2c-97d3-0f328de1596c,5443047,2026-05-30 14:40:39
6346d4ef-69ef-44e3-8ab6-821c0328c136,e6b0da0a-b98f-4dbe-95ae-de0fc777a07f,9387475,2026-04-05 06:31:27
af70de70-2b69-495e-8567-1b58926bffa5,44d7df9a-238b-45b7-ab64-777c6177a771,5052154,2026-04-15 05:43:57
2ace1aa9-1032-46b3-a55b-fc1c7e3d5ee4,4cbc9044-6bcd-4ce7-86a5-6fe86f46f1b1,8124063,2026-01-30 20:57:32
3f2086c2-f1b8-4d65-806f-64d65c72aebd,9803b22e-7eec-488d-a002-352ab88cddde,3280764,2026-06-27 19:34:47
01bb819c-4dfe-4117-a2af-711f1b628a9d,d773f98d-550c-4fe9-a54c-11d9f2e61828,6373505,2026-05-08 23:33:05
d0c30018-6e3c-4d4f-95b1-45e470b27304,f966d59f-a6aa-49e5-9c08-bf29d2d33488,9972268,2026-02-22 20:46:19
f280df1d-9a6c-4db9-9217-1c884ce953a7,506e50c7-7aa0-41e9-b36b-00cbb1fead13,2980268,2026-06-04 15:51:42
bc20b9f2-4a9c-489e-91b3-0182f7fe604f,f7bf5244-7db2-47aa-a205-e54fb1e8c09d,9661661,2026-04-05 03:33:29
d105c8d6-47c1-4017-a045-2909536d47d7,1d27c09a-5d71-4898-a497-6593c92e8c93,9459851,2026-03-19 14:16:17
2e0fb5b3-8bae-491e-bf4c-c10f979c30cf,06e3f949-8cd3-4c62-8482-9b71ae84b81c,7744745,2026-03-23 10:03:52
d4cee27c-4a94-4e9f-8c35-1e4f703e957f,d908a121-d1a7-4a20-91b4-61e9b15da72d,6864266,2026-07-13 21:50:35
3df51967-4d86-40bd-a222-4f9623a13e20,b719bb68-2775-4e42-a89e-22f240afbf3f,7098919,2026-05-27 09:48:32
9912316a-fd9e-4e20-b2f6-095812ef6101,88cc4d49-669b-49b8-950d-f1a07aaf2001,8499559,2026-06-12 10:50:42
f7eae66e-ca6c-4f9b-8969-71018b2c550a,cff2b1c4-e53f-4644-b39e-4df25c0a1feb,9007797,2026-08-19 14:48:10
1bffa279-15c1-404f-aa16-3354a35fc9c1,aa2960fd-a858-44df-bf8c-1097c4da2c2e,5956069,2026-03-06 14:23:13
902f3465-0b57-4720-9cd8-758ba5a1c825,a590fd3c-ad6e-4c57-a520-c3d0fbcdbf5e,6704483,2026-05-09 18:42:18
1b1f2eb1-6e32-45a8-8bd5-cc86f73936e9,38d5101f-423c-4d9d-993e-478302b34254,8567735,2026-07-21 11:32:44
9342a09f-b00a-464c-949c-d8d48ed8a80d,64215e66-5fc6-4cd0-b21e-8b1f38958939,7768921,2026-08-17 14:03:21
584fc85b-2697-484d-801e-8690b0c07fcc,1ac3bf31-7b96-42d1-8649-bcf6ff69723d,4956540,2026-06-11 13:10:19
1db6b844-15fa-4483-b633-cc2deba900e1,2444d301-baeb-486b-b0d0-270fd4d13d55,5843995,2026-05-02 03:01:43
34f541c0-c8c5-4b2a-b490-adeb57d337d3,79e5c9aa-592a-4549-bba1-09d08567c805,1637852,2026-06-20 04:00:09
51a40d2a-73d3-4457-b25f-13dfb8d49848,cf685878-0b70-4933-8cde-1b6b1132567c,1930820,2026-01-09 18:30:30
1bff3142-a5e1-4b55-97d3-f4ddd963dc72,ee0f65a8-2a13-4c1f-8cd0-15c1ad5900dd,4092190,2026-07-20 09:24:42
54bbbcf8-28fe-4761-8d49-fe3f2ca8f783,76492e64-f55d-4e6d-ad26-8b378f5242d3,3889900,2026-06-07 07:18:56
a3f66c61-2fb7-4dab-af38-3b43a137f8e4,0779250a-6544-4313-aea0-5d13a84554c3,3310564,2026-06-24 14:20:34
0123a348-638a-4df6-adf7-2cd3979aa051,47419b48-34ae-4abd-b6fc-e0acb4698db3,1049655,2026-08-13 05:16:21
89718eea-df3a-498a-8cac-2fb51a0c6c04,327375bf-5373-4f4d-9da4-9cb92fdc9992,7676432,2026-02-14 06:08:14
7d4ed26e-dcd5-4fae-abb3-16a743299780,503b4078-a39c-4ec6-b746-4c02871854c1,6520294,2026-08-26 09:48:26
591196dc-1d3e-403a-9645-f0e4647dc392,9e0b7b01-7536-49ef-9873-dad95a1baf0e,2894541,2026-04-26 12:23:12
15b24e1d-9715-4633-9d4e-db71eb2ec80e,1e2c2e7d-502c-40ee-a24a-66a6ac0f6801,4002596,2026-04-29 14:20:52
b1850eb8-5f90-4c87-aedc-017e1df05d18,6b11b7cb-6372-4424-82c5-6b21243012da,2313039,2026-08-12 05:34:50
7c966b55-2f8d-4ded-ac4c-450b623ad0fc,eb4e2281-b184-41fc-8991-b01aa2b03c4b,2906407,2026-08-04 12:09:36
23ea7956-49f1-437d-bd59-2e192ab7b2ef,7374ccbf-d78c-47d3-9088-50d32fe5b140,899457,2026-05-20 10:29:15
22f3f068-7c0f-449d-8274-0f73f3abea0d,f6bd80c7-624a-4a50-90b1-fde031f3f0c0,9421793,2026-07-16 07:01:25
af4847f0-68bd-475b-beb6-581ea72f947d,d703262f-b5cb-43f5-aa66-c1847de1bf5d,7446606,2026-07-09 19:00:34
07e67cb0-90bd-4900-9529-e6f52ad11fe8,4ac66780-3874-4f3c-82d4-9b56cbbed980,548542,2026-04-17 17:48:53
2b0fbe44-49e6-4c22-89a0-b7eb398f569b,be15ad12-90ce-47e9-b513-03b9c7de96ea,8309988,2026-08-02 11:49:09
1d3ca5a4-929d-4377-9cfb-655f82c42e48,d2c2a960-8b09-41ab-866d-ceb344945e09,6154929,2026-07-30 12:12:37
c28fa16b-0aa6-4cb9-81bc-be59d296a12d,37f25d36-8bdd-4ee3-b0fd-6672b80f16c5,7132922,2026-02-09 18:35:25
c0582da5-a757-475b-947f-83b1bc69c155,ffd2f491-dff3-49aa-8c36-a70c3f5e3b8c,540746,2026-06-24 15:48:33
d1151fff-dcb9-4d5f-993c-572b4347dbca,fe7402cd-dd83-4d03-b066-e289164484a0,1969420,2026-04-03 00:29:50
96822e22-bcd4-444f-8f8a-368e35ba9357,b5f3f8aa-dc6d-4fff-99c2-f153b06b0f0c,7183461,2026-03-06 11:03:38
34e50699-c8eb-427a-a3a4-e70e9dbc15c0,0f321333-ce31-4937-b4fa-32b6d0437e4c,9564270,2026-05-17 05:50:14
89ecbc51-98cb-4a52-87f5-301988438de2,b43cde0a-fa9f-410e-92da-f6812b1ac76c,4909605,2026-04-23 08:46:52
dba6fdf8-f3d0-4ffb-8470-9848929ecc92,ade68f51-e670-43a0-bc48-f61583b0b35c,1597623,2026-02-22 15:46:48
695e5ea9-c923-4c64-8006-2b5bf67839b2,46feacd4-fe13-43cd-8f2d-5c15eb346d3a,2128840,2026-02-21 12:46:06
5274ee11-b61d-4906-a570-35db3fead90a,d7f34368-c2ef-4ecb-bf5f-bf4fd4176230,6588435,2026-07-10 02:05:09
44caa5a2-a1e5-48a2-93d2-28d424655c39,73b5bad5-600b-4b35-aa0a-a7d5a0b85755,1266962,2026-02-06 03:42:22
4739cc7b-bff3-4c8d-83ff-3e9667213a70,5e7b72c8-e097-4edb-afb3-b939b1d81887,7628537,2026-07-09 12:54:15
de70bd30-00a2-4367-94fb-09f053c93ae7,17d821b8-bb93-4d40-98df-f535c62dbaea,7691512,2026-05-20 02:52:40
88d00abd-cbb1-4c79-9036-708dd9a09007,6dfd171a-f7d7-465d-b7c3-b3c965d0b517,3554287,2026-07-12 03:04:39
48998e5f-d40e-43ce-92a7-4a4144bed486,216e9fe5-93f3-4596-8c1c-8b0556771f36,9498298,2026-07-08 11:40:37
aebbb90e-e4e7-41de-97ff-51d9c9ce44bd,197dbae1-0bc2-4a72-8c64-8ca2c3231466,7710512,2026-01-07 07:45:11
28719b9b-db8f-4e32-adef-50031fce01e3,fde91c42-002c-4c22-b4de-5f7070f81dba,7177291,2026-03-20 13:44:32
21c50e41-e8ce-4951-b047-8ea4fee5ce69,28b2bf21-4d47-4ed6-a666-3769e1d46f82,4597293,2026-02-06 05:59:30
1519830c-4019-4303-9c45-7e4da79313b8,a61f0b96-e75f-445a-aa1d-3fc65f31273d,2777060,2026-01-21 02:41:32
b9da5f8c-4e35-4a80-a027-9a186576a410,6de21429-3bf0-49c1-8156-e501b30e96e8,1530078,2026-02-06 23:10:34
13f3cade-7a10-413f-b6a2-c52b00473139,84fa4c72-39e7-44f1-97fb-613a21f89d06,7466993,2026-01-04 14:33:38
d12e0eb5-57f4-49b5-b212-a6ee02106371,6c1cc405-dc3f-42e0-bcf7-b8421edf3bfa,2217541,2026-07-05 12:29:20
16de66c9-6210-4ef6-ba9c-43081221cddf,1a6b6a7d-1a38-4ad6-8e53-2ffdbb134f02,5257175,2026-05-23 17:55:23
61fa01ba-231a-47c7-8c9b-ff5ce1887eaf,dfdf0e05-c0ce-431b-9038-e153c601818b,2233833,2026-02-25 11:29:13
022b6683-9033-4a65-87cf-63fd11836c4f,70aa5b0d-2a03-4ad4-a667-b9829c3de1b0,5891962,2026-03-24 17:49:14
eb7e2e64-26c0-447e-bf8e-8bfaa0c9da72,714011a1-afc2-4cfc-9db7-284b6965d1d1,3644770,2026-02-03 15:59:27
c0a0473a-23d7-46a1-99b8-14fce5871d89,624fea4b-bae1-4137-96ee-50e51f873b46,5897799,2026-06-16 18:11:35
3f6eed9d-23cb-4943-8a84-000350834fef,3f87dfc2-1591-42f2-a505-da9c46e75a2c,9284464,2026-08-22 09:43:02
48f091f0-9b8b-48ae-b89f-3a92999a1d86,06ddf6ca-b0c3-4a59-b0f7-ad22c76a8e0f,5060846,2026-03-21 18:53:34
304b2370-8270-4238-9b5f-8f39848b34f0,a56b61e0-4ba8-44ca-a449-cb6fbf72ae52,915528,2026-04-03 22:49:13
3db788a6-1cdc-44c2-a2c9-65b27eb0f62a,122dd7be-980b-481e-a359-5d1f7fe4a42e,8863186,2026-01-05 16:28:21
51045a16-ef15-4b72-9c70-ee97fca45567,d6c6f45c-dc5e-4e78-a307-d4d121c9a15d,9535850,2026-06-13 10:43:56
2c3aacdc-aed5-4a46-8bde-005b5d8babd7,fcc4091b-f457-47c6-b894-6a15c34201db,1224609,2026-01-07 11:33:23
431e930f-0387-474d-9149-d096965d744f,0f7ae302-ec2e-4815-8a32-17d2373aedf8,6676922,2026-07-16 17:57:11
8044beb2-b66e-4bf4-a0ea-0251495743a2,b3a9dcaa-6c6f-4d2e-aa59-c043c4615234,6749105,2026-02-02 00:16:58
9db54283-89a3-4811-895c-4fdea3fa4069,4f560ed5-1566-4e36-8708-203b271610c1,1325771,2026-07-18 13:42:18
cedd069d-f96c-4a0a-b404-c02aebc1bb52,6406face-53a5-4850-8950-ddd627c6cbb1,9838792,2026-01-26 16:14:14
bade8d5d-6fff-45cc-b2dc-6c344f67448e,0ed2ec9d-3d17-4712-98b2-2277f413db19,4101699,2026-02-03 11:33:41
74102d5d-1db1-4bfc-af3a-5115ecb4678c,4f2da233-0e16-4b12-9bdc-70d19cbf7b8c,2946859,2026-02-16 09:17:22
b3957a98-2320-4ff5-b538-f96c033e02f7,f3f8dea4-7f14-4afa-a9f0-ef7c02e7df89,5816756,2026-07-23 02:45:47
b88416d2-d28f-4f68-8871-d7b38468b74d,207e863f-5f32-45d8-aabe-1585425e0259,4509129,2026-02-15 20:22:06
55c34853-0783-443c-a65f-ad87c57c7498,861b4f5b-45a0-4539-ade8-370ace9e9ebd,1071604,2026-04-13 02:52:06
a0a5fde6-939f-41a2-b99c-ea5cb65ad0f1,82c299f0-7487-4772-bf03-86fa13badc91,6041886,2026-01-22 12:43:47
2ab8bd33-911f-430b-9bff-00b07fe670f3,c5f8e2f8-414f-4994-a845-77805e20c957,1726467,2026-08-11 21:15:01
3a78b64a-1d86-40cb-b908-00f3ac93281a,0b461173-00a8-4473-8242-5912bda3c162,206169,2026-04-05 23:23:05
620af158-5d2d-404f-b8c5-90730bc57207,ee6081ac-2dd0-422e-a66b-f2eaeb93f78c,593312,2026-08-03 17:04:23
bd9c4693-b6ca-4127-a9f8-7970cd98f9e2,52619dec-3979-45f5-ab5b-c975a7dc2bc0,4165175,2026-06-11 15:47:33
45712959-51e7-44e4-b864-ca08ea75752d,5f705b25-9250-4e59-93f0-6822d3748a11,2003225,2026-07-14 23:21:38
2de982f8-0d7b-4c04-a6e5-9b32ac5f12ef,fb3df063-8409-45ea-8de9-18b33922a7e4,770563,2026-06-05 16:53:25
ddb449dc-7710-4966-a082-7f7611a529b4,4f89e3b2-d847-4c53-8605-e58a48454343,5491208,2026-02-03 13:10:17
5e717fca-020a-4497-b4ed-51458d9765c7,c8d57717-9055-436f-8aa5-f9d3335f2f59,5098762,2026-04-05 05:02:48
f8cbab4c-9779-4e84-9e47-2e2276c3e642,c6a07656-c5c9-4b91-bf6e-f9ed7e4ce29f,3278654,2026-08-01 06:18:04
268b84b6-3ec0-4285-8bc4-ec0ec2aef674,061efb95-68f8-4063-aeb1-9ad201a1fb0f,3909063,2026-07-30 07:34:01
b186a5a8-d6ee-426b-a2cd-159058af393c,55c3b2db-f374-490d-8274-ce40e09016b6,24538,2026-05-27 03:08:08
4eb9047d-ba2a-43d9-bcf2-fc3bd95874c2,fbad793f-87a1-4c02-b487-9e411a9c672a,3995799,2026-06-13 00:58:02
f8f9a45d-0f55-4896-b610-396b7df59abf,47a2a10b-b62e-4b49-a472-96a4ff38b918,1560738,2026-01-18 01:10:48
d872f72e-e5b4-41ae-bb41-c943ebd8a3b1,e5449887-b36a-43ed-a9be-173a850ef0ad,6249388,2026-06-28 01:08:18
94ad6252-15bc-4a3e-bf76-55d7f97c6c3c,a3209116-222d-46a4-8163-b6ce1877bc06,6616126,2026-01-30 01:28:14
6f5b09a6-0ff1-451f-915c-b31b97867b12,3c9d128a-2176-4930-b6d7-0248a995ecc3,4893521,2026-04-12 08:36:42
cd0254db-ed11-45d7-90a4-6c85d9d57b02,bc4015fa-d4f7-4322-b362-c0d264988bde,5473603,2026-05-04 12:30:46
131eb723-3bcd-4203-859e-e67473e7f042,c7a9f33c-22d8-49d3-b3e4-f986f18cccdc,9809783,2026-02-12 07:42:01
7316ce64-2a14-4a96-9b0c-62eb27c8fc6c,1ee89a4c-6811-44e2-9064-7c59774f6354,8991331,2026-05-20 03:28:51
73b0d676-3527-45c8-8534-ca08f6f24d1c,da3c45ca-43d7-4f2b-b69d-e1e34eed4124,2011825,2026-02-05 02:47:01
4de1087b-afa1-4a55-8ebe-abaa28597b34,9a72083c-b266-486c-b467-88bdd38e13e4,676631,2026-03-25 12:08:20
25f88c74-53ea-4919-9b48-62c2d5ff2a1f,f7e9101d-3f8b-4433-b60e-695c1759ba96,5968383,2026-06-03 21:15:57
4c80d33a-ad5b-43c8-8c88-0714837217e0,2c82989f-fd9c-4bb0-91f1-6485429a4a7c,521480,2026-06-07 01:12:31
bf8211bc-8e52-4c42-b3c3-74a6dac726b6,7648776e-183f-4a70-bff6-579e8cd4b90a,1709731,2026-02-24 06:57:56
d49347fc-0fc9-4d2e-830f-9be91f178f93,21768dd7-38e7-4019-bb89-86c8c7ecfe71,3324130,2026-06-05 13:41:35
f004e897-a15b-4e18-afb0-64065f4b1a97,960be0f4-9513-4c22-9583-9b99a50a13dc,4342299,2026-01-30 02:55:52
329fc417-1081-4d45-bf45-f8a20594b24f,cf2e3296-7184-4713-a55f-65b7e709fba6,2160773,2026-02-05 17:18:10
cf133b65-d450-4fa2-98e7-0aebe7b33085,f1394e3c-0aee-4557-9f5d-f91254e07431,7734221,2026-01-20 15:58:39
6ee35607-92ea-4324-ac93-e5962b015723,7f0223bc-651e-4252-b974-4cded259f960,494640,2026-05-29 15:17:48
5a9c0679-2c3d-47e2-ad39-da75aee70ab2,46653497-2fe9-42aa-a886-a01136f7a26c,4695190,2026-06-23 05:07:40
9d3616a1-08de-4921-a60c-b547e2280fe3,a5b40983-3eeb-404a-9df2-372e9e825aae,4951053,2026-07-13 18:00:24
7aa1c567-8cf9-4ea9-a1fd-c6d169785221,620d4a1f-479f-4628-9674-eb650f9c5300,2302448,2026-06-12 19:33:06
cc152a1b-e278-4642-a484-e035330faaa3,fe7c80e9-a179-4e93-bfc8-25ac869bc00f,9121055,2026-01-08 14:01:57
b69f75c5-c82b-41be-a1eb-64e6fd498e20,c80c2195-8b65-44ce-bacc-99705beec570,8131582,2026-05-14 14:37:49
5254aad3-809c-4839-90ce-82e8e9a53368,06ac1010-2e08-49c1-853b-45fe636cf499,5349887,2026-08-20 21:31:40
cf89569d-e550-4736-8780-6e713811b519,cf03f0c8-0eff-45bd-87eb-340dc74e48ff,7913560,2026-07-25 14:39:59
ffe62994-9580-4c2a-844f-c4b85b80b8d1,19a2676f-28dd-4bfd-b956-be953b964c74,4158361,2026-04-04 15:42:25
ca8e858c-d0f8-4063-889f-e107443b1d0f,c398c332-0e50-4785-bcaf-f931ead18464,3681125,2026-08-12 13:50:21
636fa890-cc21-4bdb-bb8f-e8c4d8b48ead,fdd5b0f8-d6d7-44fd-af69-a9805ad479ef,2914414,2026-03-10 09:22:27
ce63cb1a-5168-4bf2-97af-5bde3c8e9d78,e9fa97e2-5bd9-4609-b297-a782bcf474aa,9924781,2026-01-11 22:54:15
f2933585-5a07-4758-b357-f3f9b4157cea,9027e770-2460-40d2-9048-83c191519998,3158046,2026-07-11 03:53:08
7d8d3ddd-2cf1-49cb-8f1e-1a378ac8ad93,3b8d3447-0e61-465f-971b-1b8009b7fdf7,3671014,2026-01-08 17:44:32
54ec84ce-002c-4b25-ba5d-7c8286c5547c,ce7334f2-3393-4b6c-9d37-efb6eafb3e90,2189261,2026-05-13 08:06:16
cd6bb03b-eb35-47a0-ad6e-0291b7893986,0f3f0f48-52d6-4779-9e43-79cbd8230076,367647,2026-02-27 08:46:32
24435958-eacf-43a9-b466-fab6962c04dd,86bb42c7-d8b2-48b6-9c65-4aa2c63ce21d,6121845,2026-01-29 04:02:36
a981fa54-f121-4129-b45c-9a545fa3a531,5628ddcd-19dd-4e8c-9605-30356545c030,5062789,2026-05-06 06:52:47
bb7b6c05-2852-4ca2-b9d2-014a22ee7f07,a3a6ef83-cab6-4107-afd6-9b3af2dd9456,8173869,2026-05-04 05:17:44
8fddbebc-f7ff-48d4-b509-f08a2c988bca,9d1c0838-edc8-4ca8-a3bc-d6f3b18d2c8c,5986549,2026-03-28 16:43:17
2ce3d822-d080-42b8-96c5-6fe7aa604892,b0416f19-bbe7-4835-8e8b-f78a60ddc7f1,4941189,2026-02-19 10:58:22
f2e3c6f0-0075-43d5-ba94-aa662d7e4a45,643ffdae-92a5-4d04-b2dd-e1f5b3b6d344,9520790,2026-01-13 13:49:44
ebc92914-5176-49d1-9a36-24d62e9ce8ff,388c9751-9c83-49ae-b7b0-2805cf0df860,9488368,2026-02-10 10:22:39
54c7743b-2401-442a-bf05-fbf5efcac577,58c88c48-3ced-4d1f-93eb-22c9beced21a,5360643,2026-03-07 04:49:26
16b6bf61-f68c-42e6-a2a4-5909a2dd22d5,a39c3bd5-ab86-4afd-b57e-c883d2586d90,5632951,2026-06-23 10:53:33
3fe1e8f3-35ad-4e88-83e4-f66802ead2df,41b455b8-59b9-422c-915a-ffacb173fcdf,1812529,2026-01-01 11:56:28
bb8aa843-702f-41e5-a2cc-c6040c53644b,e271fff9-2a95-47f6-b817-0ebf6b6e64c5,6946098,2026-07-11 11:51:26
8bc83a02-59ea-4936-a0f3-4ebce1bbb8cd,7abfcebf-d42c-41ae-99f7-38cb6016c743,9698171,2026-03-29 14:35:00
cc9803de-12de-4e5a-b387-928a29a3db6d,0523d4fd-4b7f-4183-888d-bd82d883e3f8,5347192,2026-04-12 09:53:11
5780be17-12fe-4c2b-9acf-42c5f3a02120,29310971-601e-4211-a34f-76b42b8c03bf,1258341,2026-08-01 10:50:26
17d5b563-fa60-4de1-a5eb-772df11c0ac5,9d17d218-fc3b-4de5-9812-62ac5683ede0,8098989,2026-01-13 00:52:39
2a3d418d-a754-429f-b143-e5456e6b34b9,2837f418-6f27-41b9-a3c6-dedb9b792afa,898526,2026-02-09 07:47:28
30a2cee8-f972-4cc1-b49e-f4a954c29d5c,b8d77d2f-8dda-4ff2-b27b-7bb468c690b2,9061811,2026-04-14 00:26:48
3ccff6eb-4c22-42f3-8811-e562a91cf192,925f8199-6495-4d5f-8cb4-e891188df23b,9221818,2026-07-10 15:58:10
00fa0eb4-5c5f-48d4-8df4-07b82751ab86,d2eaef18-4b67-47a1-966e-cfe36d779595,8058583,2026-03-19 13:06:14
2bbba89d-34fa-4ee1-8696-9d4818d42238,14f9c394-fa20-4403-8ab4-27e3a3607681,7945207,2026-02-14 20:37:16
788fd0cd-65c0-4b93-88ed-abdd4ef03f80,43d75413-a939-4bd1-a516-b0d47d3572cc,1529033,2026-07-31 07:37:19
e2afa629-5efb-436e-af54-60336334fa2a,721e5419-2fc3-4649-9e91-1b9161a66444,748557,2026-04-13 06:05:46
39eb038a-436e-4c49-b70e-09db7092d401,0fc79913-9072-46ea-84c0-7a9ad64acb1f,2535561,2026-02-07 13:20:01
cee4e512-5802-4640-ab0b-4cc515f0ea19,c1a72883-f880-4878-a9fb-07638a9c66f7,9893977,2026-03-30 08:34:21
6319629b-d73e-4bb9-8f9c-a17b8db8dadf,f7336094-6b2b-48b9-85c7-f3bed183010f,8984450,2026-07-04 09:41:02
79ec533c-3c53-490e-a1b4-1171929d674d,e71c681a-6511-461a-9436-65f54c819260,582657,2026-07-14 23:55:29
ccea5031-844e-450b-a684-390c923b7820,9eca381b-fb95-40fc-ad72-ed05924cde09,2473771,2026-02-16 17:06:29
2c41cbd3-72f4-44ab-81d7-1f4af3025d16,f8dfcc3a-2acb-4fbd-bbff-8a7df2f5b176,3554936,2026-03-16 20:20:14
140ff589-6c62-4c2c-8aec-cec7204db9da,33b0fb53-6f75-4e8a-aee1-4f87fcffe9e3,2480995,2026-08-20 02:14:46
ba236c22-e92a-4b97-91db-1a374204d733,16476e3f-1127-4207-8eae-1325ea074d80,6511233,2026-08-05 01:41:24
db4bb8eb-537d-4bd1-8d53-6c7565b90e94,eacb1f6d-7549-49f9-850a-48d446b518de,207440,2026-08-17 04:36:21
1cce08e9-6b6a-4061-881c-8d3185c69fbf,910c4cb7-25f0-4b0a-a64e-f59d6a18e5af,9863907,2026-08-15 06:56:38
19a6f80e-f08c-46c2-b6ff-3521c2250530,c7903dc5-900c-4af7-9b0a-e22eecc817a6,1694348,2026-04-22 02:34:43
5807cf74-e150-4425-891f-4683de12dbf1,620f230b-439e-454c-a930-16eae0bda1ee,8146770,2026-08-11 03:38:34
2c154804-0997-49a3-b919-955c9be4f19f,9e45455e-24d3-4751-a729-4d3c46818a88,6739751,2026-01-16 01:28:45
54dccba5-e103-4e1c-a3bb-22ae6552ac53,bee975da-0c9e-4550-bcd1-ff3fb0c58278,7972848,2026-04-15 07:23:15
567e642e-052d-4b9a-9f58-4603e5a3d8e9,4f9a5f98-4d95-4273-8b2c-c805d1403430,4703446,2026-07-10 22:13:23
1924c644-af52-4666-b239-09f4dbb54645,226716e3-3a5b-4ac5-9e70-3b72f8f58a26,5041235,2026-06-22 02:05:24
44f8b53c-5224-4d05-9369-2867c626e38f,a543148e-9adf-4981-aab1-9e15ba92992e,1497994,2026-03-14 23:41:15
d2efa93b-e9d6-4b7e-b61d-b014711456de,c26e2706-7c05-4799-bdae-8eff683c510e,8665465,2026-05-26 05:05:44
ca9f1d59-83e8-4700-8e63-813ed22e3226,b5a6571c-4fa5-435e-90cc-460428b26b1b,8502623,2026-06-06 15:49:19
86379f04-d9ee-4dc9-87cf-eca822b9f24c,2c7a0d31-0769-4583-9194-821ee11bf0d4,3234043,2026-03-19 22:54:32
08775804-3fde-4814-8ec0-ad4bd6441a9d,5c418a83-eb04-459c-8cf1-73f974d9d1f5,3340517,2026-04-17 09:39:19
814ff657-76d7-4561-92d1-4ef55e4c4fd1,1fb621ae-ec4e-4cbb-a2aa-378c659e0258,512775,2026-04-04 23:01:35
7233d5af-9813-4da1-bd21-20ad5f59fb4d,797e3984-ded7-43ef-b5e4-a9c12d761ffa,9846226,2026-08-03 02:48:09
d6707a21-29dc-473e-9820-b3f25989dd6c,d4b3e8cf-bfbb-4ab3-8237-8962e4fd6c34,1516534,2026-04-21 17:02:21
29b44cb1-0cb5-4e5c-a2f5-f7c20706fec2,f704d72f-c7a2-4280-927f-8103da9408c0,3595679,2026-03-27 23:08:29
34ec5264-ad7d-4f81-b9a0-f145a5bab050,83666636-68d5-46b8-a6ce-6d7a44e2a94b,336432,2026-01-04 10:56:06
a5ba2472-21df-4609-a959-137f795e6f2b,022aadda-cd05-49e2-99e4-704c2c56e0cd,3754248,2026-04-09 00:26:57
4e329b4b-f168-4605-8e1a-16699bbc6cbc,a48aa108-b599-477f-b78e-e9e8b676291d,4620095,2026-06-14 14:09:56
59450186-da01-4d29-a060-b1ebe53e5f4c,7779857f-37dc-4c78-8082-fcda7580e4e9,5069163,2026-07-22 04:41:48
95a0f356-65ab-49ff-9fa4-a627d30608be,ffda9a93-82f2-4004-81e1-87d81a312044,6278543,2026-08-07 01:09:34
485d831c-9bea-4529-9801-7a2fa5b83693,7b53359e-1bac-4d0d-af35-b30b4c68eb17,1071018,2026-05-11 14:23:26
533c2ed5-a3fe-4479-86c7-9b36fd053963,a7f77451-42da-4609-86e1-ee40dc8ab6a7,5012893,2026-03-15 03:38:35
3d846fc9-c3f6-4136-846d-5a3b2661c426,db7904e0-ce30-461d-8e88-c8ece651e3e1,6779656,2026-05-05 02:45:17
06843c86-b8a6-4402-a3d2-6b8dae46024d,4bacbedf-ff5a-429e-bf53-d344a7c854e4,4352460,2026-06-12 13:18:53
090aaa93-bc9a-4998-a365-fc2a6793cb09,92715f6e-fea8-4e3a-b544-01cb95410a9d,3186257,2026-05-14 06:32:55
afb28b3d-38ec-4b4d-b69f-5eabb9ff2c29,79c9c839-c8ef-4377-a368-84f588ddd880,6014593,2026-07-17 00:31:01
d73418fe-2b84-4ef3-986d-655d4cd99164,2e5eeb6a-8ee9-481a-a061-f65fa8596f8c,4928888,2026-02-07 21:43:35
423701f1-bdac-4c5e-a0c0-f2757885187d,c34e9baf-8f1c-42cc-8eef-9fa8b9a5d4d0,3071387,2026-05-11 08:19:16
5af3da5a-38e5-4b27-96dc-5a6ea7890770,4e9d23e9-df16-4ec3-be84-8aa2392c04da,7054369,2026-05-09 16:05:58
4b46ef33-95e7-4614-82b4-02815f269466,787515b9-1e26-4d31-99e9-275876b90436,900559,2026-08-15 15:18:34
123b31cf-9ee3-49ff-b1bd-b598948f664a,801f4909-31cd-4f6e-a3b1-6d3678e36397,2010187,2026-05-29 05:24:53
0dd70158-69c1-45ae-8c61-0ae887a37f10,232a5e82-2699-4aab-9aaf-7529deeff82a,3360429,2026-05-14 01:54:53
e4917f7d-91c4-4efc-bcb8-96bb68c0cbef,24aa5685-7523-46ce-bc95-0bbae8184f34,5308043,2026-03-12 01:02:48
55273407-7cd2-492f-94b0-0f62c768b07f,503be788-2d44-4af8-bc94-76b1a18b5d15,973316,2026-01-02 19:55:58
c2dd901d-359a-4533-8605-ec0e73b9c2ac,c3b534db-9387-43c9-ab29-bf36c606ddc4,2658110,2026-07-10 03:11:21
1689e0b8-c79d-4b62-8379-44c1c90394ea,a22c3d4f-6f07-460f-9d4e-8b5d2120bfba,7204309,2026-06-06 15:53:59
62210670-7a36-4788-b71f-b9a66dd49c96,330ccff5-88a5-4a0d-89a8-5dc50131ff3b,6259612,2026-01-06 11:12:29
d54e7948-c1c0-45e3-927c-8f50e45a87e8,ad3f5dd4-0496-46ba-b0c9-a2be87f1d48c,69196,2026-04-07 15:11:58
58274e80-e082-4918-b18a-d67d39ec8ca1,62305d27-1a4b-4606-a101-9bff4fe54745,8444594,2026-08-17 14:48:30
d2e76deb-10b6-4662-aac1-d5ca4e5d8f12,4a73b0bf-f2ce-4eeb-8c56-fb8f0bb432b3,7649184,2026-07-22 01:26:22
6f04af36-567c-4d44-862c-92fd98abb2e7,2240063b-fed7-47be-afd0-d2f7e3524444,5750112,2026-07-10 08:47:47
2a35ce30-303c-404b-8007-93365bf7dda1,cfdfc6f9-eb0f-427c-a82a-3879f2b5a7ea,6767798,2026-01-08 10:15:19
fc21109b-ba27-4c64-b96d-1ffb3a799efa,059c1ba0-bbec-421d-b610-901c2196b3b5,9893414,2026-07-15 23:31:32
b60b4f87-5dd8-4ffc-9f87-8b322b429596,600c9c71-0990-4647-8ac8-d87ea689d07f,4291440,2026-07-27 16:04:36
fea35d37-980b-4853-8c70-31eb9f85c2dd,a750350e-1bad-42a8-a976-dc4d0c472187,331221,2026-01-19 17:34:59
71be94c3-6ab1-4db6-9da4-66feb0937085,40b374f8-8c1a-42c7-9fa3-ed1f61584f88,7959059,2026-03-01 11:14:52
a15c159a-af8c-4888-b1f8-1ad9349b5089,a962d996-6bbe-4b5a-8d15-f7d80261c87a,1694170,2026-07-22 01:38:00
b362cd55-9b0a-4a0b-9f6f-acc1451d38fe,e60c1638-d4a5-481e-ab38-2a0a231d260b,1760178,2026-07-18 16:18:56
485f7888-1e23-4a4b-9e21-741fb8011026,7f6bd3c6-1b34-4937-88e6-09391d2fed2a,3332747,2026-08-25 12:18:29
d4dd1b56-4353-41b2-8728-50c13322c68b,5ba0c3e0-33a0-4aa7-b91e-5fcd85ece729,6874578,2026-04-25 16:52:21
7f111a36-8c52-4271-8a16-7e18290e3e89,eee13cae-b02e-41aa-b52b-6ec8e90d21cb,8064212,2026-05-09 09:26:56
abf0263e-0343-4b64-80b3-700f3c088990,d5d1c669-1c45-4357-a829-4a6716c8e3d7,9632694,2026-07-11 21:23:00
c78f07cf-170f-487b-b30e-e4fe262e5559,b93c4b0b-b93b-470c-9336-5c0c82ff1f2e,1699382,2026-04-10 09:05:14
fd1935cc-74ed-460e-bb2d-520ba4f34185,76dae194-439d-429d-8bc8-1c16fa2fbd74,840216,2026-02-08 18:17:11
0a190939-dfc7-4b26-acb9-41fcd02c75f9,cd3566ef-5c37-4739-8a62-9c5eda2cf852,5246364,2026-06-15 10:33:47
d9eb404c-1851-41cf-9dab-b10abd10f87c,0279e2ab-0bbf-4334-a3ea-2d7fc219a845,2321883,2026-03-08 05:17:22
700e0efc-e4ff-431a-9b86-ea6954231dbe,e0e3c5ce-44af-4cb7-9f2e-befcf480b91e,1559474,2026-05-25 17:05:24
1d24181c-2ed0-47d4-97bc-ad3ad0a17fe8,74dfb83f-f659-4188-a676-cc7566995af5,4560612,2026-05-30 19:07:44
ccc62fed-7a6e-43d0-99c5-9cd9b09d721b,cc0243c6-e2d9-43c8-a61a-cd8e6bf7240f,2798092,2026-02-13 21:45:48
0f037337-b9f6-443b-b238-305621ec4754,28ce231e-d827-4fc3-b145-8426fb481ded,1740027,2026-06-11 13:39:33
cd613988-7b90-442f-973b-6977e9462820,2e671784-702b-4014-adab-2c2f91a646da,6371170,2026-05-20 06:23:02
af390a9d-dcd1-4413-8760-801f9c81fc46,f933a9fa-ba2e-4eb3-96aa-5382e1446b45,2192042,2026-07-07 14:37:43
e3395b1a-1ce9-4871-bcf5-9d5feb9f33cb,1036ca81-0bc4-47ba-b0d0-ebcb6949ece5,4389145,2026-05-03 00:54:35
ad8cbfea-de4b-461e-b45e-9463032a09e0,939f44eb-be5e-415e-847c-c30b865a7766,9479342,2026-03-28 23:41:26
df865633-ab7a-4b66-b4ac-c7e2fa575cea,b0309aaf-85ea-46e0-84e3-b774569adef0,1597907,2026-06-18 02:26:05
7b5fbe41-3fa2-4de0-ba05-dd0fa9660a5a,a4331510-ad21-44cc-a9e8-f0d8588309de,6457168,2026-02-27 17:33:35
e45e2ad0-8eef-45dd-9391-6dcfd6cade2c,02fb2869-0df8-4b89-9ce7-eed1fcdfe961,2632814,2026-07-16 08:13:52
7eef09ab-da14-4a47-b823-51d9d94df188,c05db774-132a-4e58-aa57-e880de9205ea,8248494,2026-05-05 12:31:25
47354e4f-f85b-4d0a-94b5-86353dab1614,8ced4707-3903-4b65-81c6-1eeb0ce3c8c8,6352494,2026-06-06 14:48:50
75873920-142e-4df0-bc28-f5dcd12daea8,72b696ca-92b2-4acd-8d1f-75a371b65ca1,1476738,2026-07-13 13:56:52
fb0d3cda-1e63-4261-90e9-688872730e7b,048c8480-a743-4402-bec7-fb117f53dc0a,1722079,2026-06-06 16:19:48
8c91bd13-8ea0-4346-892c-4801698f04f8,cab24f24-1744-4e3f-936e-c1bd000b1f5e,5110315,2026-07-17 10:03:04
abe5be96-a793-4a2e-b4f4-34048ff50701,5d04032d-5742-4882-b34a-794974ca0ad7,910596,2026-03-28 13:44:50
8f660bbd-54fc-486f-b457-7d47d8253010,791f49f6-9996-4612-9ea8-7552c47566bf,6095081,2026-06-25 17:54:29
a8ae57b9-c262-4ad0-98f1-a1e41d30a290,5aea6352-5763-4e1e-808f-fab938c46b38,4898681,2026-08-01 16:50:46
1b37ef19-b3bc-412f-9fb7-474e85a0d089,7e0f60b2-2a06-4609-a599-bd3c0bb81d38,2356356,2026-06-08 22:07:14
3227e8d8-9c60-481b-8119-1aa71b61d453,da296905-ee22-470b-9ee9-32603002d831,6591719,2026-03-25 17:26:23
30c9c51f-c80b-4af7-9315-fafa7500f785,c1d48a10-1b96-4925-9682-d038b77f69b9,6953668,2026-01-19 01:24:53
ac117bab-d664-4fe8-a21c-0c06ed376567,e44a0371-c5ab-4e57-9f8b-4af196bc532d,7558222,2026-06-27 15:09:50
811317a8-f4c8-4393-96dd-6c82a8909e31,011c4544-7fb3-4be5-b6bf-2f7222778161,8898047,2026-01-19 20:43:12
d6bca712-6ecc-4931-af70-5d018da03d88,82221ad3-eca3-41d4-bba1-6dd795ca788d,2972973,2026-08-13 16:31:03
20dda0ff-d0b3-4752-bb01-b2a52c745800,99bd6240-a853-4961-a32d-03021a82833c,5399652,2026-07-15 18:38:48
fac08fc4-6b2d-4ccc-a279-403ce1a2cfe7,c32afc4a-b148-42a6-aa79-17e19be702ab,4164765,2026-04-17 06:05:54
f8722413-57c5-482c-b6ae-10e865daced0,2224a806-ce07-4a52-b3ed-b2234b4ef503,2318285,2026-06-10 07:03:59
bf98e734-e2ed-4686-b334-22cb9a3f0ad1,b3952193-d7d3-49d9-8c85-92338325bd9e,9190669,2026-05-02 21:51:38
8db78572-ef7d-4821-bca0-258eb63d65d5,35afbb2d-336d-4786-b7a3-c30aa1f0fa7a,4875124,2026-05-15 02:22:09
fb38cd91-21f6-463d-ac20-af11ebd33927,f554e1f8-f9a5-4cf2-a66c-0fa1b5dc8a9a,2983212,2026-07-15 16:37:38
5287964d-a30a-4658-b1be-6df28ae0b8a0,5a2c41bc-c2c2-46ff-9d8b-32d9b5d9ad36,9433506,2026-07-06 13:22:19
aacad101-f153-4f68-9215-583a9532caba,bf74531c-ac9b-489a-aadf-d568b5caa993,8957412,2026-04-22 01:02:30
ceed0ffc-6c21-435d-98e8-b97ce0a25901,06783c34-1b41-461e-85d1-a1ef0344edb3,6389953,2026-02-26 10:32:35
332cce0a-0e7d-4698-ab95-c72f0d95aaf5,29330fc4-c918-4346-800c-200c4458b006,4808620,2026-04-08 07:23:52
b0cad2eb-0fe1-421a-96e1-ba00257c54bc,c0eb8875-3439-4729-8b8e-5509c8cba592,9079371,2026-01-13 13:07:02
1a3c2131-73dd-4bc6-9064-05a85bd29cb1,bd4f6118-acef-45c4-9e37-90fb9db94eee,9426875,2026-03-29 02:41:46
638e1388-8faf-4d4a-a5a9-9ebcbe0ec2da,cbfd4a31-c8c8-4ad6-82cb-cdc73cd30e99,4825785,2026-01-19 05:53:03
6aa415b5-6336-4815-a1af-663ced2e1bcd,af65e8cc-f9cf-4499-89c1-ad45f4ea6b97,5245473,2026-08-03 10:10:27
4057e470-be61-47a8-8351-b09d0dc5fb06,c7eab19b-de6c-436b-9edd-218233fd862d,7433387,2026-03-29 14:15:51
b5a4c55b-b462-4214-a23f-f67de9572bc2,96a06bf2-c14e-4d10-9e24-4824a5cb3c6e,9170690,2026-08-23 07:58:27
f6dbb2b6-b993-4f63-86b1-8d94324bcc3d,2d6bc882-72e5-48e9-8b4f-3b2e318910ec,1249392,2026-03-14 14:44:52
838b77ad-bc2e-4b59-ac7d-d667f664c720,6db2b020-0a67-4143-a090-103c1e8df8ad,4682736,2026-08-05 03:52:30
95801c3a-2932-4211-a14c-0a4d43a534d2,549fc34c-0171-45a7-8148-bd11d89462e8,7823751,2026-03-02 02:53:37
5297e1ad-edba-4484-a759-1ad40a398bf7,eeb093fe-c60e-44d5-8d04-dcb698cd2655,5052549,2026-07-10 12:15:58
5bab7f4a-8cd7-4c27-929a-f586ca376c36,515f352c-b52a-4e6b-88b6-48e012a850c5,8814676,2026-03-27 10:11:40
11740357-8546-4426-af12-0b9ef4fd25b7,6a7a7841-28cc-412a-8150-e0c9c948384b,9111383,2026-07-28 13:32:16
38a06ffe-5972-48c5-9789-be6367465743,54f6516e-a9d0-49dc-b69e-5af8e22649ee,5554384,2026-05-21 02:52:46
c0ae0b1a-f347-4736-b7ec-07a64b27b079,ff2336e9-7990-4d96-87ce-c69d9e47a339,9417643,2026-01-04 10:03:23
72173fa3-5893-4f12-ab3f-8d221d5e6aee,9d1b83df-a46b-4fce-a78d-147c3d877034,4090750,2026-01-16 11:40:58
61a1a29c-5228-4d8d-a2ba-9fceaebbaf9c,1d06149e-f1ea-464a-8bd4-31ccea7a8c21,6473933,2026-04-10 15:35:50
06531d47-4867-4b30-b956-77318a4cfe1f,c53f1db3-d275-4d43-8451-7303e94d4fbe,6290762,2026-07-19 17:42:28
7c9f3bc3-7210-445a-823c-7ef9cd8565ce,a6ca8d50-e5f5-4891-8be3-18a80b39dccf,3229831,2026-05-05 09:31:52
189099c9-f2be-429f-9514-9755838e9a61,c5f833cf-f4ce-4477-b8bc-a9ac2ada62ce,9025729,2026-07-27 01:50:18
35f5c654-10c2-42e5-a07e-afb101e06ad8,3692a531-c609-4cd8-a127-dc6bab9b153d,7117063,2026-02-10 08:40:05
b3e6f4c6-d428-4f6c-89aa-429334a0dcd4,c673f2e0-bdca-410f-b9e9-cf93e0ee5e8a,7302087,2026-01-29 00:12:42
0614ac41-275c-45dc-afa0-8cbebf343ca7,09b2eae6-54eb-4c91-b784-ae08758fc8fa,1468367,2026-01-29 10:43:16
407d0aff-cb51-4911-ad90-e4ee0de4833e,d255a4de-9330-4a83-9208-7e208ede9b46,3819269,2026-04-11 10:46:25
a155eb2c-737c-48b5-a356-1add685a9f2b,0452f779-50ff-4e64-aeda-ba8c6789e7d0,6534766,2026-02-15 22:41:22
b864a47b-a434-47fb-8182-978288eae7d4,bef6a59a-c186-4221-9030-56b79e4c24dd,9824882,2026-01-18 16:14:52
5b923c67-1295-48df-9926-fe41b36d0121,4a32bb22-1b2b-42ec-80b9-ec30ed94898b,5055835,2026-08-24 13:36:12
ed3b9d13-c3e9-4323-8811-86e9162534ca,d2769c96-6526-4474-a1a4-51ff700b8b43,517069,2026-07-04 01:53:07
22e9e527-3849-4ecc-8891-57fd2804d0ac,cc27f386-cbf9-45b5-a418-16b7bf2b43b4,9155747,2026-04-25 13:23:54
4c4d6e40-24e2-426c-a250-d133f5cb5be4,f7222fbe-ea06-494b-a310-ff72ad62d094,6260101,2026-01-05 07:55:38
243113fd-8e19-4d07-9ff0-b9bf8db3c2c1,929daf9f-0149-42af-8ab1-a5041f8c56e0,6611603,2026-07-28 14:37:11
4e003d55-15ca-4faf-b26d-3dd38c2aa0b1,e74ed0b3-bdce-435f-bf90-5d6a35c606b5,5768883,2026-03-24 05:31:52
d9f93502-a55b-444f-a7d7-3d1d69a3b991,2f1a25a8-2934-4e15-a477-f0478336a758,3704217,2026-08-28 13:47:03
1d57e734-31bf-4cf6-80b3-af7cd5b211a9,913a1734-ccb6-4571-abc5-35452e6d7a04,912494,2026-08-02 03:39:47
12b99a50-8cb6-41f0-a509-6396761579e7,402d105b-113e-4f84-abf3-90964a68369c,1647572,2026-03-18 16:03:55
f3981e9e-7cb8-42a0-94a1-eab0b9c037aa,abda06b2-20d2-4528-9b6d-6b7c54b2a582,3934818,2026-02-08 20:29:15
e66e2c11-11de-4ebf-9e98-961d48febf6d,735d88f3-7c61-46df-915a-6b4331891f48,5508743,2026-08-28 08:43:40
958c2936-b186-48ce-8e40-bfbaa8cfe589,5d4f7107-911d-4c79-90c8-042027035b27,5307199,2026-06-16 08:06:51
3f05557c-502e-4818-813c-a9982b2bf58c,bd64987e-b652-4e99-b8b5-e89ac921057c,7316957,2026-04-18 10:50:34
adf8f767-2261-4def-9c07-4653d71173e4,7ade4367-e0bd-402c-94e1-4f3abba41ae0,7765317,2026-06-22 23:02:13
7caa281b-4e33-4644-8657-20ae5bd67d4d,a542deb9-2cff-45f8-9bdc-74a98d3a5d76,1375300,2026-04-19 23:31:48
e42c0aea-23d7-463d-9391-d017dbd4a86d,bbc99473-4363-489c-b249-5cff89e2df24,1282835,2026-01-30 06:46:42
81d67019-d97e-4d3c-84c4-f46ae4610160,94f6c67a-d009-4507-87fc-584ea1b24627,9712353,2026-06-07 08:07:36
e80382eb-3677-4be4-970c-9eb4c4ea4ece,8b20ce3e-42b7-4048-8d35-43be09624ec9,9054289,2026-07-03 08:19:39
5da64a3a-260c-4fb4-8673-5380a7668617,c5ab48da-e435-4021-b92a-9fc4647ac591,9891869,2026-04-24 00:18:31
82aa5c46-8049-4bbf-b6f6-a77822460ac9,808e08d2-5d26-4b1b-a593-b659172e8c68,177708,2026-04-03 18:31:49
fb5abb36-ce79-48b7-b6c8-b8b9d9155664,c1d841d3-2a74-490c-af25-37f59d31762a,8625792,2026-02-24 12:20:58
90fcc9f1-2ddc-456b-a8c2-cce9723b80d4,df482e7c-a8cf-4f62-90d9-170cf2dec75c,2452823,2026-07-07 18:34:42
38048786-0a58-443c-9bda-0655f06dca24,1017ab44-3b53-464b-bcd6-1da4c2efda8b,4435186,2026-05-24 11:23:07
34ef2552-ab28-4d09-8af5-7e603be8a5df,5c7af83d-ca9d-4704-a860-bcb18494205c,6511131,2026-07-02 09:40:51
0be3534a-e1ad-440c-b463-835eeafb9f20,52f6531f-a605-47c9-bb07-ee930a3731ab,1731838,2026-07-22 11:32:51
d5ba304c-4603-49ee-9463-c183a2317211,8b5a8683-9421-4090-8368-ae93bdedcb7a,9565710,2026-03-09 12:23:51
5d8416e0-60e6-46ff-a757-43f9606cc2f5,d5e14d1f-e5f2-4dfb-a741-104b96721e98,1305906,2026-07-20 15:38:50
e8410a39-f901-4b9c-a057-153a4067f790,5a578607-67e5-4646-8430-f0fa390fecf5,5788691,2026-07-09 01:52:43
9aad9234-e31d-4345-bb6b-911ecaeb9959,23936d45-e1cc-4f0d-8078-636d01b062c1,7380285,2026-03-06 07:33:29
a4bae8bf-83b8-4a05-93bc-0dc63ae0acdb,2fd90ce1-2676-47ca-b625-fc2047e321c2,2640028,2026-05-21 16:09:45
1e4ae3a7-d123-47c1-b7a1-267e9a1e0036,cfa9026b-6a24-4f46-baf7-fa21a93e7b5b,5540262,2026-02-14 00:23:35
7aa1219a-7a93-48bb-acdb-d5f27b44acd0,a5b2c7ea-2947-4f54-973e-129c35f0b1be,6893754,2026-01-09 17:12:44
92d00319-20bd-4422-8b0b-81de3e612d66,a1298fa2-227d-4660-a93f-c26697a418b8,8600729,2026-01-16 05:17:07
0e503fd8-2598-4383-9280-3da2e40b50e4,2e16f0b6-ec25-4a75-821d-4dca2a955908,8667802,2026-06-07 11:07:36
a33b3dfd-9048-45c6-b820-5aa7996f7e88,ba5c865d-b834-4070-a0e5-f6e504c44853,4755589,2026-02-03 07:14:02
fe268e77-9b45-47e0-b2fe-fdc23772aa97,2baa43c9-7b4e-4ecd-9e07-87b178ae8d5d,3680324,2026-06-09 12:37:28
95284c0a-cb6b-4562-a488-c84d99d090fd,9f8acdeb-2e8f-45a8-847a-3b7ed209383b,8569894,2026-04-13 17:30:41
57b94dfb-af82-470c-b964-4e4f2aefcf3b,97314c91-98b6-491b-b416-9e82ec1f41ce,1155002,2026-03-31 06:01:11
1bcb404c-21d8-496a-a2ad-a15760d2759a,dc0e3375-85d0-491c-b3cd-1d56043d72db,8461758,2026-06-13 00:46:23
18a70609-9b02-4535-a649-a478d3966f0a,9d6022c5-e6cf-4bd8-b9d2-90012d6b8a4e,654934,2026-07-26 09:17:10
17db4c2f-1e15-4e2f-809c-2ebe80da2ed7,e6e8790b-215d-4b1f-a8cd-f44d7b742440,9047727,2026-01-01 11:11:12
adb610f4-c65d-486e-b00f-63efe59fc1c2,6bb1f2bc-85a4-40cb-ae76-936aa6340d1a,6213912,2026-01-17 20:52:26
3abf9c65-6dd0-43f3-87a2-0e22b298b811,ca20508d-7b6c-4129-8d63-8ba8f03c664b,6396097,2026-05-17 03:03:46
e869707c-bdcb-4ffc-8dfb-a4e996cbdafb,937ca77c-b25b-4de7-9652-1e08c2f43c10,1639427,2026-06-15 05:50:55
c40f5405-7a25-4d81-8128-17eb224629cd,157511ad-dbea-49f8-a8fb-5a963b85f6e1,4752436,2026-08-21 08:29:19
41ff81d1-689d-4205-8b31-f4d8e073c1d0,be5f902f-b58a-4738-8166-72213063ae7f,119364,2026-08-13 11:13:50
01d77831-850f-4cdc-9e2a-03f185c53910,b0117b0a-3496-41d6-a790-55b06001f54d,5299961,2026-06-08 18:42:44
6d130705-279f-41ab-9b49-09b65cbdb682,42e4bf01-40ee-431d-95da-d216a6cdae3c,8994357,2026-06-14 11:52:47
468b22af-9ca4-464d-9d9a-d9f1908e3a95,c145d6ba-65bf-4e04-ae3c-2ce6fde6849b,3417422,2026-06-10 11:33:56
7b8301cf-8ebc-4d7e-88a6-5b858d56bff6,8e0eabb7-8f20-45e7-9ec6-46eb2dc09158,8116158,2026-04-09 13:22:44
5827bc1d-93e0-4235-8e80-d10bfd0ee0b6,bc5c3cd8-65eb-44dc-b49b-4b72c6319c16,2316415,2026-02-16 05:57:35
c879d932-7254-4ab7-bad2-4ac8bf70c042,19abdc15-296b-47bf-b301-bb6cb3061300,3598020,2026-07-17 10:06:18
cd04c001-56a3-4ccc-893c-9cc6668b28da,af3f9d9a-b272-4aa7-9d30-c42e8cf29000,873311,2026-03-04 10:11:12
015aba1d-a2c8-4f62-b6ee-137d639c4c6c,25343e85-d2c0-4ec2-9751-94d7cdeb2696,7913296,2026-08-22 02:41:34
4359ff43-1067-43b6-9690-636b6f74e55d,9be950c7-147d-4bfc-9eef-0d1e38c5ef5e,633439,2026-05-30 06:10:40
9d2cd944-6690-4951-bc04-ca7aee415f16,b62bccb1-4956-4c36-8560-9e8aa7fb1997,964079,2026-03-10 01:38:43
02bdeabe-7060-48eb-be8e-ed12a3ea21a2,ee462fcd-a829-407c-99be-ccff33a315f3,8693179,2026-04-22 01:46:26
9979cf26-c8b1-40e1-889a-9f4f31dae817,3b4ec9f5-b2cd-4a0a-840c-5cb082b34384,2843461,2026-01-15 00:06:50
0012d399-a7af-4545-bd3f-ec1b5c17ebb5,ff2f6883-163b-4481-a84e-4cd4f9c3ee05,4629462,2026-06-05 02:59:30
67cba27a-6528-4970-ab6e-f8dd5a669316,03ef0f77-848a-4924-b347-8a919609598e,1151215,2026-02-05 00:24:24
d46b7756-b9e4-49ef-88d4-95a48cb21aa2,591cc524-953b-4f1f-aa3e-072a8f221604,5829674,2026-04-18 09:14:23
31cc6738-f68a-49b7-9b3a-a1d139ee80ab,932d1648-6769-40f1-ae01-b9e0746b161a,78048,2026-04-12 09:41:54
1b414999-8198-41f5-a839-f98f2ccf1472,4b541670-80cf-41db-9287-e3138f026c2c,5703691,2026-02-15 10:36:10
41f83199-f4ea-4769-8366-c189cd8d9f75,cb1b8eff-d02a-4cbb-89b4-094ae048f1de,9645128,2026-04-08 03:29:15
60885550-f74f-4900-b159-4914b1b68ecd,3e4727fd-c51c-41f4-bbcf-2b31902bd154,5698571,2026-06-28 04:46:38
963a4333-e582-45dc-b5f1-c654ae7cfd14,1dc3c26e-7b62-459e-8700-749adcad8ec2,4325507,2026-01-27 05:39:04
fe83c32a-c9e5-4c47-a237-a8c161f6dfbe,3adcb38c-b380-46ef-ad4a-2b3c386af9dd,5297092,2026-06-10 04:05:19
89207bc4-8439-4ed9-9a64-845ef49816ad,436ae2bb-d509-4e07-b368-d836027d3808,4165081,2026-04-22 13:43:58
bfb0942c-ac77-4762-a620-516717cf775f,8df71647-1376-4ff9-978c-d875d231f372,2994503,2026-07-05 01:49:07
e4f1e8e8-37f3-432b-9a81-762a5059f77b,f2765513-2eca-4629-84e2-269192ded495,3190491,2026-07-13 19:00:39
bc45144a-3c1f-4ff0-b31d-58bbbcb3636d,34ef71df-43f1-4b58-9f6c-0d603df76a69,3845474,2026-03-20 17:55:16
9e5c5dcd-d61a-480a-bfec-0a37d5bea8dc,1b4ffd5f-c768-4339-a7ef-53575b249c2a,2011237,2026-01-31 11:33:25
7e1f48c4-a9d6-490d-b4ad-fa22ad0205f5,db6a34ea-c3a5-4237-81b2-16cf9d23c3cf,9084435,2026-01-17 09:55:15
9ee4105d-5f06-4c76-bb77-7e71d91738f8,fc40a3d4-e5eb-4549-be0a-04c250bf2995,9638845,2026-04-17 16:41:50
c3a6b204-fc01-4a22-aed0-b0b27da56b6e,65db6e43-47bf-4db7-82d9-a774ea7f6c7d,3726108,2026-08-12 22:54:32
cc9cf41c-8696-4901-8ddc-a78820d4ba18,8a6fc4b3-f08d-412e-ba73-2f356c5540f0,546320,2026-07-15 03:24:30
afb3e3ad-dc43-4ed5-a4ca-a1c758e7edf8,f9fc6034-750a-4c98-acbf-b769c6a1a468,2019452,2026-07-21 06:01:19
0227b8d5-b070-4a53-90ce-857f75c72fb6,61223189-35f3-4e4a-ac92-04b40306a258,9747710,2026-02-09 03:02:16
dca1adcc-9cdf-4664-9c91-f845534fc96d,434a130e-8c6e-46ad-afe9-38e4427bbffb,3978544,2026-04-15 15:04:00
57d52b78-9cf3-437e-b562-037b78aa16ea,6c878546-7faf-4458-af14-f7775dad348e,3532158,2026-06-12 18:13:45
5d75c03c-5f4f-4f10-808f-e6d7b361e70a,7362f9b7-4795-4d1d-a68d-3c8bdab51d55,3018050,2026-08-10 21:55:28
af9e7a0e-936d-44a7-bab1-996a21925613,b8875caf-1991-403f-906e-ccbc3a8359b6,4529004,2026-04-02 13:51:48
618192de-db37-4ca7-aea5-e3418e2ac3ff,f58ab7c7-cccf-4130-a556-03d4323132fa,2509010,2026-07-03 16:33:30
6be8c756-2d36-426c-827e-789cce40483b,e4ad5e9b-fedd-42d9-a26c-bc6a7fe5a4b6,8673947,2026-07-27 09:04:42
7c93243e-c90b-4454-90d3-802db876a455,dbc6c928-8fe8-4e20-803f-d5824ccf0a4b,9526692,2026-01-19 12:40:58
29d0c613-b0c7-4002-9956-699065fdaadb,411920f6-d056-4199-b728-ddc20f5e8b47,7995014,2026-02-07 09:35:55
42803aa0-55ac-4d06-be9d-a9517329af6e,8eb7c306-8f73-498e-9c3d-0d5f5c6801d6,4323747,2026-05-14 15:37:11
59e110eb-1f09-4b9d-a969-29b20513eda8,9b0707e5-f68e-4e81-adf9-568bde0bde18,3337973,2026-08-13 00:40:00
89d716ef-a62d-4221-a65d-958e936dd1a8,48dc1e26-c7c2-464a-bab8-328f2cae93a2,5957751,2026-05-07 06:03:39
c655a597-7ccc-43de-82ac-7e1dac565da6,141283fb-e3be-43d6-b26a-030dbc8cfa8f,6393320,2026-08-27 07:45:39
f4e35f7b-a1b7-43d8-b6b8-74d349599bed,a3fd17f0-2ae6-4af6-9e46-222e2514c7ce,5660446,2026-06-13 19:36:52
679f2f42-9256-4707-9cc0-5b67a19b224a,1440adec-1243-4b0f-a835-f080d9518f98,2717910,2026-05-14 10:49:18
a72bdddd-511e-4eb8-9040-5c433a6c7da6,9afa8267-4479-4214-b5de-f8074a965478,6634649,2026-04-16 08:12:55
dce0e2bb-c7ed-4a02-b1e4-dc42e33fc52c,96405fcd-bf76-4449-9cf8-5eebf0533851,8739860,2026-06-24 20:59:40
daada0b1-2f13-4a6d-aad5-5c0b69fb2fe6,3c10871b-ba4f-4b03-a002-9d9f05e9f407,4221946,2026-02-01 02:15:26
1a5ed196-65a4-479b-aaba-a4f935e80364,e0f1e44c-efd1-4588-9054-b2d518763576,7938750,2026-08-01 23:46:22
65a29cc8-c55b-495d-86bf-d9c40dc78104,154ff37d-fefa-4198-83d6-cd548623bc74,1743639,2026-04-12 22:13:56
a7a31d25-1595-4c42-a7c0-0f899e3bf1b3,4f32ea54-63cc-4604-a2ae-3f87ee7ca782,3847964,2026-04-07 01:54:09
a06109db-7172-4636-88bf-b602bcd2e8eb,d6a919e8-86d8-45e5-a19b-606d205c8491,2862337,2026-01-12 02:18:13
dc412176-5b59-428e-a9de-5b2608ffeab0,79e546e7-dd3e-4854-9340-64b0ea4f4a80,7838215,2026-07-29 22:36:34
71e15b9f-8c6d-468e-85bc-f3baef52d36e,b29769b2-f2cf-4cae-b833-ebfb2296e3f1,9047754,2026-03-10 18:06:03
a18c5492-74e0-479a-98fb-47279740b212,9061498f-e096-421e-a2c7-23d4bfb8abb9,7297719,2026-07-23 06:59:56
4f45f6f7-88a6-43b4-a3b8-1f92a3c90c6a,8a27b0b0-7b4d-4646-98e0-058fe8af301f,3810592,2026-02-04 18:42:14
6986305a-5da3-49cf-8ed0-730d711dc1dd,02b3c948-4db6-4475-a7dd-1ac44282b6e4,1559,2026-07-23 05:39:39
22e49628-d913-457d-821f-84fcd0bcbad5,88fc3da1-781d-4b6c-8969-40325808d790,139547,2026-07-11 01:08:07
4cb34663-7a21-4151-8166-a8b3f26bcebf,cc476b72-6e31-4234-8410-010802568389,4914435,2026-08-20 20:28:41
8c57a277-01d9-49b4-8bf8-f29e3b30ee97,e1d55f85-6967-4586-b046-30085fa72012,9404551,2026-06-19 18:07:35
b7062cfa-29cc-4789-bff9-3134650e78e4,d413c850-63c4-476d-a55f-a725bcb3c168,6347804,2026-03-27 16:04:13
a0152b5b-6c17-4150-9447-16cc4352acea,ccca1e14-c3b8-480f-8440-8e983d53ec43,4561149,2026-04-21 13:22:50
cf0e1567-882d-4fc1-be30-74f8a60147c3,da7dcc53-3020-4f06-a9b4-119444d18524,1148644,2026-03-12 20:09:29
a30b669c-1c40-4045-8a22-eae922f9cafe,45aa9503-73e8-4db6-9e23-83d074915c14,8254333,2026-03-14 22:19:28
0cb4afe1-26f3-41c8-84f7-18c85215b503,2f999b2a-05aa-4eab-88f3-d7eaf83f5274,1715874,2026-04-20 13:29:53
703c1286-b717-44cd-a002-91bb44e9f8fb,17172654-3b99-4815-8219-a9c7ba23b07a,2528062,2026-01-06 17:14:43
6b950c1d-5787-49d9-b799-a3767e5b3ac9,7f96dd35-cca9-4089-8925-4bb54fc37d4e,6231019,2026-06-30 01:51:08
548b2ce3-081f-4c82-8a9a-cf77b26a51a5,f39ef1be-c025-43ea-97f2-a67814898025,2450957,2026-01-22 18:18:54
12464474-6475-40ee-8691-30694439940d,3133839e-2e7d-452b-b85b-8a078b0ea0b9,4195647,2026-05-29 04:33:33
f97f4994-1f38-4f55-833a-c4d6d4085391,62821d61-3fbb-4f57-b6f5-6f1cc4a531cd,7431661,2026-04-06 23:43:06
32fd73c5-0894-4176-be99-df69bcd49975,180dc855-c55f-4de8-bc3e-1d1975f94230,8743273,2026-03-22 22:52:05
f6121d2c-ae73-40eb-a39d-8fe7790b185c,289ac251-52b4-44e8-afab-cd734fe66636,707772,2026-08-02 10:27:22
7b31dcdc-40d9-4a8e-9f44-aa88855b6c5b,5c44ebd1-32df-4d45-8c7f-03bba3760c2d,873893,2026-03-26 13:56:00
a206527c-3c68-41d6-9ce8-e12ff9287d26,2ad820ca-03db-4a2e-9313-50e06f2537ce,4632200,2026-08-16 01:46:11
3e3b1a40-ca05-43a2-a553-b15f1ea15b0f,94c176b9-0ac0-43d5-b805-90f002493a09,7973728,2026-08-20 13:06:04
16e827b0-c552-43c5-9f13-fb9827ad8d51,17661795-7ffa-4493-a85e-ed0a3fac4317,5677790,2026-01-24 07:43:42
276732d3-a502-4c4b-9b03-34d80f4d6c40,1b7e0502-ca9d-4831-894e-7397b38a3db1,2111044,2026-07-09 11:01:30
8ef00de1-fb4f-4972-9115-d7ee3b90908e,58e9d0aa-c1b6-4dd4-a507-84cbc9df301e,7360491,2026-03-16 22:34:01
5bb0dd76-60b5-4717-b072-afc805776108,e60ec813-402d-40fa-a27d-ceccb972393a,662517,2026-07-08 11:20:37
4b726a7c-8f1c-4fa0-b000-0009b4e570ba,30952621-7d76-4b58-b271-115b8af09ec3,9507687,2026-03-14 11:29:13
bb7eb979-52dc-4ffd-9900-8d658b2ab759,d4d353a5-de1f-4619-867b-a9e577e8b762,9303317,2026-03-04 06:30:32
730ad7de-27af-4ff9-87f8-9f6211a1e557,8aa6b006-436a-4b9d-91c5-6a004bb13407,6159139,2026-06-26 08:19:22
8186722b-a355-4d05-86a2-8e4e002f2ca4,e207db20-2f7f-4cd7-bbd0-fe6c6108ffcc,314077,2026-08-29 16:20:42
9ec5405d-c6a9-4598-9d34-0833db592a19,10372a5c-b893-408a-9219-02163d211daf,9042199,2026-05-31 11:40:35
7f5f61aa-aee7-47a5-8629-6fbe309b48dd,9cf023dd-2775-49a2-8d2c-fe83c4072654,4750127,2026-05-06 06:51:01
1c4760a5-5270-4b29-a412-47a268e8f311,1111ee29-a8ad-4539-85f0-786a18a440bd,734470,2026-02-20 09:35:01
33bb7382-0801-4e83-9f9d-39102dbb45bd,1947ea42-310d-49d1-bc41-3a2a1b67f7bb,533813,2026-08-10 18:13:09
a86d8706-637b-4648-9617-b9c0a449d64f,b38950ce-9fbc-479e-869c-3a8e7d6ab7c2,9903615,2026-04-10 09:31:12
9b1fc6d1-3881-49dc-9dc9-60970c90e028,ee224f70-0359-4c6d-9224-cbd2b7c4b3ee,3502054,2026-07-10 20:13:52
14780c9d-d503-4b43-a3c7-ca9aedabddab,0f8a0c2c-a390-4bc0-8d0f-a4a677d2b94f,6055344,2026-08-05 17:07:20
6a7be8b1-e3f3-42a8-b030-bfd4be54898e,b55beaaa-cb53-40be-9e7b-4866d2705470,978122,2026-08-28 14:14:07
bbfb1b71-0a68-4eb8-876d-e8c5440c7e5b,13f39289-4dcc-405d-959e-f0fd1204f4d6,3622211,2026-07-21 17:57:13
3b23feed-b9a4-4e2b-99e9-e3a418dcceb6,317046b9-3080-4a5d-a2a5-0eec881af04f,8828047,2026-04-07 14:38:22
2dcc4095-f28f-4444-a015-4d6591ed554a,6a4989a6-8ee2-4e54-bfcb-33888ef4d74b,1770244,2026-08-12 21:57:46
b3da5808-756e-467d-acab-8b695ba37cb5,1aa67474-e200-4157-ad54-c95aaa4d52a8,2798605,2026-03-12 01:25:03
56673e49-8133-4bdc-a6cc-73768cca8963,ff9957a8-88ad-4388-a87e-4086a854027e,7432520,2026-05-17 19:53:54
fdd084a1-8cd2-416f-90ad-ff63e7094153,5f290290-d848-4a54-931c-8812ff31950a,6917982,2026-06-17 05:22:18
9bc0fa93-52cd-4def-b9d2-76f4d37ee471,36c3fe85-8bae-495e-902a-405c3d9ffe59,6292524,2026-08-02 16:35:47
5c29850b-410b-4c29-be9c-afcfed17f6e9,f5b70dd9-728f-4897-b3d0-b6c7f62ecf88,6662084,2026-01-01 01:49:24
48d3d2ce-fba3-491f-88df-aaf8b9efaad6,2294fa0a-8482-4c08-842c-65ad9883e9b1,5064072,2026-01-03 13:13:33
36fea0b4-38cd-4122-bc01-45e14ce2afa2,c5828939-058e-489e-909d-97cddb107e7f,4629802,2026-08-04 00:30:52
ed0940f7-9217-4fb0-8e6b-308582e2b02d,09a9161a-1823-4383-a79b-637c9255273f,7723733,2026-05-19 02:57:06
5df924fb-43d6-43ed-a36e-b83227f6a2ac,3ba58126-3ff6-4f41-9508-2801e3be7ca0,4299068,2026-04-27 15:01:17
91ae3d4c-6659-4d83-920b-725b17871810,13c37b5d-bbf8-4a91-b7a9-f824eafa4d5b,5447438,2026-07-07 09:32:06
e6267164-d361-4b3a-bcff-ae922c435667,d1cbc092-9383-486d-b3ed-d6edb0894de4,1599953,2026-08-20 03:57:24
bb1502ea-0991-4f46-8ce6-928ba46acc9a,1417182a-61ad-418a-9387-5413ceef7261,938237,2026-05-10 20:44:14
6f2e92b9-d130-42db-a13a-14ca5911f42e,1edbbe71-de2a-4ddf-ae24-9b726aa12abd,3803701,2026-08-22 21:51:29
c704e80e-a246-4cd7-82ed-5d15edbc36d8,4e0648d0-0ddb-445b-a1ea-aa65a1d770ea,8797702,2026-01-16 23:50:47
264ae04f-909e-41ba-8a38-d5aa51beba8e,388629ff-b2a0-4778-809d-644453ab3cce,2570237,2026-01-20 14:52:43
6493f5ef-ff53-46a4-bb48-bbbaac735be0,985a9548-c0ba-42a4-b213-e7ccf89617fa,9651184,2026-07-16 00:25:06
4a2f3876-6e93-4615-b8da-9a90170fad32,21d72432-25e4-4403-a4f2-502ec94f6ed3,5639976,2026-02-02 01:22:34
0c9fa6e6-becc-4760-9249-ee3a79d19c4e,15c7bc83-4336-4fe5-a631-66a78c53b74c,6686184,2026-07-14 21:19:49
2160446e-b2a7-4475-8619-67736f3acf33,8f2e08d3-7b1d-4ca3-a286-e3f8c31496ea,3323719,2026-07-09 11:11:42
32339053-9242-4a54-a6f9-c0e165339cf0,bc54b8c1-ff40-4dcc-9db1-f7f98fa8ae34,8795428,2026-04-06 15:10:39
c6da85f1-4429-4ca2-9257-429e3e085cb7,ec94503e-af4a-4cdd-92cb-1ae06e18c9b3,9663992,2026-02-04 19:04:57
6c6d282b-69e0-4370-abf7-a5d01ccec1ef,521be8c2-30c3-4f8a-992a-b43d5d822e3a,5780178,2026-08-19 15:20:10
4e089bb4-c509-4558-8632-6b36a7c8f0c5,9dc0a8b5-5987-438a-bcd6-c18e2b54500d,7419064,2026-02-26 15:07:36
d173b70b-ec99-4c80-8b7d-185670c23600,5fb2b838-af73-43cf-b31e-91f23bc5f97f,2617108,2026-02-03 07:50:54
3e3869e2-0df6-4417-bd55-38c71cc464ed,25ce2a21-ed3e-4846-9efa-0407f2edcab0,4826564,2026-01-06 08:00:12
1c7cb6ed-cde5-4848-b19c-905e57e0a1f1,05d2d205-789f-4d96-b337-3c2f4e1c3762,5567977,2026-03-23 04:06:36
342c5348-363d-45f1-89ba-b9c8bd717da3,4237692a-c017-466e-85f4-c0a28be27516,9207347,2026-07-07 14:07:54
242f5829-fe07-432a-badc-45999f7fae0c,04b51c12-ab13-4032-b2e1-9f66b1f02ea8,6318421,2026-08-15 09:59:59
0b21a308-86dc-4e34-a9dc-fe52e7f2418a,48b51c88-0f63-4f4a-ab9a-118e4165964c,3367131,2026-08-28 23:50:57
a79e3626-7707-4c0e-8d96-feb34572b385,637e3f94-110c-4d92-8222-305df1f71605,4551842,2026-05-20 21:29:08
4ae0fd7a-04e2-4132-9b9e-c5f9dd419a67,62f32fae-a63f-4f12-a226-a768de0e9c53,3878375,2026-05-28 20:23:32
197fa0fd-b5ae-4a56-ba03-3d6c822fb2f0,dde4d194-7c12-4198-90c1-b8f7e76428c4,8918117,2026-02-04 04:24:43
f77fa3a7-802a-46eb-b2e9-7c2d2fb90ccf,b6646199-ed25-459e-8f89-37fa753e9662,360526,2026-01-16 10:31:09
4e0fbae1-8787-43f4-ac19-e4eb3f551740,be9063fb-64b5-49a5-bd6c-3d2a5564d1d3,2634121,2026-01-08 03:14:29
5afa0fb3-5a16-49d9-af2f-077358c69158,fef97d57-3c77-4a4a-8d65-4036a00f230b,8409614,2026-04-18 03:22:18
41f74651-a033-4dad-8fdf-de19cfd835fc,fffcd743-e3f1-4406-a31d-9c8be0f0fe79,494365,2026-08-04 12:24:34
26d658fb-39bf-49b6-87ba-c8aaf2f94b2c,a82cae18-6491-482b-a5ad-481d577f4c16,2302862,2026-02-04 02:18:31
f5ea4128-854d-43bf-a1d8-5365bada0c94,a0226155-df69-4d17-9cc9-6aedad9112c5,3815618,2026-06-12 01:49:43
6d2ccf42-271a-419f-92a9-7acd3d884938,9af97493-e8e4-4b31-8ff8-5111f8751fd4,5524491,2026-06-24 10:33:36
a7087280-34ee-4b67-a1bb-d1838acfd4d6,af1dcfb8-8a96-4a11-94be-6d9f2379c05f,3394212,2026-02-23 15:16:30
e60d7a94-b483-4162-b043-a39a4f1a84cb,6e18b184-229f-485b-a8d9-1a2086181db2,2435263,2026-08-08 08:43:49
115c42cd-5147-4e86-a875-d40aeac7dc2e,b82d40de-f2d7-4d53-8870-2ae78eadda9a,1986219,2026-03-13 12:15:52
2540fbfe-e12f-46cd-96ea-f269514e1353,51958000-c3f3-4c8c-878c-3875ba21e269,6946451,2026-06-09 17:08:39
ef0b743e-bee0-4762-b168-bdec4da838b7,eee9795e-a308-4e48-a4e5-b5b0d25ad576,4593547,2026-03-01 00:20:32
21acfdb5-1b55-4f6d-b01c-6abfc7739d46,fc6795e2-c32f-421b-86b4-ed272f4b8be8,4477221,2026-08-24 04:38:35
98ab182c-3b1d-4181-9cc3-c1f59129bc75,06ad7920-aff7-4f5d-bb1d-12cf3b705092,6027415,2026-01-31 20:45:52
22538040-7a02-4a6d-87a2-b171b02a06ee,7800e27a-9ace-43cc-989c-83f68098580d,6274007,2026-03-13 10:47:06
794e0838-7dcf-40fd-a330-98edda252795,39ed0800-3179-49f9-a9ed-e760233408ba,540732,2026-06-08 16:19:37
ece9504b-03d7-4962-b804-43eec3b8d179,38f95001-69bd-40d8-b340-2dd3451575b9,3402992,2026-03-21 10:39:25
f4672866-ed56-42a0-ad54-ff2b10ee4f77,9df79a27-ddfc-4a92-b074-feb3fc5217cc,8219887,2026-05-07 04:14:48
3f2d39c8-e338-4579-b521-aa18dde4f5c1,0ab5207f-c6b6-420a-a7a5-59366d744a0b,6381629,2026-05-02 12:24:57
be125f8f-f06b-4c12-9c8b-955064e70f9a,8675820e-8941-4dd3-9803-a82e926a4bd0,646133,2026-07-22 04:48:04
d3b6ef1b-74f7-4d09-b39c-afa51bfc270c,feef21f8-e0b6-4f90-8adb-c4ffe0b55615,4122535,2026-07-21 10:39:32
bc341b4f-fbdc-432e-a546-c66d89b1cad1,8420e0d8-632c-417e-8ec5-7d470a0c64e5,827050,2026-03-15 17:32:00
e267e12b-65e5-413f-b086-9a454a8abb17,4931b2d4-d3de-487c-860f-b2524df742ae,7740131,2026-03-06 15:46:03
eb45bc38-9cf6-4e33-8b5f-174b6c267b56,e7574997-8458-4f73-b0a0-c1cd0df6c527,2386394,2026-06-30 00:52:08
172720fa-73a2-4c7b-a566-e884d473e687,2e057f79-1cf8-403f-802b-1bf4b8ff615c,9822192,2026-08-01 04:53:00
52ce55e3-69df-45c7-a4a0-053f22a37556,74246baa-2dca-4c82-8660-a3e9736d417c,9903860,2026-03-20 10:08:33
400564b8-1716-43b1-b466-1e6fe1eeb1f1,e83bcc84-a609-4ad0-b114-64aa52f69081,2751373,2026-02-17 23:30:56
730bc657-b4cb-4613-9d39-e9c217584f23,8618e40d-15d6-4658-9ce9-dbbca25291f3,6443926,2026-07-18 17:04:37
60f11528-28ef-4f46-b323-123e9cb0c90c,c4acb57d-0b3d-4dc9-a16f-760a8ce377d7,2866984,2026-05-11 04:13:35
dcd81a8b-a8d6-4af6-9f0d-def190c40e45,2504fd28-de6a-4459-a980-f6ff266c47fb,3000896,2026-01-20 22:14:54
baebe15d-4f3c-4771-8edd-2a2a6b69b4ae,49ed856e-723d-4acd-b601-e005c4c4f69f,3031586,2026-02-15 15:40:56
33ee16e7-f5de-4eba-a1ae-a39be606d7c2,40cbe188-c3f0-4ac3-9f60-1d1700e78824,204822,2026-06-28 02:51:33
8b22e445-7fa7-4485-9afc-38057f6485de,e1f8d192-9ba4-45a6-8178-de26ceb557ac,8279009,2026-04-03 09:11:13
79c842cb-a8d3-410e-96bf-ae6e37850b5c,1453e17e-711e-4e6f-a8ff-ae1774283491,110287,2026-04-06 00:53:31
9ea8fcb1-4732-48c9-8c1e-9464e1d5c0dc,d343bf88-d1f3-49b1-8ebb-8208a0ee404f,3483590,2026-01-19 23:57:22
a73d2746-0e18-4b96-a5f4-1dd62f51ac6e,da948e70-2537-41e4-8966-8d0859595d27,544130,2026-08-13 12:12:52
54c3b22e-4c66-4a4d-9a70-ea8ad6881d3e,1be00f8e-0c8d-41d2-9673-aefbeb9e54e0,6995386,2026-03-11 05:23:43
9c7060da-48cd-49c5-ac0e-1f71294d43ed,984fe323-b329-4925-b107-094ea9325ae1,9601318,2026-08-07 07:52:16
bfd467e7-7491-450c-b75e-fed82d6b5953,092cd030-ee75-4637-9c35-52b394372280,1562409,2026-04-27 05:37:36
61022b56-e5c4-42ff-9e5a-90c152a473f9,6d651847-c229-4116-9152-9a73d1fcdedd,9235382,2026-01-26 05:09:10
1f3cea1d-2271-47ca-b887-73ed4af715b7,54470290-4640-4b2a-9c02-28afb1d29457,8842487,2026-06-10 16:30:11
35845d71-b221-41c5-b5b8-6d0a864f36dd,92451cc4-1bfb-4b3d-8ee5-2f639caf8df1,8874261,2026-02-04 01:08:28
9ad2bb72-b04b-4584-b95c-ec2d7bd15655,b4f136fc-fc7c-4e71-89c6-7b51ef13864b,4818213,2026-06-15 20:25:41
42791490-5105-44f9-9909-49aa9bdd3d7a,9f8ceda5-feb9-4a24-933c-8d0086800a0b,5936683,2026-02-20 09:00:50
850b7073-7f13-4e67-9008-cdc99d421bae,7e14c595-7f6b-462c-a1c1-6b96baabd9f2,3018352,2026-08-25 16:04:24
fab0a15d-4a5d-4cea-b565-f64e3b93a53f,0623ffbf-1e42-42b8-8067-9b62318cd979,7799496,2026-02-15 19:08:50
ccb03fc5-3513-4238-991b-1a04bccaba38,69fe99a9-6a25-442e-bfbd-9cdd9d84d303,763242,2026-05-10 15:10:09
a3336ea8-ce58-4e20-8f77-63e05982aa44,3381001f-a3ff-4fd2-82e4-60aa365bc763,4724922,2026-04-09 19:20:35
4cdf697f-4eca-4e96-915d-b44fca4a40bc,c45c3fbb-52ec-4c27-8ccc-617e81b66951,102875,2026-02-14 05:02:07
65637d1f-5763-4902-9552-0712af92ef22,f5c9f459-9db1-4d5e-91a4-d796b9720eec,488518,2026-03-10 04:58:54
56830783-d575-4337-949c-9eb931ab0158,ea89a979-7aa6-46ea-ac27-3009ec1a86d3,7960806,2026-01-14 19:25:36
27c7655a-7b43-4a72-a2c0-c475a54976d0,dd7f57d1-e45d-4f26-b5eb-0e8fa090360d,9008830,2026-05-11 03:26:54
69f8d3e4-d06d-4943-88b3-815e76647043,d5c97d5d-0e57-49ec-be1a-070fed83a4c8,8742168,2026-04-27 06:05:09
50c4cb4b-ad9e-4c1e-b997-402490a014ab,3550b07e-04ca-4b38-892f-ca698e2017e1,9687134,2026-05-09 19:50:52
cbb86be0-e355-4636-aa8b-31f5ccae58fe,2638d8be-f838-43a2-90f3-56765a853cd8,4705348,2026-01-13 02:33:17
a06303ca-600f-479c-bbce-708756d2b14d,922bda48-2a7c-49e9-97a7-e7b188c62063,6535847,2026-03-14 18:29:52
c847b130-dd56-430e-9de9-87a2985e7e89,db9a0eb7-b48c-431b-8eeb-87ffc064f074,5276434,2026-01-13 06:47:46
7f3ef59b-1638-4137-a9f3-5b2d4580dac2,73b0220d-5f20-49ea-bcd6-1f5ee0864418,5077277,2026-03-25 22:34:10
1cbb304b-2ccd-42af-8d64-bb63866cfb2b,c71d4564-0992-4886-88f2-16c15fcc997d,3390658,2026-02-05 23:07:58
cc8ceba9-0662-400c-8188-de48719b2dd6,2771a422-8003-4f26-a7ab-2ef77b8fd09a,3191232,2026-05-13 02:06:35
dfb68a5f-bb81-41f0-bbc4-d138ec737598,53cc6b95-c689-4836-8f73-ab1c860c7b68,2404101,2026-02-08 03:46:15
84222f58-f022-44af-bb76-4637d277ab64,3487246c-21f9-4072-be22-eba1ad3d581e,613259,2026-06-28 09:37:26
85b864d4-dd64-4387-b6b3-8fbc6338fb29,eeada90c-4f9c-48bf-810d-583f1da76d69,738710,2026-08-19 19:09:42
77852ddb-5552-4a3c-964a-9b18df3334c6,854494ab-1a64-427d-8bcf-d0fce3a1af97,5242567,2026-01-09 17:31:52
a38bbaa4-4fe8-48d8-822c-a6a893daf60d,33579b27-5225-474a-b5b8-726ce462ff64,3230389,2026-04-22 07:00:05
c5d56016-51b3-4cf5-8843-3a3846d28109,45ccaa93-1e1e-4d91-abce-c90f70ecf41b,2505196,2026-03-03 03:58:09
f5530567-03e7-4d21-9d4d-46d6460d113d,1a354475-8399-4ac5-8f43-a2509f795228,3465803,2026-07-30 16:44:02
4563abbe-5188-4a26-8ca3-3a5459ae7302,cdd3214c-b450-4610-b17a-a7a9243d116d,4752453,2026-08-11 22:50:27
4fb67094-123c-4911-abd8-ad4d3eacdb28,8a6342ca-56b7-479e-a46a-0b429cfecbd8,7443182,2026-01-20 16:48:08
e73e2bc5-7882-4064-876c-108d214c87b1,6233960a-1b1e-46c3-8cea-af73aced4d55,902622,2026-02-03 10:41:33
b465c027-2dd1-445b-a454-a82a6d2cdbf9,a124fdb2-97be-4f31-a42a-a836989b68c0,7479901,2026-08-28 08:28:31
d143e0a2-5513-474f-8ffc-1c545b0a31ea,abbe274a-c226-4b53-b680-873b32b9c542,8950401,2026-01-31 12:05:53
c3b1927b-c178-4e77-ac3b-9258f943375e,17c95aaa-21bd-45eb-915a-a3c07737cfb5,7856376,2026-02-07 18:33:24
a4f89e23-af39-42ce-8f75-d45a74a12a0d,7875b1c7-7724-4aa3-8438-eae0b5d0b595,3887193,2026-03-28 21:54:55
9defeab9-e54c-46ca-9c70-ce2224caf1b8,645f273c-5d0b-442d-a9b1-4c76420fbeef,3076164,2026-05-09 06:52:46
53238aff-e1e5-48a1-9c5c-d673c9ed66a6,10bbc60d-07bf-43ee-bccd-3dc0740a5bed,7974797,2026-02-13 20:11:01
d8842354-7613-4f44-ba88-f16259f8068e,593edc83-c497-40a8-8842-04d52bb9a661,9641511,2026-02-19 11:23:53
d14b256c-67db-4943-9a59-c3eb8208fd42,536c32d0-1b63-405f-8bf8-5149b6da99cd,9330656,2026-01-28 13:03:34
760272ba-8862-436f-8d57-9d00cadcc10f,3d134526-69d7-4427-972d-5d57669be896,4088467,2026-08-01 19:15:18
6241cba3-7b7c-47cc-b950-f7fa28b58db5,d05cc78d-354f-484e-9739-0b0310e94dce,9914844,2026-06-17 10:35:42
9134c0b7-6f73-473b-baee-bacdc8c8ccf9,b1b2b5f8-8b66-4d1f-979a-7954c98e3f5b,3962022,2026-03-09 05:16:24
bd472885-13f0-433f-ab6b-3f08a9a0f4ef,d635212d-92fe-40e8-b63f-a809ee4d0dec,8164311,2026-02-14 09:33:58
534bfa86-7681-4ad7-9898-6758979800c3,71f9b0e2-d270-4a52-98ff-d8ad8e1a3a51,2955719,2026-04-30 15:06:03
9927839b-11d1-4e50-a7e2-189bf4b4c704,98ae0666-d066-4d21-af7d-7f211bd6b03d,6357081,2026-05-08 03:39:57
0fbd4c81-a900-4ecd-a51e-01ad7e8a2078,23900c1d-d129-4d13-b7b5-67b4172d2bd0,9743678,2026-01-01 01:43:05
26330c43-a92f-45fe-a58f-cafcc1cfd878,63d5e750-4a9f-450e-8800-61b673f621a8,9696090,2026-06-23 15:49:52
e09ef2a3-ae77-4249-b4a6-3e7632173525,cb5a4d77-91fd-427f-8cbb-7460510c8c48,5109513,2026-06-18 19:56:58
5821b9f8-ea45-4afd-bb8a-61ebb7c12a4c,02141a68-952d-486c-96db-8a18fd8398c3,8563501,2026-06-06 23:23:34
4b4fafaf-da3d-4780-a0a7-7d78d8feb8de,8c83bc68-e6ac-459a-9e85-643c0ffa2366,891338,2026-01-01 07:51:36
fa8bd601-d21c-4315-8f5e-248eb40f040e,483edd69-dc7a-4d16-9c15-30575bf774cf,523203,2026-04-02 08:36:23
64eec4c1-9714-4adc-b3c4-d0306e84e832,61fe800a-b636-4c4c-9170-ca8aa00e0b60,6812107,2026-05-29 04:26:38
a998c8e1-3612-41be-8b8c-e7be6f689d65,302fa247-239a-446d-b991-2c512c649adf,9318437,2026-05-30 08:41:08
d707cb6d-5c3b-43b5-acaa-dafbd7e4527a,ff594778-49d9-4a08-a77e-0fbc6acff20f,2106375,2026-02-22 03:33:23
04056d2b-a5fc-4671-925d-f20602f865f8,7c98756f-e288-409d-b8a9-b01424dcea07,7327209,2026-02-22 17:31:18
ce52309d-a46a-47c2-a320-de1615ac80e4,e4c1d210-74be-4b20-9c32-f8a06a7580e2,7142140,2026-03-11 19:49:58
8d532691-6c93-4f69-8269-041a74533044,5af56a23-627c-49f7-b336-3302d1f03374,3787314,2026-03-14 03:41:52
93f3c702-01e6-4e9a-9ac5-50236cbdd931,3c9ba542-bb1d-43a8-98c8-23b07f8736f1,8417622,2026-04-15 13:35:45
938bd3f8-8bd1-4d4b-ad33-53fc692caaae,09b185d6-fa6d-41ee-8890-f5065df1bf6f,9531978,2026-07-07 16:23:07
948c7eb4-1cf8-470b-9e5b-2ad8b4732eb6,147f0413-b0c4-4ddc-b634-71f87b45bd9c,2383842,2026-07-24 10:28:43
c02627d1-fbd1-40c0-9bfe-679afbcbd6ec,8456ce4f-7706-4136-8788-17ecc764032e,1312568,2026-07-23 06:02:19
3ec77a8f-16a4-4b83-9c2d-9672e3d1803c,a9eaa9ff-bddf-4416-a173-1ed878f2961c,1310007,2026-07-29 09:40:56
9cf021b8-4fff-4b59-9462-8786cc502a89,88f7f097-57f2-445f-a751-5d4b0d829d52,180925,2026-07-02 02:10:26
781f9d3f-e7f3-49dc-833d-e3ad743b9f71,6bc7b635-54de-49cd-bbdb-453692ef63c1,5920933,2026-04-25 10:02:17
b1eedf64-090b-43ed-aae1-d0bc4a099088,4dd7962b-bfda-45c9-98fe-b4f3ec40d95a,9457431,2026-04-12 03:30:21
94010dfe-7921-4c7c-a119-ceee0fb91307,a8049463-0d36-45e4-92a6-f3e62b48c6e6,4894816,2026-01-11 14:26:11
20775ce4-151f-42f9-bc19-3e6f496cc03a,c8a4ae21-d9f8-40e9-93ad-3ead816ebf32,4661539,2026-04-08 21:17:07
4674a0eb-47ed-46dd-9da4-ec0f21ee0f6c,bdce4d4d-03a2-4ee9-81c7-d9b3db9c9b7c,1871498,2026-08-23 12:01:28
bd2cf4eb-977e-4f2c-a8fe-60952cb37e23,5ea909ef-7257-4cb6-a8be-6c8026b0d2c9,2942723,2026-04-12 11:03:02
7c239ebc-3c77-4558-b365-fb7cc853bc55,dcacfa54-8702-44ad-8ca3-a4c42e4982cf,555176,2026-05-14 03:34:29
252352f6-f7a3-46a6-959b-558bfbec1ed8,277664d0-d25c-4d37-af16-d03b987593c3,8320641,2026-06-10 08:57:11
a9217ddc-3cea-4f89-a217-3b7fc536d2ce,2ad3136f-a338-47fa-b9db-138870aff6eb,3537599,2026-08-13 09:05:21
0de84b63-5856-41fc-9782-5ea3bbff16e9,d1ccc8d3-c167-4505-83af-6c46a46b3932,1946072,2026-01-21 09:33:06
79ea5621-6614-43a7-b6c9-aeb22ae7dc19,f2c0a0cf-bf03-48c2-b9ec-958b4d266574,8934227,2026-04-01 17:52:52
63dba8c8-b4a2-4699-aefa-823b613a9ff9,87cb0e2a-2528-4a1b-833b-66fc797eb3e4,7293641,2026-01-05 14:34:17
72e5e892-cc1c-4204-ad5e-749b49ee4969,f63614f5-50d0-483d-adb1-be7a61cb0527,8896186,2026-01-16 22:18:42
a32e3ab5-8802-474a-aaef-2ec218ecde2b,6e8984f4-d820-40d1-b4c8-73a75a947a40,4573321,2026-05-11 02:07:21
1928aae5-cd64-4aff-845f-dde1453417b5,6422a73e-958c-4cfd-a783-0a8f415e3805,7736128,2026-04-04 21:42:39
c53f4f7e-96b6-4287-ac00-f929bbfbf76c,ad7eeff7-5660-4762-851b-986031e6a645,3018510,2026-05-02 15:53:11
022b7e76-ac3c-4e34-82b5-3d3d8c30563f,69479974-030f-473e-9165-4cb3d4e99a65,1639123,2026-07-23 23:49:04
59fcfaeb-7229-44a9-af7c-e6091a99aae0,407c4370-4886-474c-b9aa-06f5382bab11,3239347,2026-01-14 05:17:32
0e8fd00b-1789-46de-9e90-d10706113bfe,e4db04c8-a817-4c85-9819-7749f041e4f7,3637725,2026-08-21 18:40:22
f5321352-b544-48e4-9f2d-a344a3596667,9accb00d-db3f-44a2-961d-6acf1eb6d1f0,2179492,2026-05-27 00:11:11
a5dd2836-e65f-49fa-838c-2eafa8097a77,2f4cfefb-f798-48a2-8d9e-84ec90e9e294,1859681,2026-03-13 13:27:20
a9151364-778a-469f-8b68-d94d40da9c7d,7414e3e1-a387-4e92-9362-0119efa9a0a3,4636956,2026-06-15 19:46:25
c516e394-aae6-487e-a744-aa30b1356d67,29769b0f-41e0-4faf-92ca-9cedc5268f0f,1241474,2026-04-18 16:30:23
637aa999-61ff-4d9a-8ff8-9e8ac6f06a71,421becca-0f60-40f3-bef7-24105528dc45,4440349,2026-03-11 02:25:22
fabb6609-7de1-4a85-91c4-194a70c98336,6483b0e7-9c3c-4e9d-b35f-0d14edb7d4e4,2993772,2026-07-11 02:18:23
c4ca00d7-8a66-4e67-a4d4-d5a31bc2197e,a4b1cf6a-9d2c-451b-b7e8-2d716e66a273,1782584,2026-06-21 11:50:23
08eca4c8-1a71-464d-824d-9430b72479b7,ba40662f-9243-4301-9206-8ad612aada4b,4204319,2026-06-23 03:55:19
261b5048-7f69-4b97-a581-d60104cdc4e8,eed21f94-0038-4c84-a3ed-033aa7222ea2,634786,2026-06-01 15:34:22
546fcba3-b336-4143-a6cf-bf5144352e6f,00f2baa4-931b-4fae-a42e-3a16e79503fb,8646701,2026-07-10 13:27:50
d8139af7-6766-437b-afa1-79a57a675870,c90ec689-cff1-4c0e-87eb-7d43ba4ef72f,1176087,2026-07-29 18:21:52
f443864c-6269-4a44-80d8-c04639d11950,7b68b323-c7a2-4e6f-9166-eb08b0736dd1,2033469,2026-08-09 07:05:46
5be2124f-fdd9-4681-af5e-eca58909b003,668eb10e-4d86-4412-ae8c-c97b555c4e18,926022,2026-02-05 05:04:38
f5ff3705-da74-4056-88dd-44cc5d87edd2,75aaecb0-d757-4d38-9498-d0dd570e5af5,4864709,2026-03-20 21:13:12
f7aeede8-0a11-4bac-8df2-1ad52d36db7e,4c82c445-30e5-4543-a925-de8562588ce9,6544881,2026-02-11 11:09:00
7c8b7f1e-5bf8-4967-b057-fcd4a1701e8e,701fb3ea-a1fe-4bc6-a29d-650a15b98c20,3178696,2026-02-24 08:21:46
b840d136-067e-4b72-b16e-8645092385fe,7d3e5830-3d0d-4c8f-97cb-4585ff12fe28,6522446,2026-01-25 11:08:01
4ec77371-a4b6-4cfa-8a61-9e64caf0f442,d5916d49-f707-4712-88b0-4b777feb4cf3,7538135,2026-01-07 09:01:46
5674b9e2-0e59-45aa-96db-638a097ba119,67cf5ce0-0af5-44a9-b894-3df8c9abda91,1982860,2026-03-24 04:59:00
85eb2b3f-aad5-4fb8-a762-b59cce9e5929,dec56dc3-ad96-4213-b0a9-b97f7557c28c,9002016,2026-02-27 20:20:54
ecc0baa6-3ba4-42ba-9450-0024bdb58d06,243f45fe-bc47-46ad-8970-d09d1270c935,8202302,2026-01-08 09:40:48
9e4da214-eb03-4c4e-a83c-dff978a1d988,a616dde4-b388-400a-be20-718a0bb9a8f6,2190069,2026-01-06 13:53:36
e797f3ae-0cca-4c05-a1f6-19ed2c1882c9,18e824e9-cb2f-4bc3-921b-f7334eada8d3,7653517,2026-08-26 09:02:17
105f86aa-974e-4f83-95d9-a3852bb24cbc,1d3ae131-1b38-4581-9145-bd7fd15b5a37,8340693,2026-08-20 01:35:28
1027fbf7-3877-40f0-9d99-d4c5cc96bf43,565c1e3f-6d1c-41d6-b3e0-4a38cdf0aaba,6744595,2026-05-06 22:05:19
937292e6-af20-4a9d-b9d1-85071eece891,d62015f0-5253-46f7-a328-051e8bbf1b30,3577446,2026-01-18 16:53:50
102f4f5c-55e3-4295-ac67-10bd97d46f61,c1eecd7a-2428-485a-861d-e0171ee92d3b,6965143,2026-03-07 06:20:50
2a3dd769-8dac-410d-9eb3-8ef5b24070ca,94fd0594-ecf9-4245-be5f-7e23704c19e2,682824,2026-02-21 19:06:24
a1d78199-d8ed-4649-8a82-673019977e2e,28628b4e-c714-4549-a04a-1fe29cc8f772,262243,2026-07-09 02:51:57
2dee003e-01d9-4e96-81a0-204714aa3ca3,a6d977a1-b4ec-4e8d-96d1-f5caed174fdd,9961155,2026-04-21 04:34:10
cad04982-ceb2-4a32-b189-727f6a8d8a70,207c0594-b13e-455f-b9db-f407c5c6ab7d,3458804,2026-02-25 13:40:31
734eab10-85e9-454f-855c-f668a3cb9e18,2caf3d2f-f026-4418-bd3f-bbec697ae294,631189,2026-08-20 13:39:27
9caf4bfe-7ff8-42c6-b79a-566b2e1482be,d3946dc7-a08f-41c6-9688-8e84f346bbe7,5053303,2026-05-16 02:13:48
3c52d68a-8ec6-4be5-812b-809e6b358d15,87bb1f6d-fc92-4c73-9e14-fe0431208bde,1605318,2026-08-29 08:45:40
fc9dc0d0-c2d9-4cc9-9cdb-f14e5ca59057,76d6dc39-3822-4b0d-81ee-30e48a2b466e,3491494,2026-04-18 08:28:57
cbeed3e3-1cd8-49e2-b197-91670d95ee72,f7f47477-d802-43ba-af6c-227826331cc6,7959336,2026-07-13 05:10:27
