settlement_id,payment_id,settlement_amount,time
fc9dc0d0-c2d9-4cc9-9cdb-f14e5ca59057,bdd640fb-0667-4ad1-9c80-317fa3b1799d,1680405.9930671882,2026-08-27 00:00:25
c5346e41-76d6-4c39-b822-7b0d81ee30e4,0822e8f3-6c03-4199-972a-846916419f82,8389438.304244636,2026-08-30 09:41:31
af6c2278-2633-4cc6-8bee-d3e31cd889e2,de8a774b-cf36-458b-8737-819096da1dac,6987747.334673423,2026-08-13 06:17:18
ab8e77a1-28e6-4130-ad23-8ed17f5d21f2,f50bea63-371e-4d7b-a7cd-813047229389,6216503.385334366,2026-02-24 07:19:42
48f9fd0d-5d3b-41d3-a515-99820dd4c0e6,9a8dca03-580d-4b71-98f5-64135be6128e,7526482.831097654,2026-08-07 10:11:52
9de7df7b-5594-452b-805a-8e7e6f46a41f,60e7a113-ec1b-4ca1-b91e-1d4c1ff49b78,5898304.304479952,2026-09-01 18:20:52
0b16dac4-7401-4bb3-8227-0738e3dc419d,0bbb2599-11ce-4dd2-b45e-d1f03139d32c,1322982.3349115099,2026-04-21 16:24:20
8990779c-ecc3-4699-8d6d-cb42bd8bf603,47294739-614f-43d7-99db-3ad0ddd1dfb2,2678575.4984327084,2026-06-27 22:01:56
7c2cfbcf-0770-418f-8916-01472875ad5d,4458a885-ab90-49a4-b5a2-40ae5af30553,1185251.6413992052,2026-08-31 19:29:19
3c3c9c08-e523-48a9-9223-d9061db67101,baa80dd4-88bd-4407-abcf-be01a28defe3,4463888.030951961,2026-08-26 21:24:06
6b47ed61-5372-4bed-946b-448297bb9fbf,d7c524a5-5304-417f-af42-e12f3838b326,527733.0769065695,2026-06-11 02:29:02
536016e7-e5fb-41c0-ad46-3549bf4113cb,3602f8ac-10f1-4c81-848a-aa9e66b2bc5b,5223831.825172877,2026-05-08 05:59:42
3a4fece7-537d-46c6-9c31-aaf3c76aec88,e27a984d-6548-41d0-bfcd-9eb1a7cad415,4381848.854700338,2026-03-15 06:27:39
deb0de7d-699f-4b02-bcdd-0b483cb3c9fa,89fa6a68-8fb5-427b-beb7-99193f22faf8,9564918.086237622,2026-06-24 12:36:48
12d2d7e6-387d-4add-a430-81aa6022e3ff,ff5e9ff0-ff50-4de4-b825-67b85cabcc97,773970.6632811297,2026-08-14 11:57:04
e3f713a7-0de9-4f1b-bc02-24e595c89b2d,cac5b68c-28f4-4481-a0a0-4dc427209bdf,6362320.303151191,2026-07-10 12:35:19
9c03d65c-ed8a-428c-b756-999b251adf0e,877409a9-77d2-4e02-bf01-cf99988c24c9,188432.51681161334,2026-08-10 04:31:18
22eb69b1-5f9c-47e0-a328-143e2d9563ed,c0398710-8976-4334-a281-7efdae849217,1822530.8657077472,2026-07-22 20:50:36
5bcc90fc-a1cc-42d8-b1b4-2308b8463413,00d4af59-7427-4ca3-a87d-06ca6f4cc69a,4374180.206898264,2026-08-09 14:14:03
083759f8-2090-435e-95fc-f99133c417d5,e9a1fa6f-81f7-4d1c-adbc-2134c30ff46e,8294741.073809878,2026-09-01 09:38:58
c2a59d7b-2bd3-4971-ab10-b78675656daf,04fc6d82-7d15-4385-92fb-e43b99546eb4,5072538.918503194,2026-06-09 17:02:14
9a87e357-4b8f-4475-a2eb-b2d2384852b6,913e4de2-e0c5-4cb8-bda9-c2a90ed42f1a,8046685.961636853,2026-03-29 18:28:42
f3e816b5-a353-4a98-8b68-a34eca1fbff2,c40db9b4-885f-4e66-82b6-d2c5fa5d3100,2425061.3450545156,2026-08-28 07:51:28
f85ad287-93ff-445f-ab80-e44ae7d3f770,9b49bd26-df57-459a-8715-a10343dac043,8896507.591233073,2026-07-05 10:53:29
6964eb16-1623-4e87-bacd-c514dae18b28,fec21bbe-6624-4bfa-8fcc-a39ab683d2e6,8580548.93607442,2026-08-14 23:57:54
3768c85b-fee3-4baa-9cb9-13b47d3d16ca,1064005c-3985-43cf-bf76-be1d1efa2197,3814619.2132851463,2026-08-31 21:16:48
4777be21-7677-4166-9644-e9ae7936931e,b535106e-122c-4a56-81d7-425638602ab6,512827.57393219066,2026-05-12 03:24:34
df629d0c-bc76-47a0-ad98-a416bae27198,474a493b-3ced-4f2d-839f-bc501223b513,2170832.228577734,2026-08-16 18:11:37
9457f388-6f2a-4c8a-93c9-aacb3f71e1ae,c8dcd19f-3e35-4128-b900-f7f993829b43,1541162.50130364,2026-05-05 00:26:25
f23d9820-977e-4877-ad6f-4ee3e44e7cd1,6c6fa611-5ab3-4edf-ae59-5ed3a8b317fa,886498.1407186307,2026-04-07 01:49:08
014cc3a1-e5f3-4466-92de-0df8e9ebd446,56dc8907-ba6c-44ab-a712-303a0f844fef,3147741.838888157,2026-06-04 23:49:59
fdc419b2-0a41-4919-8b52-46f3faed5777,6c006f61-23e2-4cb4-b2d8-567d894a05e4,1227495.3010516197,2026-08-06 18:58:40
089b5b49-8114-4252-84c3-6368bbc51a50,8ce21ea3-db20-456e-9c81-5fe7ceda8bbb,8910211.419370048,2026-06-21 01:20:33
cf4994e0-7ab1-4533-a4f2-2a7c87f797fa,c0e9ab30-ed26-42e9-97e0-11b7f8102383,7976281.434318501,2026-07-16 10:56:24
15457c64-3d92-4952-becb-002e73d3328c,e7067ef4-66aa-4385-9d59-ba7136b82481,6376042.6713642,2026-07-31 10:36:33
bb56588b-b172-4c53-832e-2730c0c9c3ed,747b6dba-c8fe-4ccd-88b8-d9c6ed3049cf,9115667.732128378,2026-08-17 11:35:41
5bc07988-21f9-49e9-b7cf-45f6f32ede3c,37bb3eec-4bf5-4b52-b09d-258c27a0c3d7,8848799.683197493,2026-05-19 13:07:55
173a0c96-ffbb-4bcc-a5cb-bf6f3d333164,0cd620c2-0ea2-422b-9048-67babf7b539b,8718825.028310763,2026-03-06 05:37:08
296be903-4e09-4596-ab45-eaf07ad30e2a,14822f53-8201-4c62-b5f5-9b220e8fa8e0,1112734.847481208,2026-08-16 21:53:44
bf4e2e46-9204-49ce-9ba0-c89e75938f5a,e3e9de99-f10c-418b-9eb0-e38a675dd5af,659485.2790131243,2026-09-02 02:03:19
76b90472-7470-424c-b9f6-b641063ff61e,956b8c0c-a849-4b92-ab52-52e314fcdd54,4311241.890822144,2026-08-18 04:50:43
67c5b29b-b400-45e1-9fcb-821b237cdb55,3d1a85dd-506e-4a9a-b758-588dab73295b,4953663.234113903,2026-07-15 12:35:47
a076aed6-5ed3-400e-9f1e-04cbca342e3c,ef8c485b-c07a-40f2-add4-253b50f0fd0a,9335946.787535345,2026-08-08 03:26:35
dc420980-0059-4e29-a226-a75bb432ece9,8181a8cc-3691-47eb-89a2-688b12c136e0,1137221.1931515764,2026-08-05 16:20:55
b0d508a9-e4b8-4e89-a287-729e12194d94,702cdd20-2862-48b8-88f4-ef125e9953d2,8767494.31906373,2026-05-13 07:49:35
6d07ee0b-4bed-423c-885f-f4d187ea651b,4ca415ea-8dfa-4a56-912d-bc9aaaf91531,2217984.8715055045,2026-06-05 02:18:37
8add06f9-9ccc-419f-b233-5074b2b3bb39,be0f051b-1b66-45a9-a3c4-36571d8cbbac,3453523.616067747,2026-06-23 09:14:53
9ed62705-14b9-4b4d-af46-37b3c9a62c37,da587e8a-a25d-4b29-afff-cfd2341ef40b,837532.520390009,2026-06-16 05:11:06
83c5c510-0e08-4343-aea7-7ea8bc5ad195,46d483f3-d450-481c-ac6f-7633a2607723,2156601.553671057,2026-08-21 17:42:38
0a76bd91-9e7f-47a7-b721-5daa5d975cdc,e767dcea-b0e6-4969-a213-42b0f1eedba3,9628676.608193517,2026-07-13 13:41:25
8f0ce422-a5ee-44a2-acde-531f5dce8d9b,20a04502-6e06-4097-a5e9-79778d7248e2,650101.9647637609,2026-06-01 23:17:37
34680b6e-c609-4b78-b597-1e438f8dd995,aabc25fa-3fe1-4e47-ae9b-ec3635c7936c,6661347.397584914,2026-08-30 21:08:28
8a257159-3d17-4879-95bd-f39efb334e61,ee0caeb5-ecfe-4b99-a790-cebdbfddc3d9,2904562.525171229,2026-06-21 03:28:14
f06bffa4-bcc4-4087-ba7e-8c31a6276167,ecab3301-bc8f-4d29-adea-94930658663a,4107678.4122843016,2026-08-05 06:21:42
35b50ec5-b3ed-4f33-b587-d26ddf02774d,1bac27a7-b386-47a4-8991-603f28c13091,7702752.7126011085,2026-08-21 15:16:31
5209eaab-39b6-410e-82c9-6b28beb96a4a,75d66ed4-eb1f-49f2-910b-d1d033173470,3767764.9068509927,2026-06-05 01:33:12
ae2356f3-80e9-4300-8471-9067e5def08e,6601ddd0-3170-4437-a8f7-ef5a060edf5b,4600581.082780421,2026-08-07 11:54:41
5f70b951-1038-4676-8df1-172a46f2ff38,adf4e62d-6651-429e-8268-690ba43825b5,449274.92844041425,2026-06-28 20:48:27
86d4aba8-805f-4892-bc79-5dd973d12f3e,2db69edb-42de-4fcc-b86c-2ca2e08596db,627224.6178827962,2026-03-31 18:07:10
ccc67ffd-5e3e-4e60-9ef6-a99f73b4daf3,30a900ad-939b-462d-a645-f129629c2ae3,27711.518181998068,2026-08-23 14:28:03
fa63bde0-cf0d-4f06-b177-116df2037633,afd5dea5-89d7-4d6c-8e77-7f00ecf27e76,3216928.4195781867,2026-06-04 04:38:12
75373d14-e24c-424b-a453-c4c23037f0b7,aa0b7b14-f2e9-402d-91e9-cdaa6e6981a3,2037515.873698915,2026-05-14 14:05:40
2dc69c90-e5df-47af-a403-c4bc14860c2d,688c7015-aab9-4e49-8f2d-479681d2c7de,9165882.085105788,2026-06-11 10:14:10
1bff56f4-13b2-41ab-b4e5-80aaf5504c52,f0bbac67-aa38-40a1-aba2-5efe311c6eb6,2888632.4957894483,2026-08-29 01:00:37
25e050f6-b273-493c-9cad-a48a46a42ee1,8c459ce2-67f4-4ad5-8d0b-0d1a91b0e1d9,3468779.521423195,2026-08-04 03:22:39
854bc8fa-344a-41b7-9fff-8cea26870a98,a79ac9aa-9b4e-4c24-9479-e1e6c9277d9b,3530272.0042316657,2026-08-17 23:19:00
7951d52b-21cc-4ba7-ae85-4c728a9b7b20,9e87e04c-a208-4977-a9f2-533683f4a9a9,3826736.699464774,2026-07-07 21:03:32
a50a0a29-bcda-435f-b1a0-cff86b8da340,25b8fd4b-32fa-4de8-8e7a-e7f639820cff,7752041.397495275,2026-08-26 15:44:35
05a43113-101d-459e-b066-478c4aa0d842,74962764-12a4-4ef0-84bb-b7a9d98868dd,3208939.932342964,2026-08-22 18:21:54
f28bffb9-d5bf-4edb-bb79-da1ecd4f2875,25c73c44-3e75-43b4-a64f-a6637e8f8095,1746923.7823532752,2026-08-04 13:27:11
9425fc3a-6964-4112-95fc-0f2ba50939f1,f53d4330-cdda-44ba-ad06-e8cf3805f907,9184212.899375793,2026-06-13 08:13:29
5388d128-c96d-425e-a563-9cf4a7dfeb92,74daaebf-1f11-4b76-992c-9227eadf5085,8658825.478668777,2026-08-29 15:57:54
87b8f95c-b265-46c2-aa75-7eeb97e642d6,c1581092-f335-4ba3-913a-7052986f9025,8306375.853802823,2026-08-07 23:32:12
913767ab-4dd8-4715-b53f-f3e271fc5136,722764e6-8c41-461b-a827-a1b9d4a02e53,7841899.093921106,2026-07-07 14:25:47
2bf6f6c4-4e76-44e9-8a12-ba49e5f5cdc8,d701410d-3f4b-4a70-8074-718e425a609f,8615369.379263224,2026-08-02 10:37:57
f8815f18-5f34-4d6c-bbf7-5b573a0e618f,709b7d97-464c-44af-bd3f-3799a07295e9,4461865.243969109,2026-07-06 09:11:05
25f98046-0c1d-480e-9873-9636c50e5194,14a0bccb-8a47-4a87-a49d-681d51d87c64,2524547.8579772105,2026-06-01 15:50:52
2a96c526-f4ca-4e70-b4b7-99ec48cd42c0,54b4a482-6858-4eba-aa34-c85410714d51,3394842.237730709,2026-08-12 05:32:03
890a83b4-b639-429e-a929-8691ec93e43d,95863a76-c511-45ff-a7a3-7e8163b4c08b,9388473.805182628,2026-06-25 10:04:50
d6de70c5-2ce4-499d-b924-08c32ea9ef6c,5a0cdd7c-f157-4470-8182-67c47a1b5806,6903563.929217058,2026-09-01 09:35:18
cb618d75-aa96-4dfb-a79b-265ab15f3994,ccc42903-8bcf-43a1-bc10-fa52bf5d2fdf,3628333.3761047767,2026-05-16 19:13:56
0a88e6ca-1dee-4b6d-bce7-5d1e2947fd26,638c254c-076e-4bba-bc53-08bf6f92f25e,6580152.523963696,2026-05-06 13:54:42
42aa0bc7-70de-43fc-a060-917a931414e8,20ac3703-eb67-446a-b7a6-e17cd72b6108,6477101.074995171,2026-08-27 20:11:23
b506c24d-8fff-49f7-b485-0fcd2f3b2b18,157d94a1-06f0-48ff-a9ba-5a27907bfe36,7654480.030229518,2026-03-19 07:30:00
58065bae-fa5f-4fdb-9123-39faaa61b32f,53cd6268-610c-4373-8299-9aa40cdf742b,6291091.224955338,2026-05-17 19:00:34
f9b81e65-8a34-426b-b2cc-3fc55f775a7a,6bebac31-d4f8-4d72-b382-1cfdc083b73a,321241.7567053211,2026-08-06 09:11:22
eba18fa8-1f19-485b-8d33-0569889cd33d,59970043-f3b1-425b-bff9-f5850d557b61,660198.8049499705,2026-01-22 17:32:24
c4bd9b59-7fd9-496f-ae5a-88566791659c,d6d7b3b8-3309-4d35-bf4d-f561f319c125,2062922.6660474846,2026-07-18 00:40:40
8bd03267-bd0e-41ce-b85b-c2d301196e6d,bf780e3f-f6b7-41f7-9b74-92459b1bc895,2716577.6566425688,2026-08-08 07:47:24
4ba99d78-b498-45d0-a5b1-c79954cecee7,edcb8cb6-0692-4c63-9424-aed51bac5c15,6185590.6555258725,2026-07-20 01:22:44
f1aa9ba0-f838-41c5-8a32-1d2ae55ec749,13748146-32c5-4d89-b70b-3420f1043785,3952431.6767780855,2026-04-07 16:42:22
e82956cf-ba81-4860-90b3-032dccb1063d,d9acd158-4d34-45c5-85c1-4eb4b27b3d90,9299357.672804218,2026-07-07 15:30:51
bb4ccb14-1cc0-4764-b06b-efca56b405d7,a9597663-6daa-4e68-8861-fe1858e25888,2989643.200961653,2026-07-31 17:48:01
ad91f456-23b1-4ebd-8a42-be3fe671d582,7d7ddbed-d284-476c-ab88-f83dd97dc9cd,7503237.877500636,2026-06-16 09:38:25
66d137f6-0659-410a-8ede-79b61deb979d,859131d2-bbda-4242-ad17-4fc96f7c15ea,8936689.214887682,2026-07-29 04:00:37
955bc346-31f5-4560-a42d-10f59bafcc20,3e6dd58b-7367-428d-a1b2-94de4767d76c,6208119.373962666,2026-08-21 20:48:11
c4605896-ef87-4f0d-8802-2f8e38de6b6e,533420e6-d9d8-4b8d-be8a-dee70758e201,4244550.203463632,2026-07-06 03:25:20
89d56357-1566-4feb-85c5-bf8d321a6c3f,b380c73a-989d-4d4a-a15c-a6664797b2c9,8534645.687747438,2026-08-28 03:30:18
f526d3b0-abeb-45d1-ad54-06bc72098a7b,680bac63-b856-4035-bdc9-829015eabb27,7805256.75937674,2026-07-19 02:23:21
31c77a44-64f8-4226-8304-81c2f9d09e26,17d2582e-046a-4df5-8afd-a61372bb912d,4032065.966164937,2026-08-03 03:46:52
82f552c8-9ae6-4149-9a69-78cf51589375,79279973-5e78-4fd7-94e0-d3baa9f948b2,9061363.62828765,2026-05-20 08:23:56
65c65c7b-5c6e-4f5a-aab1-33bae88ffab5,455ac762-7428-4656-b3ee-4d3b5a104129,3169407.64926699,2026-06-01 06:35:52
5ea011cd-6d79-48bf-9a92-e740b74966cb,f36cb62b-892e-4161-be2d-740a1e9b23bc,3524784.048637344,2026-08-14 12:45:55
584cb0f7-48de-48be-831e-ef965f71dcc4,fa02eaec-96ef-4ad6-b97e-670346c8adfe,1640148.8843316326,2026-05-24 14:44:24
dfd23d15-7211-4575-ba3e-fd034edeae5f,2defe193-5c62-43a2-ba3c-563e4bd6cee6,2091294.5233705589,2026-08-04 11:22:12
e3472e25-ba54-48fd-b737-cc38166cdd33,8da8eee4-0df5-4ac6-b96b-648a0ba6eab9,8070778.720299649,2026-08-01 08:37:11
cdbe5548-6a65-46e8-be1a-d905bdd4c1f2,48ca7651-92f5-4f7b-8323-d342df6a8f93,3051135.9794789306,2026-07-11 19:18:18
ba5e4066-ce40-424a-a9ee-29f449e3eb48,7a4c75d4-dc99-404c-b0e9-8b3b40a26c60,8017060.2251297,2026-07-13 08:53:53
23bab528-6a08-4aa0-a57c-5c02ba85e403,0db95301-afbb-411a-a123-5a8c93b7a886,4957798.973956228,2026-03-08 12:14:53
79803efa-4da0-4e48-b531-518a24c58b47,8edddfcd-1e52-4770-bf89-7142fe716b14,3725946.197175324,2026-08-17 10:44:56
eee31d47-10ec-46ae-95dd-df38fc9454ae,715629ee-e893-4e3d-b354-ea6f61607459,7030694.734864539,2026-08-22 07:06:47
01b1c626-16a4-4bfa-a032-9ee6c190b0cf,9c10c572-0f6b-40d0-9efb-a58b9191b363,3408792.1127652572,2026-09-01 13:07:49
6a1d9731-45f8-414d-aa16-ce6ea388ca32,14c8b3b4-a911-4192-83bf-d9313605bf54,1242945.4281284108,2026-04-05 18:03:00
9162f6db-b5d2-4f7f-b64d-7e7c8e49d0f9,b07aa066-7354-45ea-a894-9b8d00af5b3a,3785475.877150387,2026-05-19 11:27:29
61bba5fb-d510-4bc0-af9e-1ddb33028b32,dc0f2fcf-b3f6-4e0d-8860-3b32b4fb0eb9,4346234.323496281,2026-09-01 15:02:27
d2a2f839-0acf-46ac-bd97-04fe8dca3908,ef04e57d-cdcc-433a-a943-4aa096fc734d,3675234.4482263965,2026-08-07 07:16:40
4dcd5534-95d0-4545-95a7-60234d4f6814,246998e8-d39e-498b-8400-7d5ae88da719,5054528.387411901,2026-09-01 02:02:47
397a284f-76a4-479b-bd67-34588f2d0b17,ebd34616-91b7-4d8e-9301-6989bfbbb17f,5050736.515857996,2026-06-08 22:11:34
a2f5a68b-d590-4435-a3fb-6d0bf4be28b4,40181c6e-9a8c-4a3c-9283-aac7bc0a6a5d,9549987.401725357,2026-08-28 11:39:26
e4871ab3-aa79-4de7-a760-49771fca0f16,c3c75611-ffe3-4a49-854f-92fff366bad4,655692.5974100125,2026-05-04 21:37:26
1e8e06ed-0748-4379-bea7-f419a510af65,f8140102-7de1-4dfe-9072-5b5ca2814044,5443062.633729488,2026-06-28 12:24:17
1114e0da-f87a-46de-be8c-9aab7e388a19,292bd156-db94-4570-9ac7-0ec0ab8ddeb4,4757407.276631744,2026-08-02 16:00:11
7b011fdd-94c0-49e0-9c9c-4570bedd62a7,0964fbbf-8cd3-41b0-82b0-1cfdd045dd1c,5363124.250365896,2026-08-03 08:55:14
af97fbd2-a0c4-4942-8206-7d80de4beb12,dd6ac7b8-6778-443b-85c5-b37af85e06a1,8852332.536686867,2026-08-14 15:11:11
1e9d095b-d17a-49bd-b1ba-0beaf9690579,84b871bb-3005-48d2-8de0-51a669ca97d2,7201607.918061909,2026-06-14 23:33:11
047dd583-9344-4b2f-bba3-16688334e524,218a1536-8c99-4894-845d-cc38341c6494,8036871.870135119,2026-05-28 22:50:05
25693e13-0efa-4993-94e7-4f2629b05b37,9bdf0377-a149-43c2-b920-264c0763fcd0,5110722.14335608,2026-08-18 10:38:49
22aff503-b17a-4f6d-a0d9-66707606fa34,17dc8eff-6872-43f9-8d60-593603802b70,1881900.2711401323,2026-08-02 21:46:27
5c75352c-45cd-496b-8d8a-16f329ce9bfa,d50755d9-a5d0-4d53-9e12-42e3f27292b6,4773179.851542557,2026-08-06 23:48:00
5b21c9f0-f485-4088-a97f-b025a2e11798,d5b077e0-6a5d-432b-85ff-2c83b495db4e,7469597.645600931,2026-08-05 10:55:11
a391ffdb-8794-4c7e-8aaa-7f994a34041e,ebff8d15-30cb-4755-a232-b17a25074181,2261455.6672147107,2026-02-26 22:45:12
a0c69223-c435-4252-b19d-d940838cc137,dabac50d-ca3d-4859-85ce-099c46b82659,8352276.428616058,2026-05-20 08:13:28
c0ac430a-9948-4f82-9831-b802c3c2aee6,b9de7a3a-4868-42b9-80a8-1de9d20f87d0,8042332.237846364,2026-04-01 03:55:09
50f32ab5-df58-4eff-9296-5cf38b30bb4c,585a0afa-7bfd-4c12-89e0-6ab37250ee18,6231710.109225223,2026-09-01 08:12:29
af793d4a-457e-45cb-8d13-1338ccc4c0a9,304b8590-de9e-4757-9260-001eeecf67d2,6248831.029180345,2026-08-15 05:43:26
88cfc53d-1888-49ce-9cce-495db0377c52,0b2c782a-6928-4e92-868a-152fdb23aa8c,6277919.065450191,2026-07-26 06:07:16
034d42fd-24ca-4bcb-92c4-c2865a0461c9,d21c82f8-cada-4f80-a9e7-82d4fd08b32c,612254.099635855,2026-04-13 05:09:41
c75ff368-5f7d-4bb1-880a-fe9f84a6d693,54fd9ad3-9716-408e-b721-69bb80962718,7233573.859961267,2026-08-16 00:58:00
e92966be-ebc0-45f5-971e-c230697878c1,03edd1f8-74f9-4d17-a912-b4bf86a4bae4,2526056.4496916495,2026-04-03 08:59:29
80ddb386-2790-492f-b7c6-bc5d1a380e8e,43d88870-f81d-4aa1-8812-0a8e78308930,1328581.301371137,2026-06-20 12:54:59
e5a5829e-cb8c-4d76-b03c-1503d4e20134,889b78d5-dbfd-497e-aca2-b148da330aa1,8053509.152714629,2026-08-26 05:30:54
f3d6b9f2-d4d7-40ca-b08d-16769d09a404,3c19e71d-1184-45ad-9e11-d2cd0930aef6,3702468.378919309,2026-08-28 05:50:08
6ad73453-1d2c-4c89-8d75-e6dec19d5186,0769165f-e746-4cb9-8ca9-cf07b1aa0f6a,4829559.228891618,2026-08-17 15:09:55
d19fcf31-1dd7-4f1f-938e-f8ccea8104ad,3e83b91f-2544-4fe0-ae41-7d475ff595ea,9008788.895155977,2026-08-31 12:47:51
592448ee-7ac1-44f9-8472-f9f6ec6494e0,deef580f-9c07-4751-9437-45092cd1586a,8245778.757733637,2026-08-23 00:55:22
d12972d3-2396-4b83-9cd1-4b22b0e8b2fa,a34db7c5-760d-4bbb-bb70-b3a124a35cf2,155386.7104295112,2026-08-12 14:15:51
85eb43c8-98ff-405c-bcd2-280ee3c51ba8,8beddb12-ad77-482f-89a2-3a89e6b5a92c,5700460.64919114,2026-08-25 11:49:14
075cc8eb-4dff-49aa-b5bb-abce2c15c4ad,6c9f82b9-f647-4986-a391-7c994c955f6a,4958442.26834291,2026-08-10 22:16:22
20f36e92-38ec-41aa-9e5c-5da8d087edcb,7bb38605-da74-4152-a27b-41a1ffd6f232,5934404.943814414,2026-09-02 00:45:58
3a00c83e-b023-4bc3-a471-a957b1b9fd9d,4b943e30-b303-4438-be21-10d04bbe4aff,6544875.525849253,2026-06-16 07:03:44
fb29ff36-2155-4ba8-b5b8-23e420168e6d,af908e3c-dd75-4e98-90e0-b95f0212b554,8238540.184183913,2026-05-07 09:50:54
c8b62c18-c355-453e-b0d9-751c6cc0067f,9b689c88-3ae9-49fe-8c82-18dac696f5e6,3117733.006642378,2026-08-30 19:23:44
7bf820f6-c652-4c3d-84d0-7f2913e675fd,b88ec318-c16d-43ed-ad81-f8bd402913ec,2261328.721151574,2026-09-02 07:32:50
08651a6e-1b99-4b83-b244-0f070ae263e0,a5769411-a0a1-4839-a745-770418dfbc3c,544038.6764611905,2026-09-02 08:00:26
0f2c01b7-97da-44cb-8373-5f49a8e7ebe3,1712fb16-21a4-444f-bb7b-ee035d678bb1,6781434.768460163,2026-06-09 07:09:57
0b147f1f-40c5-4cf6-a895-60411e71afa9,8a16a06c-c958-475e-a1d5-3971336749b5,8322611.133472585,2026-04-29 16:52:26
c12a34f4-02a1-4629-aae6-f1a14d38a8d0,e9ff1cae-41c8-4a8c-aa1f-955ad499da99,4878574.024683516,2026-05-31 06:47:38
9a0f09e9-eb8b-4c11-9fb0-ef34c8497436,f6802cdb-77e4-40c7-9d7b-c313cde22f1c,3696699.7997900806,2026-06-24 06:45:46
2f4ddc9b-3334-4d07-a6b3-6561966d2735,8eac0a33-cdf9-44a7-9882-b5c1f79efd70,230190.1427064402,2026-08-21 22:09:28
254338df-173d-4030-877d-868859fe1c45,5e5ba13d-746c-4b77-9fa3-82e8895ccd99,9683274.560119981,2026-08-19 02:24:54
f2e401af-4702-4755-b11c-c0a4bf06d520,5f18e583-f0b6-483f-a377-f6f1d289f0ab,407798.9007909897,2026-09-02 03:01:39
daea544a-291a-4905-9a29-fe6b590bd0c6,53f8382b-8fb8-44e4-b173-8856e25d36eb,1037895.712591456,2026-08-17 21:50:58
3de814ac-9cea-467b-ba82-854ac7e2a618,a6348e78-4d5c-45c7-b379-cb1ee8cda0cc,612179.7432299578,2026-08-05 05:55:51
d1d06bcd-195e-4d72-917e-894e91faf1c7,18e19331-1dba-4267-be1c-a5a1fef518a6,6352880.221655149,2026-08-21 07:24:54
378d2f8d-8761-49da-8394-79c1c363f61f,be3e6e57-f30a-4e32-aba4-fc035efa9c5b,9596264.929926848,2026-07-19 00:10:54
2bf95861-4827-4440-b6d9-fe1731094211,19597b5a-a7a8-4636-aa35-df59e2aa7a5d,4628464.397224457,2026-08-10 07:19:10
19437791-b9b0-4ec4-b93c-8859011bb348,71818dcf-379e-4c6e-9edb-0d3cb0b63bcf,6012227.048051236,2026-05-02 16:49:11
b52f80c9-d9ee-4678-8112-f0ffeba46463,8b621d41-5e09-49ee-af88-bdecfb1e143b,996954.442085553,2026-07-20 17:05:51
2f64672f-96e1-4522-b2b8-d6985dd0855c,1f45dbfd-f7dc-47e0-b097-4b2b46a02a9b,1509624.0935224437,2026-06-17 17:57:38
2e4c16e2-1b79-4e6b-b52e-f4a6ac6c2e1b,f8999246-98de-4ebb-a3b5-cecea446be72,4007383.6791423117,2026-07-06 16:52:46
36daa93a-6c91-4882-a12e-73c7fb368cf4,11906f50-3488-4a46-9088-2eafc9776598,9596054.862734733,2026-07-03 17:23:44
c2ebbaa2-1ce3-40ed-a857-07ac3a40fe39,541c7a86-3ba5-4d2f-9ea4-5c19d0243d72,9764274.38828098,2026-05-04 03:44:01
850cddfd-1c3d-4e19-b745-55601fa54251,250a4578-fbe9-4499-9bc0-80fd46fb7bf3,2840684.6037936634,2026-04-06 11:22:58
b4693ec4-5c7a-48ef-8324-5e357eedcc65,21bddb41-0699-4731-9dcf-8766a93b12cd,3944063.2440727726,2026-08-24 16:26:13
150e3388-0a65-42a5-b8dd-f15d8ea035f0,43ef2016-2c9b-462e-840a-3aae52e2afd9,8666924.59765264,2026-06-21 13:32:43
489ac27e-6281-43f0-9d9f-ff257e63f654,72c22a16-79eb-4168-9045-56e5bee3eb79,1798919.70190972,2026-08-08 21:45:23
afe2487f-4fdf-4f5d-bc75-ed5399b32070,9d77a45e-f206-4269-b8b7-7c0780fb9296,8510256.911213296,2026-07-23 08:22:57
4a640fc1-6843-45c3-8dcd-6e9b39d2d74a,07f97d05-f6ca-4b8b-a4b1-f99175424646,6637139.638220228,2026-07-27 02:22:51
e50ea3ec-11d1-47d5-9b55-86423054366b,b65feea9-7d82-4264-9ba3-62e7afa415e5,1336738.1405052561,2026-08-06 11:06:51
2de66d5b-5e10-43a0-addb-8943f067ad82,204e178c-10d0-4d11-a5f9-34bf9bb96155,9025360.928536715,2026-05-09 18:32:02
ac0e7307-7ddc-4af6-ac95-adb1ffac54fd,87d292a6-98ee-4c2b-be9f-ecaa6182f347,7084482.334344834,2026-03-21 08:40:58
a8969e70-85cd-4384-b024-979265787d0c,da509fed-1d4a-4d81-b3a7-d0e0cb08587d,9105851.016744964,2026-08-03 20:57:55
65125d2e-24b3-4c8e-9e85-0f8015c2f297,3a7e8e14-e359-4ee1-b399-1a476e191042,6589274.01569399,2026-07-20 10:49:36
1a0a7680-fa42-456e-972e-c23eb1edf3d3,6d4067f4-5003-4b35-9857-8bafbac7e2b9,2487970.150356889,2026-07-20 13:39:01
fd9bfaf3-d812-4123-984f-5a56334477eb,f4e559e5-9622-4348-8f5a-e9d38e6e5003,1994875.3555474773,2026-07-18 19:04:32
6cb96a2c-d68e-41f0-bb9d-58321f6d5768,f0ede303-aa53-419c-9fa4-bb9f5a856750,844999.633254797,2026-07-28 14:55:19
c416c07c-b6a7-47b1-83cb-0c28474cfa29,1a85910d-5a05-4c11-8ffc-a6b199b479d4,8000721.95557736,2026-07-20 02:03:03
ca1c3218-c19d-41c5-85e1-8b7797f971d5,d86a6460-59a1-420e-9bb4-3332d8e7012f,4533467.799241682,2026-08-31 09:36:24
5b29317a-6675-45e2-b177-3294a4d21eae,d85c16bd-6dda-4f8d-8ea6-0f4c39e58ff0,9090968.270641973,2026-07-14 23:43:32
67899d92-f33c-4c36-9a69-0cadaaab5830,d4578ad9-a867-4096-add8-77c89be71737,4450027.093306478,2026-08-03 02:01:57
c49b9e62-25ba-4f03-8765-606982ec0fc3,01902620-59dc-4bd0-96fe-bfb9ebe9e207,6532235.599121386,2026-07-23 14:05:09
7d457a09-402d-45e8-9f47-d9021ba84a91,f8c88fae-a217-4f84-bdb0-25ff2451e5a4,3511981.9707589815,2026-08-31 15:50:58
2275b1e2-f141-42c7-a0dc-ec7d3b172319,284bf962-5744-4596-b422-21676b7a2460,9395748.063378375,2026-08-21 06:31:24
d48f5ba3-0d87-4c72-bce0-5a63197f9b8d,27d415b6-0d77-45a0-a222-b6a615bfbe97,1341738.665575462,2026-04-29 22:09:03
f8d9bf33-06d9-43c0-ad98-73017f85c4e7,7c54535f-6c8c-4b6a-a974-d079716fda0a,3565029.4166824035,2026-07-27 16:04:30
53b3618b-ade0-4648-9ac6-030661f43c2b,1c6345ab-6e0e-41e8-985d-3f861d2324e6,8017223.797708866,2026-08-01 01:19:57
18a95210-9f8c-4c51-9f39-36a54d8131f5,3873e57f-0ba0-48e8-8ef4-92c1aac93316,127535.97764035576,2026-08-16 00:01:01
851b5f38-c069-4f1d-a93c-94131396a289,c47104c0-3613-4e15-b200-c2614d29d1ab,5408214.252974728,2026-08-26 17:51:18
4b26f0a3-33b1-4ca4-b74d-34f5caf07226,6e3f683a-bf3c-4140-bf54-a51101fa964e,3745942.5314873043,2026-08-31 14:58:17
8bef4a76-8a60-4b92-9c13-7c04cf3a2f8d,13eecdc6-ebd1-4d2c-b5b2-745504cc3ede,9373003.275300372,2026-06-08 18:40:09
62359144-1e7f-42ad-aa39-73ffe14fea78,75c8e90d-9e3d-450d-b296-d9f0cd2372c2,1451289.1179866944,2026-08-02 07:17:37
714b5c03-6057-47cf-9a55-f8255086f384,6f887f28-3e49-4d09-9b19-d8b8d8302081,6446344.918880643,2026-07-29 18:07:18
8e81b2f0-2d47-4c4f-8869-7ffa09360f02,5543fc3c-38b8-424e-96ea-57b3beed10b6,1855842.3633012353,2026-08-27 01:51:53
e27bb6c4-4d94-4434-8785-9c05dc409942,c6b6e4ad-e7ea-4d5a-b1a3-ac4d828c37e7,2425513.6270428514,2026-08-17 20:39:34
c3963bf9-7cc9-4887-a39a-c771b739a28a,7e7e7419-a0c1-4035-85d9-5f51f387e1bd,9594553.99466952,2026-07-04 22:58:42
a8fae904-7d94-4d9f-acce-693e91a07ef2,9082889b-e1cd-487f-ac95-5f87ae5ec365,5336140.335222228,2026-09-02 10:15:08
78460474-927c-4ea7-8a15-9e92af74ae63,117b355b-7094-4bdb-a6a5-24e350ee7a92,4472904.843268059,2026-08-30 05:40:11
974ebb87-7ea4-43e5-836d-977b6431cbbe,a508dc95-13a4-4492-897d-e16dd4ea120a,9759263.495899491,2026-09-02 01:21:39
5a4eb9f3-ad2e-4db8-9def-c23f60b759a9,8de7ad6c-9490-47c2-b674-456f626d719d,671077.4666543149,2026-07-22 06:36:33
97289c5e-0734-4403-8fb9-7b5d520b28f6,a6ded1d8-9258-47b7-8f50-1889e8b77f7b,8317824.450970363,2026-03-09 08:23:39
594ffd27-5dcd-4d40-9641-510220d1968f,1a7f195b-7355-4b9d-8fd6-f47ef52d4af2,1384139.7204832549,2026-08-24 05:56:08
c3e3c148-06e2-4861-957e-dc3cbdf774c8,3f6c21f7-0a05-47f0-ac2c-d22ba56895c6,8616071.34466721,2026-08-22 08:43:14
6d9b1eb1-18eb-4ed7-a16d-41c8575c9669,5f733a3e-5d28-4aa4-a8a3-97799c1c3517,5523283.754637353,2026-08-29 13:45:37
59ecc846-6974-47ea-9b7c-57e8fdf02450,a5b5cdc2-a181-485e-8a0a-c6ac0d67d38e,9237993.40593146,2026-06-05 14:34:32
3c10316d-3f63-4065-be85-c8c4a9470663,da003f16-b946-4bcf-8082-cbb948bddb3e,2449148.3327995907,2026-07-10 01:38:54
b020321b-e90f-4137-95be-bdd097b027ce,2434a678-a9e2-4ba9-952e-6abb14dd5061,6499677.05335175,2026-03-17 12:25:22
566c93cc-1d4d-4db1-8e0e-be2ede72d970,15b02530-f020-4992-b576-255e98549f22,5435341.305522651,2026-04-26 13:34:53
0991946d-537c-44b0-89d5-af23050bd848,f275b5f3-d436-47a8-b3ec-b951ab8cbf97,8638009.613601094,2026-08-04 07:01:53
916baf87-6c27-416b-9d05-b827a863782e,822c4d32-6c64-4c15-aba3-01cba561e1e9,2953234.6469019325,2026-07-03 03:22:29
05391557-4441-42a5-abd1-f826e6c2cbb7,7c7c404e-c422-403e-b29a-6339577bc55a,2561333.8966623833,2026-08-01 09:09:03
51071545-fc5b-44bd-85b1-49a096867676,19e45c6a-c9c2-4e69-982c-75654bb907ec,8724225.606867285,2026-06-11 08:36:05
9291e493-528a-44f3-a3ea-c0a19202b09c,c42cbc39-e05b-46c5-9636-3094a97431db,2515981.369159691,2026-03-23 23:41:17
b0dc75fb-199d-4089-bd05-121cceee7d65,c566aa81-b15e-44f6-94d3-07952e4bebc4,7233362.545314804,2026-04-07 22:26:50
4cad66c5-9d65-4c03-aaa8-14da56ec0e55,4f3949a8-3d3a-4582-88b4-f4743be79df4,3182187.8980319374,2026-08-02 09:47:12
7f383a3e-33a6-4403-af9d-1d74f82c6ad8,fc043f08-9207-4158-b277-1f63ada58417,6288980.821321465,2026-07-22 14:56:27
36cdf42f-892c-4b33-99af-8224d7232ce3,297ca4ff-f75d-499f-ab2d-5b0987079ad4,2271627.2992107132,2026-06-02 21:22:21
ff08c739-4c1d-4e43-8c2b-03e443e1346d,dfc620ce-7b07-4d31-a424-4f230d5ba7cd,8478478.40907767,2026-07-24 13:14:50
be2de8c8-9fe3-4824-b9d3-a9cfcdfa76af,290a3abb-c35b-4fea-9578-d70948f9e3d0,2401174.966263744,2026-06-28 19:49:01
18407642-9404-4909-981c-a1a0b7bba2aa,38d77b9a-e916-4a57-b248-23ab177a8a5f,441158.4294873349,2026-08-07 14:15:50
910171d2-1138-478b-85fb-3e8a563b04fa,5fbbf0b1-8083-49c8-a57e-01c90da23e5c,6137003.071460691,2026-08-31 18:38:55
35b1773c-6d56-4fd5-b9ab-301887f3c9a4,195d82f8-ee4a-4b5d-9195-54e307374c86,2414109.8084689174,2026-05-01 21:07:59
d2e08e57-a6cb-4dda-93a0-181bcbafd542,d46b415d-eada-49a3-8970-ed9a09ce3cfb,7729367.660984074,2026-07-23 12:37:23
6ed338be-4cc6-467e-8ddb-3f9e81300e68,144823f7-e7e6-46c7-8158-24639d8776a0,2449747.5516323554,2026-08-28 08:18:38
abeb5f49-7406-4a32-83ef-3ce99ffda1e7,6b79afcc-3d0a-4f0c-8c39-4ec71f317405,1036538.2451475539,2026-04-24 04:35:31
b40d8aef-a0ba-4142-84c3-2fede182701b,98c3e3ca-7ff4-4ec6-a7b7-b4c6d6312a80,9406152.613544222,2026-07-14 04:48:19
7fcbcf31-93ac-409a-afc1-0403dcda8cc1,6de299a1-4a90-4d0c-a4c1-73b9b7f28572,9464525.635200609,2026-07-02 10:54:26
be015802-d2eb-4277-b64d-4de0a92a9880,15eacbcf-ab10-41ce-aa14-3cd82ff3cde4,8656668.851043828,2026-08-22 23:38:59
88604b56-a34f-4452-afe9-e8c94497734d,81f38dd4-fd03-4ada-8952-518581e03a5e,7651183.804026261,2026-07-05 08:22:30
a0733e57-ba03-41f9-90ed-01d3ef444cf5,5f90bed6-fb25-464d-a30a-a767a2bb522b,1099555.3612630647,2026-05-26 12:51:38
76658707-5d41-4ac5-b35d-ab4685b375aa,a0d572c8-a837-4e68-bba2-05ca3dba6da8,5514784.480904167,2026-03-22 12:00:10
af704164-bf16-4454-a685-602c3d8925a9,56ab087a-8bc7-4e81-9a30-45280b599562,7683905.987565978,2026-08-03 23:55:35
5193412d-6906-4118-af75-a3b2d8186112,2285b2ef-cfbe-4fe9-aea9-c542a1b970d0,7561085.65720996,2026-02-09 09:13:19
69958fd1-d891-4adf-b41c-612aa2491260,ca862225-0b36-4356-b39b-77a84b1f0d7b,5053097.387972271,2026-08-02 02:43:28
291c0da1-a563-4d3a-897b-c13bd2deb47d,8b040f49-d0be-43ee-bd37-253965f202f9,3117646.659047515,2026-06-10 21:52:28
67e6d49a-3c73-413b-99ea-5bbdafd5b90b,0c3ce284-c7e5-4bbb-9cb5-1c535b62a8df,2030745.9094405286,2026-07-09 05:36:01
07179ef3-3121-4863-a663-ed111d122ccf,be4969ec-6667-43bb-a3b5-63606fdc0bad,5589180.859330887,2026-05-01 05:46:44
76d32b96-4f7f-463e-93c5-44a3cc0b200d,5e0a72ab-7f5d-4163-b12b-66807f072cb9,1367768.2446521209,2026-07-31 23:38:47
6c097204-6fa6-481c-bdc5-62858f50b11f,febec0db-9a3a-4103-ae3c-453214348f62,5245290.821768261,2026-02-24 05:10:53
22ed1e25-45d0-4382-a8cb-b7ca33b5a667,4baf0f5e-a932-4094-93f2-8f11147f6570,6976967.633900284,2026-03-12 09:03:09
471c10ae-cdb4-4dab-8a27-cd6942264ba4,727716ec-59fe-4bbc-b1a3-fad2b0946d2a,5783462.120620614,2026-08-31 18:45:25
da3ed15a-a4f0-408a-ad0d-5e1d8cfb137c,a3b442bd-4649-4296-af58-42c3ff86cc31,1221542.7391597102,2026-06-11 20:33:43
c840789b-7c60-4399-b8f4-0e5ef6babccc,bff9507d-cd14-403e-8359-9af65d01f55f,2340165.12551527,2026-08-25 04:47:18
157c6813-e581-420f-9c0d-b2660e29ed9a,08e895d7-702c-4821-8804-0fb7ad973b67,6083559.576641638,2026-07-21 14:23:25
1046e3df-ddfe-4849-8c48-5cfc9a0270da,084a6780-9136-41f8-b310-46dc6202bee6,6059814.173018593,2026-08-12 12:12:18
a84d5f25-abf2-4369-9d0a-06d3e592ee7c,92ec89af-13ae-4376-8359-810a71a6014c,5190195.183703774,2026-05-06 18:26:04
b9676dc6-d6fd-41a5-b173-12f4659ae9f2,06a241af-1d0a-47f7-b5e4-a4713fe68c9c,6341512.113939711,2026-08-13 22:56:00
bc06e86b-922b-4fb2-9ca7-99723c6d3173,42a259a6-c664-4285-8303-cbc11e2595b8,4653310.14397529,2026-08-28 07:58:51
aa0a2259-859f-42bb-9ee2-6f39eed4db89,da52d2ee-22bf-48f5-9f65-2a87333ee344,7373001.628211291,2026-08-27 02:02:53
171a8b65-e272-47ca-bf17-6b5540767e21,d8741408-f7b2-47c7-ae92-ea71cf7dcb43,1076095.7354201274,2026-08-14 03:43:27
ce830e27-c5ef-4670-9f4d-88ce998de3d8,4cc9f5f2-e42e-4037-8a55-2ea08acbbe09,2885311.726266274,2026-07-21 05:56:56
bcbb859a-9596-4725-9513-da02544c14d1,fc31a597-1f11-4c0f-b967-e60a823dd107,8113732.866526686,2026-06-11 15:35:18
3c667012-be74-4860-bf95-7403ce4ba2bb,5e70f65f-9280-45aa-8dd4-595b5c63b6f3,2143577.7304202854,2026-08-31 18:56:29
2cd6e8df-1b58-49c9-a4ef-65a737cf65ca,4f2dad3f-10d4-4e39-9612-37c9e25df9a8,7853226.3703830885,2026-08-03 13:17:35
688b4cfb-7081-45fd-8648-bbe8f84ce7a9,d2c65ee4-68d0-42a8-84e7-f7dd6929de73,5189325.044016493,2026-05-08 13:34:15
7d8823d2-0e51-4083-96e8-3922dce70289,8471b4b0-ae1b-4f69-b740-d83173318749,9119189.700272266,2026-08-30 05:19:52
c8c621be-e122-4e75-8719-8f5cf69bd596,e519dd7e-84d6-4c4f-b0df-1684f28e4122,3228296.2060268912,2026-08-09 23:02:53
5e24296e-b736-4ad9-b9a8-226b5ced7017,4d85e9c7-a001-4720-a00b-290346426c45,2749729.0346522764,2026-08-26 07:34:38
e7bd1db7-f780-4afc-a538-c6a705651e80,2bd3cdcd-2779-4685-94a5-3fdef10d27c8,5511830.594761748,2026-08-09 13:51:24
cc876b1c-a987-499b-bd4c-938cd76ac5a8,07437c3b-dd20-43bf-9342-af080a8bb5b4,9561995.996797385,2026-04-24 09:33:47
abede2b6-c9ee-497c-aade-7b17b0d090bd,92779574-c457-4cc3-b5f7-89bca6b07458,8201359.521400754,2026-09-01 22:19:06
4f2c386f-627b-4edd-8d7f-937140c37cbc,f4e7069a-a454-4937-8a27-ebf28baaf744,6707279.81291784,2026-08-28 14:00:10
e7354db2-5ce4-424b-b35b-9f78f55f2e80,0f5675f8-b048-4aa1-92ae-5c22741b77f5,7713582.8758413885,2026-08-25 22:59:34
ddf0a0a2-88ef-482b-9f3e-ea66af6c6f61,5005680f-24c7-48a5-9b4e-164b5716dc2e,5647059.399843773,2026-06-27 19:07:04
02038340-6372-4635-b141-4f58db8ec35b,83d5bceb-5edb-48ee-82ba-f0e02179e3f0,7648137.262370415,2026-07-20 04:47:04
416aa7f6-eafd-4e7b-ba5d-bd40ed711fe9,24108e9a-3f77-4cae-b318-b96d44790612,6346758.362888949,2026-08-29 19:33:12
c1b4fd44-d29c-492a-afb2-d33c171aa532,dd84cacc-f672-4464-bf8e-a40a6b0ae0e3,9451390.048972018,2026-06-17 04:02:21
e3e735ab-dc02-4c29-b5db-e3964c23e844,7f8e5483-28ca-4a1d-835b-ec2c3098f7b2,5067580.367345122,2026-07-28 17:11:00
5132fe68-a1a0-44a9-b058-3380ea77d1d6,64ab851b-f1fa-46e7-970d-750705eee1d4,3542563.65049168,2026-08-31 04:34:06
462741ec-08ac-484f-8a10-b49968028b3b,4806f804-0cf0-474c-8c74-dc0f5a575539,7814668.656002927,2026-05-07 12:38:07
7ddf8484-f0c4-4ecb-878a-7900d2bd16ec,1b84edc3-d8e0-49de-8217-ea0e896490ab,6066137.5598826185,2026-07-22 08:19:21
d7567d35-ed2e-4bea-a9b7-d533bca83a82,0d18ab95-668c-4477-8b95-017c5dae1201,9024802.5771053,2026-06-26 16:33:38
eb25d7e7-e073-4c70-ac20-2d89b7a69c32,734a6ca3-8116-43fc-a2e7-c1a612d2fa06,1937358.1973661932,2026-03-30 22:59:02
42ceef41-b2cf-4a8b-a90c-42f8d30bef65,5f89ed12-64d6-4fbf-98c0-1e2bf99f0704,6005596.764590436,2026-06-04 08:21:32
9a244525-6bbe-4bd6-9a13-41e710fd7164,66c14dca-8255-4a61-9a3b-031932f57510,2237730.705179402,2026-08-24 16:45:37
b1f94a09-7408-4646-93a7-1719bcdf8302,74fd33d1-84f2-4d0f-b947-4bfacdd0b4d4,2294372.162053886,2026-05-13 16:19:38
a43f683a-a431-41e4-8d56-5923c310d2a2,2999bbef-518b-4f21-9cf2-0859ee6e2e72,4955256.119471916,2026-08-24 00:57:02
a41f0d38-ca80-4df8-b182-fcf2a151ed02,827c9f8c-d40a-45e9-81df-6517561c9210,4966544.234840837,2026-07-17 15:26:15
a0d80651-3338-42d1-a691-c66400c99370,54cc1e2a-5e4c-4287-8442-51dbd0d4ea67,9634602.039108383,2026-06-28 19:43:11
1c5f3cba-150d-48eb-9368-3dd65050127e,df41e335-b9ae-48e4-a615-99c8cbf81f86,7739529.45808814,2026-05-14 18:25:43
f83bf029-b6ac-4048-8430-8e0c3fe604f4,f8d8b7f1-c86c-4544-a7d4-cf50f791f1e5,839271.0649074927,2026-08-31 09:00:22
981170c1-d8d2-460e-a14d-c588c35ea18a,a107cc46-8634-4718-aba6-adb37afeb114,6204958.946981821,2026-07-10 13:12:41
51c4243b-f07d-4671-8aea-9ae5690a7b80,08150147-3e00-480e-ae44-1e21d25864f2,3111284.3493069047,2026-07-02 16:41:59
222db2cf-bc34-4d5d-9f9e-14257a7628e6,26c432f6-6b35-4f85-904e-268770e7e756,8299579.267453922,2026-08-29 15:19:00
d3a71b83-97d0-4f8f-affd-d43b2c691f04,d92f3c1e-df70-4b2a-b8bb-22a5eba742d2,2281921.053583179,2026-08-06 08:08:11
159b2b6b-32db-4028-8823-debeccade92e,ff84faef-5336-423b-8f96-468535145890,5200444.0328182755,2026-05-28 17:52:13
e05b1892-64bc-48cf-ae90-4b5c5e1b015f,57a2be4e-887b-43e5-a980-f80875ac824c,4321717.751115972,2026-08-30 12:13:41
92051da0-e264-4336-95ad-86bcf1db9ad8,3f1be0d0-f514-4058-b138-39757bf33a34,4854929.073260915,2026-06-05 19:53:58
ec511744-05e1-4e2f-b2b7-4922054edd71,b47a1c5b-b0b3-4015-b510-2852b4746349,9232969.855095072,2026-08-03 15:44:50
3a8c8ed5-a06a-468a-9cac-3d21a5a8c8af,ad371d9e-92cf-4021-9f33-242d49ac9087,6470809.108690035,2026-06-01 07:32:56
430438b5-32c1-42f1-b661-7a3bf9606ca3,257f7595-cdfb-4db9-85e7-8b23f4613f09,1308545.5153009063,2026-06-17 06:48:05
6dcc9c60-9e35-436f-a6aa-394c0cbe938d,41a64fed-a7ed-48d8-b13f-8f8cec8be537,8777444.249682127,2026-08-10 21:10:22
f541a44e-16cc-4813-a635-53ba4299b351,4588fc1b-b238-4849-8fe0-69b6eedaa802,9576690.43990563,2026-06-14 08:54:08
1e0aaf12-9136-44ad-b27e-8ce72b8d2c49,e7ba26ac-ab7a-4d1c-8cfe-f6833e11bafe,854663.1698042977,2026-02-14 09:28:22
c5fae047-6f66-4013-869d-4cb7b7f5155a,78ef7666-b7a4-4719-948e-1f6b69ce1e4e,84660.83013336764,2026-08-24 18:15:55
1e56d346-7e80-4d05-ac71-b531d3c724e8,682b163a-286e-4390-add9-7a1afa585b27,7760425.417535948,2026-07-27 05:13:40
f2307c22-30c7-409b-b401-55bdb6ac1c8e,f6c31218-c183-4315-b30f-8be1a689b424,982175.0146136879,2026-05-19 03:01:28
61cf91fb-7e81-4dfa-bf16-e3e949b7e037,88ffbd40-3b72-486d-92fa-675fa6fd0cb1,610293.9010101964,2026-04-04 06:29:41
999f0691-34e4-40bf-9b38-f3066e6a3d5b,2d007d05-d66d-4627-a1da-ce6a6afa828c,6549618.023195009,2026-08-02 07:37:08
ba098a27-4870-4a92-92f7-7d5dfec5ea47,f64e3dfc-bfbe-4c7a-afc5-97382fb21e66,610600.1260764131,2026-03-19 03:22:07
cadee3ec-6895-4908-ae2c-b8506b17bd75,1b780ede-9a4f-4c0c-9165-f2ed4c636e95,7424190.471145016,2026-08-07 01:57:47
43054a31-f9e3-4905-8a4a-15ea075dacd4,f0458043-e3a6-4a70-be71-0b558639bd41,4452577.138578588,2026-05-01 14:34:29
3f91c419-e846-49df-b373-35549e204ac7,2999394c-54a7-469b-9cd6-6b09cf0e6d2b,3042018.689619229,2026-05-30 00:32:51
754a3e48-a5b1-4afd-af2c-20ac953922c0,4b86b5a1-ca6f-4ff8-964c-fbd2bc92fd81,2899171.480245851,2026-08-27 07:28:54
df16eb70-2219-47f7-b808-a00402a458e1,67ce378f-e5a4-483b-a383-889adb2c6ac8,1417759.5313563962,2026-07-07 01:15:14
afd58fe7-65c6-4548-b169-fdedf9723977,fb4fb88a-2f4d-4219-986b-2880ab545a15,4110936.605080768,2026-03-27 01:40:23
6c5ccba7-b55d-4fc1-a22c-c212b69d2f48,725d4259-3c4b-4eec-a231-ee7342c2d2eb,4926797.001356374,2026-09-02 01:44:21
18643b6a-12b3-45eb-8198-002998e1d54c,42f525b9-02ed-43ce-92a8-1713b90ed44b,1013962.227004318,2026-03-10 17:32:47
9b3b5b4c-ff2a-40c0-9ab3-83c9e88188c3,4b87959f-f0cd-4f05-aa87-855ea38295d3,2181914.6422122503,2026-09-01 18:57:36
0ba6aa86-cf52-45f7-bf8c-c6f9b5a61d61,fd247c11-bf6b-4cdf-b479-7b6127372b52,9037658.124062285,2026-07-03 08:55:39
618521ab-9ea1-4617-8129-aa0c40efa857,aa0217d0-cd4f-4b2b-899a-c252c1e1b94a,9835141.357655037,2026-05-30 06:39:33
5ef361c2-abd7-43f1-a50a-d9aafa3f012e,b42a0456-8736-4a84-b25e-134d86879aa9,1833789.6616353858,2026-03-17 08:10:35
80f58b81-2b7c-4ee3-82a2-79502deb5687,1dc1e7eb-711c-4673-8535-1a69dabf984e,8115288.653281726,2026-08-15 17:14:15
77d468ea-e0bd-4765-96d4-4952ee29e80e,cf0671c7-720b-474b-82a7-f586e61d9cde,6873059.18512555,2026-07-10 05:03:54
87c9daac-b5d3-4f2f-913b-b65c16f32b93,765e6cb5-8f0d-4540-8ec7-d662905c7bdd,359206.4304898276,2026-07-15 19:18:31
50326fe6-1de9-4c72-82a9-f7e5244cb9a8,beed0af9-00c5-4f30-9103-142441241bb4,6914502.706269202,2026-05-23 09:03:08
df266424-7fcc-4456-a0bc-2fa0fa801062,fe7ee362-8a89-40f0-9052-91d3b34c6c73,7687693.299029635,2026-05-02 10:54:22
6e1a1e1b-ed1d-4efa-9c4f-c55ebf715a28,c4db5a62-2e13-418d-a8ab-80ea497ec6d1,6942617.217204082,2026-07-20 08:45:25
9ce91544-4362-462d-a07e-e721e71d6ba3,72d35458-61ea-4f30-a42e-707afe2bd987,6158416.884094002,2026-05-14 14:23:09
e48623dd-6f8e-4978-9021-71bd8458526b,dfe2c0a0-a96b-4c42-b6d2-2a7baec76a82,5729634.370100902,2026-04-21 03:30:06
7dc42f12-fe9b-40e1-bca3-765350c76baa,649f7d88-8989-45ab-be2b-34d82db0728d,3625455.6147603653,2026-03-02 02:15:46
a84ca488-ec40-44c6-9a60-69f38e40b294,4c61845e-fa7e-4d94-85d1-fb63c194f97f,6968229.056420967,2026-08-26 11:44:02
305d0ef7-0d9f-483d-b0a3-2883cc582872,3f5cf2f3-3acb-43a3-92c7-bffb6118433b,3071164.26049896,2026-04-12 13:02:03
092e44b7-2ee2-4989-bad8-24060df81d2b,6b535a19-a902-473f-8f39-f648083f64c3,259271.43118910992,2026-07-04 18:41:04
7796048f-b4b9-4b73-a9de-bccc429e09bd,980cb95c-19d4-4deb-9139-fa1234c1c3ea,792646.5645160151,2026-06-29 18:59:53
ed5d6510-e52a-43e6-bec5-8a891db3c075,705fddf5-66fa-4ca0-8b53-1932bd9419aa,934131.1562747511,2026-05-31 12:36:34
fd2336f4-5b44-46ed-b107-6f2e0a715350,3bf2025f-4a0d-4b73-be54-ee4b80ff5173,5193825.2924897745,2026-08-30 11:29:40
7e347f69-752f-4d7e-bc36-09088f942977,d18183d1-ac2b-4cfc-85c5-1060991121e7,2366724.7104576486,2026-07-27 21:28:23
25e6d919-ddeb-4d5c-b842-7379d888dcb6,46707cd6-4ced-4164-a9df-14e9389641dd,2902504.139136571,2026-09-01 07:10:51
de4097c3-3427-4466-97f4-b85d597faaf0,7ee1011a-8e4c-4ab5-ad5d-0477adc29178,6275197.4727628045,2026-08-06 11:22:10
bffbd93b-2b15-419e-95bf-85f32e3f674c,6883ac6e-6a94-4054-b241-4482519894d8,8803196.89423905,2026-08-22 06:57:36
e411a9d7-9030-4b0c-85d5-aacbd294100f,4cfd0fc1-39b0-4e2a-996e-684f3db0174e,7641865.487053067,2026-04-15 20:46:10
010e622b-f8bc-420c-bf7d-39f795635c97,6aa0426d-f7c0-45f7-a9a5-3b4f8ff8869d,3984354.0626682593,2026-07-21 04:08:28
6a9a6f4b-2e39-429a-921f-266fc4502052,143df5b3-a58e-43dd-948c-1d84340de049,1519917.6286076172,2026-07-31 18:00:17
ad49e072-7f84-4004-84ac-41b53f042c7b,0d31812e-30c3-4756-9453-f867b97e6224,651760.3326721548,2026-03-06 21:23:14
48c6a7ed-06a5-44ec-9422-ea97e32a8787,966be275-c2fe-4954-8dfd-9531302b7831,7869731.985181616,2026-08-02 10:07:58
64e84ffc-1f3a-4c68-ae3e-6268fb38bc6c,4d9dbaeb-553d-4625-a833-4da5de95d695,3139955.7156414944,2026-07-10 15:16:54
14c08f6d-0764-41d3-a75d-d45952d36897,52555c75-8d55-419e-bd44-cb2cea45ba41,8863338.42387035,2026-08-17 21:23:01
7ad7c891-a8d7-41b6-b52c-4358d4a8b45a,8347f1da-5c11-4b6d-82f5-b3f54ef4c34d,7652173.959280095,2026-08-01 12:50:32
981dc530-44f2-4d97-b488-1671a0dbfca2,501ba851-5ee6-4495-b400-29c3ea11905b,3635270.576883933,2026-07-04 10:37:46
0b398e89-f842-4163-9455-5290017c75c5,ef4c5119-8da5-439b-82c2-17970426fcc9,4831729.117144303,2026-07-06 14:33:50
532da8fe-73fe-4e1d-b36d-eb139f534d9a,613d2de9-3ae2-4023-9472-0d2d32399ffb,9008788.895155977,2026-08-30 14:47:51
0c767092-dcff-47b6-b61c-2373211b20eb,7d1645a0-d253-4966-836b-9a0a41e02a89,8038132.928436594,2026-08-30 11:02:12
0e378b07-cc53-4c3e-92bb-530d486fac8f,5a2837b2-cb83-43f2-bb96-f6022b115c36,8050993.617974555,2026-08-04 21:48:31
9a2fc701-f3af-4b09-8c12-6e0e121af952,fd85d7fa-8ac9-4b01-a3ad-64d4eab9eb02,561009.0480321933,2026-06-26 23:37:50
661f7117-dd92-4cbf-8558-3a17f70d78a0,37fe032c-0257-4851-a6a9-e100b509109b,7972224.188836176,2026-07-18 02:57:21
29b67b14-354e-45ec-9a33-562c054046cc,8d388327-883f-43c6-81b1-58e90406ff44,4534360.842183237,2026-08-15 22:04:46
a5accd5a-48f1-4eed-a703-7089c78cd2c3,80913ac1-0463-450e-8964-6b96fa3c1628,2926521.96922469,2026-04-12 10:06:16
cd14eacb-7da8-4631-8c6d-8ddd1edfc59e,261e2555-863e-4f2a-98a8-06efeb053fc4,4131573.6437526084,2026-08-10 14:33:59
4f62cc9d-ebf4-44d0-8e6d-29bfbc633d6c,143a9aff-659b-4105-8b80-f288446f64dd,9327445.135277461,2026-08-16 11:00:56
aa5f89ca-5bea-430d-a19c-00cb9a7fde23,4ccb2355-39d1-47ff-b27e-1442fd7fe973,522982.8958854098,2026-03-15 15:18:42
332ac35a-833d-4df1-9e11-a680d5016ada,8d7dd772-608e-4f5c-a117-727067c0518b,2823110.067171893,2026-08-11 06:18:27
79f7f38c-6359-45ce-a2aa-6dc77208838e,a518a418-6f14-43f6-9867-888b7ff6b824,1571040.703646803,2026-08-07 03:36:05
1718cfde-6c4e-4a8c-99af-ee6490248225,361f6d90-3ad1-4a33-8ae4-ac11eb4d8f42,9357751.179666331,2026-08-14 16:33:53
2fb50401-9d26-4076-9e44-b774cf9d539c,13087974-ec95-43ac-8beb-7c3445667c48,8996254.225208364,2026-08-28 22:03:45
0a5a2698-17cb-47b8-ad0f-74e6a174a785,edc3a1c3-2dea-4d2d-886c-405fa879d8f8,3411564.9285288183,2026-08-29 10:36:58
ad2b2c82-76a9-40f1-b928-5706577c9717,b674410d-d218-49d6-8093-bfb024e9bcfd,4876400.441472518,2026-04-17 15:08:03
27b2a5c1-b6b0-40b9-afad-328ea5c9cf20,d5aba8ae-9112-4bc0-bd8f-95f4905f9096,8855596.727503467,2026-08-14 00:18:54
86514886-a5b0-4024-a12a-d11986fbbcdb,23d3cd4c-bd5f-4093-816f-9bcc6243bed7,1278891.544809614,2026-07-22 15:23:31
1445587e-6ff6-481f-b7dd-362b4a6b836b,0dbf0caf-588a-4f87-b96d-40f8bed63da0,1246929.8024886854,2026-08-14 00:23:05
20b6d43c-fbf3-4106-a60b-13e04ce6929f,f4719986-9d26-4599-84dd-8df59aec56a8,5387985.759417829,2026-05-09 04:08:33
6d7fd4e2-85e9-4c6c-bfa7-c199d76f0813,fe1a1ba9-c896-4c5b-85f8-c28da255e1bb,9083978.486006832,2026-07-23 04:16:38
1397a29f-8d0d-46f6-8c37-eb80918b8e18,95fbe976-ae00-4b7e-af8c-83e56e8d9644,4906058.216058189,2026-04-15 11:14:08
6cc721f0-82ba-4fed-9b8d-c821836f224b,4499d0a6-1500-4170-92d1-5585b68e47fa,2547609.9005719437,2026-07-11 09:56:41
b8663c7c-a92d-4f4f-b6f3-ba5018302082,176de21f-1b46-4bdc-9c56-d9bc5111d31d,5926121.840153479,2026-08-04 03:42:20
413e84bd-5aff-4594-80dd-8895d0154898,2ff8e87e-1659-4c89-a1eb-faa91a2bd69c,8411640.072824702,2026-08-04 07:43:09
042a2f64-80e1-4e4d-84c6-08eb14eed987,5a9a206a-16f1-42a2-86b9-19aa1a7167c7,5317344.660380397,2026-06-10 16:09:59
2df721e0-767f-4c15-a95d-3271bd9277a4,6346d4ef-69ef-44e3-8ab6-821c0328c136,9206298.949775219,2026-05-10 15:40:32
155287c7-0b96-4346-a498-da39d7c8f02c,af70de70-2b69-495e-8567-1b58926bffa5,4956955.27202606,2026-07-05 01:36:19
505ec9d6-4c32-40a2-b452-2738e07309de,2ace1aa9-1032-46b3-a55b-fc1c7e3d5ee4,8008099.897103526,2026-07-26 13:50:56
9fb209b1-732f-4932-ab96-2697c1e1f813,3f2086c2-f1b8-4d65-806f-64d65c72aebd,3216908.1159194275,2026-07-23 13:14:52
df107434-eb09-4202-b77a-efe15761b099,01bb819c-4dfe-4117-a2af-711f1b628a9d,6194896.34001359,2026-06-14 07:55:41
bf3d5023-1406-42a8-af61-e334360893b2,d0c30018-6e3c-4d4f-95b1-45e470b27304,9713781.875147602,2026-09-01 14:05:28
ac648459-df22-467d-8262-a48c9aa33580,f280df1d-9a6c-4db9-9217-1c884ce953a7,2940350.8032407123,2026-06-14 23:37:48
017f319f-0496-4795-88cc-ddbc6f0d7229,bc20b9f2-4a9c-489e-91b3-0182f7fe604f,9548659.075396977,2026-06-20 20:04:59
de68666d-67b4-4520-b11a-369675cd3e5c,2e0fb5b3-8bae-491e-bf4c-c10f979c30cf,7569258.239440243,2026-07-29 03:14:53
b9d5546c-9a15-4b85-be86-f5d0f73eeb07,d4cee27c-4a94-4e9f-8c35-1e4f703e957f,6749606.9130958235,2026-08-30 03:59:19
f952f1e8-d029-433c-9e55-f98d4d844cb6,3df51967-4d86-40bd-a222-4f9623a13e20,6911731.372351097,2026-08-05 10:55:36
b0b710ab-f690-42cf-ac7e-5cc6b0cf3e7f,9912316a-fd9e-4e20-b2f6-095812ef6101,8286876.551656448,2026-08-16 23:56:50
166f419a-4d7a-4829-8dfc-ef75651e89f1,f7eae66e-ca6c-4f9b-8969-71018b2c550a,8796510.893542843,2026-08-22 15:40:21
1ca64c33-30d8-47cd-838d-5f5a2296d3f6,1bffa279-15c1-404f-aa16-3354a35fc9c1,5869748.803862284,2026-08-12 01:04:28
302f420e-f874-45ca-b22f-2e9104110e35,902f3465-0b57-4720-9cd8-758ba5a1c825,6610736.90502487,2026-05-14 23:40:24
2528d32d-a60c-4bed-bb2a-7f1035901039,1b1f2eb1-6e32-45a8-8bd5-cc86f73936e9,8477872.245013686,2026-08-22 00:32:50
a0456992-d793-40f1-af8f-d55c3de54ee2,9342a09f-b00a-464c-949c-d8d48ed8a80d,7653188.542352325,2026-08-30 15:48:10
c50c71f4-4d08-4416-960a-3a1330dfc50c,584fc85b-2697-484d-801e-8690b0c07fcc,8580548.93607442,2026-08-15 21:57:54
0595c9a3-6c00-46f0-b957-595f25ee2f0f,1db6b844-15fa-4483-b633-cc2deba900e1,5686237.793226031,2026-05-24 17:45:57
bd20c36a-2705-44cb-a704-b1152a85e3b1,34f541c0-c8c5-4b2a-b490-adeb57d337d3,1619087.8427834718,2026-08-27 09:10:29
78b3842a-7c2c-4791-b6bf-faa971fcf2e6,51a40d2a-73d3-4457-b25f-13dfb8d49848,1895507.5801429076,2026-01-17 09:27:08
3e1cfa14-95d1-4384-b313-7fa5dc1b9eb1,1bff3142-a5e1-4b55-97d3-f4ddd963dc72,3999725.7081319788,2026-07-30 03:59:16
d5767137-d456-429d-91c6-31cf4b7a123e,54bbbcf8-28fe-4761-8d49-fe3f2ca8f783,3835874.327452124,2026-07-15 08:07:13
1a482803-0204-4c81-9577-32970d093c73,a3f66c61-2fb7-4dab-af38-3b43a137f8e4,3231351.853741583,2026-08-24 19:18:15
fabfa7ef-6e89-47a8-b68d-4037d8fe3fb8,0123a348-638a-4df6-adf7-2cd3979aa051,1028779.940653247,2026-08-23 07:25:37
9423251e-bcb1-4a00-bee6-67ded93eea4d,89718eea-df3a-498a-8cac-2fb51a0c6c04,7562209.08081036,2026-06-07 04:21:08
7c711cc8-6651-43fa-bccc-92580979f5d3,7d4ed26e-dcd5-4fae-abb3-16a743299780,6369537.237729918,2026-09-01 15:19:58
ef6e9295-9c8a-4485-b980-50a6974e598d,591196dc-1d3e-403a-9645-f0e4647dc392,2865274.5959312385,2026-07-30 06:10:20
873f3f03-0f8a-479c-b6db-bb2c3b5e2d65,15b24e1d-9715-4633-9d4e-db71eb2ec80e,3902453.891794896,2026-05-03 06:59:08
8da22a39-50db-4e34-938f-2b906c087d6c,b1850eb8-5f90-4c87-aedc-017e1df05d18,2254285.6726805386,2026-08-13 18:34:41
6ac98528-a5f7-41fe-a493-998a4491be40,7c966b55-2f8d-4ded-ac4c-450b623ad0fc,2871147.2087031333,2026-08-27 11:38:19
f05ff9c3-9f69-4cde-beaa-7a911defd401,23ea7956-49f1-437d-bd59-2e192ab7b2ef,882814.415596697,2026-07-26 18:31:31
05539a50-6fac-450d-b290-4e7372c573e9,22f3f068-7c0f-449d-8274-0f73f3abea0d,9294431.711870084,2026-07-24 02:59:26
78202426-3134-4ab8-b9e8-d78149bb1313,af4847f0-68bd-475b-beb6-581ea72f947d,7229468.026435299,2026-08-12 04:13:54
383e69a4-81f4-4dfd-bb6b-1c0d702805af,07e67cb0-90bd-4900-9529-e6f52ad11fe8,537374.1483931218,2026-08-09 20:30:10
ebf6dd32-56d2-4b12-af5a-7636e8b8d252,2b0fbe44-49e6-4c22-89a0-b7eb398f569b,8218541.8364420375,2026-08-31 17:18:59
a82e6889-b717-4acf-97ab-ed02da7bf28b,1d3ca5a4-929d-4377-9cfb-655f82c42e48,6062703.755635414,2026-08-22 06:00:51
b9163357-4b1b-4f3b-a217-a6df21939b93,c28fa16b-0aa6-4cb9-81bc-be59d296a12d,6940570.440091514,2026-07-11 09:06:49
f0f24933-d544-479b-aab7-6840f5b5ac71,c0582da5-a757-475b-947f-83b1bc69c155,530401.9418744862,2026-08-29 00:15:46
cbc4dd42-5c39-457d-bc0d-bd13a70a409d,d1151fff-dcb9-4d5f-993c-572b4347dbca,1918159.2823247227,2026-07-03 17:41:25
297a8503-d833-43c3-b88f-a199ccbcbf4b,96822e22-bcd4-444f-8f8a-368e35ba9357,7015716.01786995,2026-07-05 05:03:21
bfcf214e-b0d1-4df1-884f-1db9350b9f51,34e50699-c8eb-427a-a3a4-e70e9dbc15c0,9279657.896958204,2026-06-02 23:31:14
2c5cce54-210c-48d9-bb9e-a9ebaac4363f,89ecbc51-98cb-4a52-87f5-301988438de2,4802040.236399619,2026-06-01 02:26:41
19d4d39a-7dff-427d-9b12-5dfb2804335a,dba6fdf8-f3d0-4ffb-8470-9848929ecc92,1551290.6674128044,2026-07-26 17:40:34
7e64c44f-fe67-4797-b16c-084e6a7df379,695e5ea9-c923-4c64-8006-2b5bf67839b2,2069597.5366419542,2026-04-21 11:53:19
0c0b6cd1-8e8c-41d8-b59d-65ae3c1689c2,5274ee11-b61d-4906-a570-35db3fead90a,6441822.249877702,2026-07-11 20:19:59
5b673a25-42c4-4041-a183-10035bd972c7,44caa5a2-a1e5-48a2-93d2-28d424655c39,1236066.5244694776,2026-04-08 18:00:58
e4fb2a3b-dc05-4e03-93f4-71e72cba1bc6,4739cc7b-bff3-4c8d-83ff-3e9667213a70,7475237.251856899,2026-08-27 10:05:42
5675c8f3-104c-4350-8e8b-76a2082f2fb9,de70bd30-00a2-4367-94fb-09f053c93ae7,7486830.225285154,2026-08-11 17:42:52
1ee56930-3a08-4f6a-9e18-9a981d2d1771,88d00abd-cbb1-4c79-9036-708dd9a09007,3479798.2469655857,2026-08-02 21:15:29
571f7cdb-fe60-4fde-8200-a1aa7c826fbe,48998e5f-d40e-43ce-92a7-4a4144bed486,9232876.021349514,2026-08-11 23:26:54
e0b1d762-c524-4047-8bf2-fb51c4f5b03e,aebbb90e-e4e7-41de-97ff-51d9c9ce44bd,7518727.595787264,2026-08-11 15:34:39
da78f4c5-26b3-403a-a575-13a5447a4e2c,28719b9b-db8f-4e32-adef-50031fce01e3,7037380.558733197,2026-08-01 14:00:25
ab636d66-9ab2-4735-83f0-6e7ddfaa8505,21c50e41-e8ce-4951-b047-8ea4fee5ce69,4527488.4801716525,2026-03-18 16:39:56
f23e9a06-ed37-42ce-8ce8-7570b4d6f3e6,1519830c-4019-4303-9c45-7e4da79313b8,2735557.4082910283,2026-07-10 03:31:58
d772e63e-f670-4a62-b506-d74ccc8a6796,b9da5f8c-4e35-4a80-a027-9a186576a410,1495263.7852828084,2026-03-22 01:07:35
9c4e7b65-c81a-4f0f-9b1b-ba94f9834d4b,13f3cade-7a10-413f-b6a2-c52b00473139,7277956.561600978,2026-08-29 08:57:53
1a140609-f287-4989-9bbf-46edc83b6467,d12e0eb5-57f4-49b5-b212-a6ee02106371,2172245.5158352326,2026-08-29 03:08:44
2ac38bd3-1afc-488c-81de-c9db0abe8257,16de66c9-6210-4ef6-ba9c-43081221cddf,5138704.725716206,2026-06-15 16:07:10
5c94563a-e936-4d1b-b494-3114def14d58,61fa01ba-231a-47c7-8c9b-ff5ce1887eaf,2199226.573227197,2026-03-27 23:18:41
7107514f-b54a-41ba-8ac8-927eba751921,022b6683-9033-4a65-87cf-63fd11836c4f,5823911.800467929,2026-08-19 16:50:00
ded89c47-bb88-454e-bf96-8d71818270d2,eb7e2e64-26c0-447e-bf8e-8bfaa0c9da72,3587494.03215157,2026-03-14 05:28:48
55a8d6a1-5d1d-4cb7-a5a7-e280277fecc6,c0a0473a-23d7-46a1-99b8-14fce5871d89,5806770.588263316,2026-06-30 03:13:34
70696977-33af-45be-993d-87221f7bd82f,3f6eed9d-23cb-4943-8a84-000350834fef,9132252.720431209,2026-08-27 10:48:47
3ecd0888-01af-4939-84df-5b8dc4eb8e5d,48f091f0-9b8b-48ae-b89f-3a92999a1d86,4955564.995705527,2026-08-30 21:24:18
5f57fd27-4419-49b6-95d1-e2f82bd7d038,3db788a6-1cdc-44c2-a2c9-65b27eb0f62a,8733559.869810676,2026-06-15 20:37:59
3ed5e52e-aa3d-4111-a123-01935c532042,51045a16-ef15-4b72-9c70-ee97fca45567,9308143.473647762,2026-06-28 04:00:43
6bf5fc98-8797-4916-80e5-d883c0d2201b,2c3aacdc-aed5-4a46-8bde-005b5d8babd7,1195061.1652261715,2026-04-06 02:22:00
69d53317-6dc7-4587-8d40-b648235398a6,431e930f-0387-474d-9149-d096965d744f,6601575.759472676,2026-08-30 07:31:26
f3abd246-7570-4730-a5e7-9add68c87ed8,8044beb2-b66e-4bf4-a0ea-0251495743a2,6626595.331123728,2026-08-21 11:11:55
f198f62e-5c9d-4ead-aea4-91fccb6b6306,9db54283-89a3-4811-895c-4fdea3fa4069,1298125.7277128596,2026-07-20 00:22:52
028bffb6-c528-4c36-a545-034c714cd65e,cedd069d-f96c-4a0a-b404-c02aebc1bb52,9658589.755833995,2026-08-15 14:16:35
569b111f-15b4-466e-91d0-12a7f19293c9,bade8d5d-6fff-45cc-b2dc-6c344f67448e,4043714.561827263,2026-06-05 17:45:09
2a112eab-c5ba-46af-bb60-be1c66d29752,74102d5d-1db1-4bfc-af3a-5115ecb4678c,2892628.3358671544,2026-08-03 23:08:10
097ef98d-c25a-4eb3-a4ad-19050fbc6377,b3957a98-2320-4ff5-b538-f96c033e02f7,5653323.947041678,2026-08-24 03:55:26
e70af828-26a4-4bef-a437-199cec2a322b,b88416d2-d28f-4f68-8871-d7b38468b74d,4411363.921502175,2026-03-10 07:11:41
b69f627c-fae4-4d7c-a1b1-087efa4cb559,55c34853-0783-443c-a65f-ad87c57c7498,1045981.4557115366,2026-08-19 08:22:35
4bb49889-f900-4224-8510-31c0e0354d75,a0a5fde6-939f-41a2-b99c-ea5cb65ad0f1,5877941.594565426,2026-07-04 08:56:18
b366ffd1-ae4d-4a19-a2c2-aa2466e9a80e,2ab8bd33-911f-430b-9bff-00b07fe670f3,1682766.8545790634,2026-08-25 07:45:06
be216c79-b8b7-41b0-8de8-1d1edfa0bc17,3a78b64a-1d86-40cb-b908-00f3ac93281a,202538.85447294006,2026-06-05 21:18:37
d3b68150-0205-416a-981a-b26ce8c35a79,620af158-5d2d-404f-b8c5-90730bc57207,587308.9156571323,2026-08-17 07:02:28
eba2a67c-9c43-4e67-871d-5bfce67410de,bd9c4693-b6ca-4127-a9f8-7970cd98f9e2,4094220.5105816275,2026-06-25 22:00:19
a4d546e1-7239-4201-a768-7c42b3468999,45712959-51e7-44e4-b864-ca08ea75752d,1953005.1458520582,2026-08-03 21:21:23
c9d0c0fc-9fd6-4922-8b5f-74aae3386d52,2de982f8-0d7b-4c04-a6e5-9b32ac5f12ef,749704.6617373123,2026-08-04 17:22:17
58625813-b28d-4506-b130-5648a6ebe702,ddb449dc-7710-4966-a082-7f7611a529b4,5331586.233959005,2026-07-10 15:26:16
4d3129b3-e187-4e93-b281-f976c680a2e5,5e717fca-020a-4497-b4ed-51458d9765c7,5005044.584138716,2026-08-31 02:17:05
63d69dd8-55a1-4414-8995-3dd10976e09f,97790e84-5e47-4e22-b6c3-e6423e19fc1d,3196850.555236849,2026-08-07 09:06:29
48af7f10-8a71-4a73-bdee-baa1853d8090,268b84b6-3ec0-4285-8bc4-ec0ec2aef674,3827275.0578982984,2026-08-09 16:35:08
4fefc63f-8d41-4660-82fc-e90817c305fc,b186a5a8-d6ee-426b-a2cd-159058af393c,23996.567759451198,2026-08-01 06:57:14
05fef7bc-28f7-4d49-a2bc-491ec1cdc9a4,4eb9047d-ba2a-43d9-bcf2-fc3bd95874c2,3938216.4441151917,2026-06-15 17:57:30
97ae50f0-8a39-468b-8bed-e473e3ebf7c1,f8f9a45d-0f55-4896-b610-396b7df59abf,1538281.4263364843,2026-04-28 12:20:50
4dcf2615-c62f-4461-950c-f57e3dc8719c,d872f72e-e5b4-41ae-bb41-c943ebd8a3b1,6132419.957626517,2026-08-08 02:12:27
bb63721d-1c45-4ba3-8159-ace5fca91028,94ad6252-15bc-4a3e-bf76-55d7f97c6c3c,6546124.102682104,2026-02-22 08:12:19
a08262df-427f-4635-9f7b-8b00d7720330,6f5b09a6-0ff1-451f-915c-b31b97867b12,4811688.650383831,2026-07-19 21:43:48
c1ade98a-0c38-48a5-9fb2-35c45abec3fa,cd0254db-ed11-45d7-90a4-6c85d9d57b02,5344519.908813664,2026-05-28 17:53:20
bca2c581-928b-4e4b-8c47-2ded72e06bb4,131eb723-3bcd-4203-859e-e67473e7f042,9632359.99424954,2026-02-14 08:17:33
3c70dfca-fba2-45f1-96c7-6990740173c1,7316ce64-2a14-4a96-9b0c-62eb27c8fc6c,8871738.253838865,2026-08-31 16:47:09
59afb1d1-3bdc-4ce0-9875-e4dad830dffe,73b0d676-3527-45c8-8534-ca08f6f24d1c,1972900.6062604142,2026-06-01 07:32:41
d0a90840-c8e7-42f6-aabb-6cac48d75165,4de1087b-afa1-4a55-8ebe-abaa28597b34,668137.551517957,2026-08-11 07:36:07
b6dfb4a6-23d5-4be0-ac24-9f3092a0c677,25f88c74-53ea-4919-9b48-62c2d5ff2a1f,5834421.812649814,2026-07-10 13:17:26
1af026df-3f64-45ee-bccd-9b8c8508df91,4c80d33a-ad5b-43c8-8c88-0714837217e0,515983.9506932102,2026-07-08 21:08:50
d2a5d216-314b-4d36-9516-235984362fc7,bf8211bc-8e52-4c42-b3c3-74a6dac726b6,1679160.3170621612,2026-07-25 11:16:09
25848385-1915-4b1c-b44d-a2365c7c0778,d49347fc-0fc9-4d2e-830f-9be91f178f93,3253366.453549357,2026-08-13 15:56:07
14fa7d50-697c-4d7d-9414-7d036cfa28cf,f004e897-a15b-4e18-afb0-64065f4b1a97,4296522.30622557,2026-03-06 22:45:01
214bd473-e375-4867-acc5-60710febecad,329fc417-1081-4d45-bf45-f8a20594b24f,660198.8049499705,2026-01-23 04:32:24
5e8a10da-13fc-427f-b237-cf5b36fc1c46,cf133b65-d450-4fa2-98e7-0aebe7b33085,7635888.193523442,2026-08-13 01:02:06
84d99451-8f18-4e72-9696-dc6c671adde5,6ee35607-92ea-4324-ac93-e5962b015723,485126.1096326872,2026-08-13 06:05:23
9594eea8-4381-4e47-9f3c-5c8a651076d6,5a9c0679-2c3d-47e2-ad39-da75aee70ab2,4643516.18183381,2026-08-10 15:28:46
70a91477-ff1b-454d-ac65-659da2ef1e21,9d3616a1-08de-4921-a60c-b547e2280fe3,4864003.203517994,2026-08-30 06:43:12
d2e55512-6abb-4c41-b928-62a9bb51cd74,7aa1c567-8cf9-4ea9-a1fd-c6d169785221,2269676.784038757,2026-06-28 15:00:10
7c198515-208b-426a-817b-2f2124f3df14,cc152a1b-e278-4642-a484-e035330faaa3,8970220.878743166,2026-07-05 08:13:30
83601fb5-b45b-4ad3-b7d0-eea0211f632b,b69f75c5-c82b-41be-a1eb-64e6fd498e20,7926466.144188473,2026-08-25 08:36:23
7497375c-366f-4ddd-b1c8-d50a1e390f21,5254aad3-809c-4839-90ce-82e8e9a53368,5255822.481759884,2026-09-01 09:16:38
f1ae8af9-2826-4561-bf1a-61d70858f527,cf89569d-e550-4736-8780-6e713811b519,7715402.902814196,2026-08-21 17:58:46
1e6773d7-f3aa-472b-abf4-5b9d5e8c8bbf,ffe62994-9580-4c2a-844f-c4b85b80b8d1,4047588.5599531485,2026-07-30 11:22:01
1ef11a27-1c3e-4da4-a89b-4fb2da317fd7,ca8e858c-d0f8-4063-889f-e107443b1d0f,3625740.8891513515,2026-08-21 13:08:18
85d4bf0f-0a4f-4e3b-8a22-9ba5925f2cc6,636fa890-cc21-4bdb-bb8f-e8c4d8b48ead,2880495.6865710444,2026-04-09 03:49:29
fdb37e45-4e0f-49b9-9f18-7c021e245a97,ce63cb1a-5168-4bf2-97af-5bde3c8e9d78,9821685.69241937,2026-06-06 09:07:19
07298d47-7c65-4dc9-8b42-5bba4da273ed,f2933585-5a07-4758-b357-f3f9b4157cea,3092395.3366676886,2026-07-25 00:47:43
6bf843df-96f1-4d54-88a6-a0052463463c,7d8d3ddd-2cf1-49cb-8f1e-1a378ac8ad93,3560890.347256662,2026-01-27 15:12:10
e39940dd-4e1f-49be-a4ed-c295efd37a6d,54ec84ce-002c-4b25-ba5d-7c8286c5547c,2152045.299358936,2026-07-07 09:13:39
bd5a6112-d1b2-4e3c-aede-2487373058be,cd6bb03b-eb35-47a0-ad6e-0291b7893986,359190.05949097924,2026-06-02 06:43:08
59410ea3-8c2b-478e-9f50-e1aa0088b13a,24435958-eacf-43a9-b466-fab6962c04dd,5964974.797228096,2026-02-24 09:47:25
7b2e60e1-6ae6-4480-8b70-4f97ded44617,a981fa54-f121-4129-b45c-9a545fa3a531,4946167.184014649,2026-08-25 13:31:43
e6793a4b-73ce-4f7c-90d5-e87e4f489f45,bb7b6c05-2852-4ca2-b9d2-014a22ee7f07,7968830.241891343,2026-07-08 19:39:57
d59f2b69-79a8-432f-a097-1a15c80682d3,8fddbebc-f7ff-48d4-b509-f08a2c988bca,5812985.5666224165,2026-08-15 12:19:14
c30f3c69-21ff-4f72-9b0f-caa7d56c478f,2ce3d822-d080-42b8-96c5-6fe7aa604892,4872075.5337855555,2026-04-14 06:05:38
c2fd6177-75ff-499a-a2ef-0f5381383447,f2e3c6f0-0075-43d5-ba94-aa662d7e4a45,5996470.044765465,2026-08-22 23:33:27
ddc8d27b-2623-491a-b2f6-8fe1aacefa98,ebc92914-5176-49d1-9a36-24d62e9ce8ff,9364567.124529812,2026-06-16 17:36:46
aa1cd2d8-9ff0-4466-8cc0-744616dd58af,54c7743b-2401-442a-bf05-fbf5efcac577,5293504.058291748,2026-07-06 06:57:41
e6766b0a-3b9a-4daf-a321-d75368dd66fd,16b6bf61-f68c-42e6-a2a4-5909a2dd22d5,5501200.912634789,2026-07-31 20:14:04
f544b28c-0bba-472a-8a7e-9cce56c890a5,3fe1e8f3-35ad-4e88-83e4-f66802ead2df,1773959.4855526793,2026-06-22 13:53:49
16a9e518-a55a-492f-8702-0de0bc64c7e9,bb8aa843-702f-41e5-a2cc-c6040c53644b,6846356.958766769,2026-07-27 13:46:03
a14ed649-926e-402e-8659-8f83b50b9ff8,8bc83a02-59ea-4936-a0f3-4ebce1bbb8cd,9465518.672006896,2026-08-31 04:57:07
8fa09a4c-4f10-4ae3-b518-174fc5874243,cc9803de-12de-4e5a-b387-928a29a3db6d,5211705.052473086,2026-08-15 16:32:54
15cc861a-8f31-4f2e-a4d7-8f641fb026cc,5780be17-12fe-4c2b-9acf-42c5f3a02120,1241534.8708309084,2026-08-10 19:02:02
93acceb8-8ab5-4799-9e63-638cf485e944,17d5b563-fa60-4de1-a5eb-772df11c0ac5,7919637.294533996,2026-02-02 13:42:08
307c3f63-8591-4818-91fb-8925f5112438,2a3d418d-a754-429f-b143-e5456e6b34b9,876100.1271130245,2026-08-13 02:54:04
1ecae0c0-04c7-4b2a-a598-e5c280acefb5,30a2cee8-f972-4cc1-b49e-f4a954c29d5c,8950435.385325542,2026-08-19 20:08:04
f65e52fd-2e03-49cc-8827-f0b5efa99c7e,3ccff6eb-4c22-42f3-8811-e562a91cf192,8978490.893666338,2026-07-12 12:10:51
3ecb1bd6-34af-42e1-8968-e8ee4663f1a1,00fa0eb4-5c5f-48d4-8df4-07b82751ab86,7822511.5215736125,2026-08-27 15:44:31
945d91a5-e33d-4982-96c3-4b19b4a35c95,2bbba89d-34fa-4ee1-8696-9d4818d42238,7848577.591150583,2026-08-06 09:08:23
9b5ad674-8896-44b2-8e92-605915ab7cd2,788fd0cd-65c0-4b93-88ed-abdd4ef03f80,1512957.4068005267,2026-08-15 20:57:04
7dd12d57-0b84-4c50-96c1-b18366dc3989,e2afa629-5efb-436e-af54-60336334fa2a,736401.0744201528,2026-04-17 18:30:38
6a394607-2e35-45c8-afe0-5fa257076494,39eb038a-436e-4c49-b70e-09db7092d401,2475856.2827201257,2026-02-16 21:33:37
61cb78c3-513f-49a9-8724-91cadc11eb13,cee4e512-5802-4640-ab0b-4cc515f0ea19,9605434.429535324,2026-05-19 07:06:28
196dedc0-fad3-4352-9d59-598c174d6b87,6319629b-d73e-4bb9-8f9c-a17b8db8dadf,8823331.060058318,2026-08-26 00:07:15
2ec36411-24df-4dcc-890c-cf972b0c456b,79ec533c-3c53-490e-a1b4-1171929d674d,568498.2635399998,2026-08-08 19:24:35
4e8a10cb-277b-41ea-96f1-e5cbc4af9dc9,ccea5031-844e-450b-a684-390c923b7820,2445273.332340194,2026-07-24 21:11:58
9d4e42f2-0f14-486c-ab50-1ad7adb94a81,2c41cbd3-72f4-44ab-81d7-1f4af3025d16,3470284.8390136175,2026-05-19 00:18:06
0ef9f903-b69a-4eac-86f4-b0ee2e740569,140ff589-6c62-4c2c-8aec-cec7204db9da,2425061.3450545156,2026-08-27 07:51:28
24784b7d-51ee-4cc8-9947-4d1a63d316c1,ba236c22-e92a-4b97-91db-1a374204d733,6432850.607144741,2026-08-25 02:39:48
6021a15b-4207-4b51-92ff-eff5e49c5edd,db4bb8eb-537d-4bd1-8d53-6c7565b90e94,202160.73130451437,2026-08-31 08:07:44
c08bd631-3d57-4e27-b3da-efc10d47e26d,6b6a8061-c81c-4d31-85c6-9fbf966b62ea,9249163.544099942,2026-08-31 19:43:24
823500f9-7e33-468f-bc8a-ae879606006a,f08ce6c2-f6ff-4521-8225-0530952a5345,1657058.3956251661,2026-07-29 01:21:07
44f00717-1d75-4901-b309-106e62928cdc,5807cf74-e150-4425-891f-4683de12dbf1,8045578.144551231,2026-08-12 14:57:48
a22fc331-6851-4341-8766-699f7bf2aa06,54dccba5-e103-4e1c-a3bb-22ae6552ac53,7768322.866880725,2026-05-30 16:41:49
44e7a702-04c4-4757-a2db-1ce3e9ea8b10,567e642e-052d-4b9a-9f58-4603e5a3d8e9,4623750.456777501,2026-07-20 18:45:25
a6cc0a57-8e01-4eb3-8352-8ba43f0e924b,1924c644-af52-4666-b239-09f4dbb54645,4947631.565329011,2026-07-04 06:41:32
722be4aa-6820-4025-9178-8bdd4dfb1b6e,44f8b53c-5224-4d05-9369-2867c626e38f,1471911.8010170122,2026-03-31 06:43:43
3415c076-801c-4617-a2c3-b917d8a5aa52,d2efa93b-e9d6-4b7e-b61d-b014711456de,8491122.639713619,2026-06-22 20:34:26
2b0e63fd-fc3d-4138-8a5a-42725f90ee57,ca9f1d59-83e8-4700-8e63-813ed22e3226,8359569.569286149,2026-08-21 14:04:08
6c7b0a77-f3de-4bc2-899b-ef4b3ec2e72a,86379f04-d9ee-4dc9-87cf-eca822b9f24c,3146751.2878106283,2026-07-05 18:06:21
d0096b2a-0041-4afc-8ab2-e2ca73a55d2e,08775804-3fde-4814-8ec0-ad4bd6441a9d,3252171.621769891,2026-07-16 15:05:26
4a0c408d-9ee8-47fa-9451-b59ff60b9881,814ff657-76d7-4561-92d1-4ef55e4c4fd1,506564.89611211047,2026-08-09 18:30:04
d6e8aad3-403a-423a-990d-dc7345f72e6c,d6707a21-29dc-473e-9820-b3f25989dd6c,1482090.931534071,2026-08-31 18:03:30
d7aa0f83-59f6-464d-bfce-50b36151bd93,29b44cb1-0cb5-4e5c-a2f5-f7c20706fec2,3500126.90049364,2026-07-28 17:26:21
82a4e22e-d737-4450-95cc-fda236770e04,34ec5264-ad7d-4f81-b9a0-f145a5bab050,328308.45476761356,2026-04-23 16:56:46
88ba135e-bd3b-47eb-a952-94200ba4e32b,a5ba2472-21df-4609-a959-137f795e6f2b,3684006.9851365844,2026-07-27 08:35:58
6532b3ae-16f7-41ac-8cf6-a29711e74656,4e329b4b-f168-4605-8e1a-16699bbc6cbc,4506089.9696980845,2026-08-21 09:37:25
b99e6f7b-23c0-4eb1-949b-862d1f7b6b19,59450186-da01-4d29-a060-b1ebe53e5f4c,4920588.49568272,2026-08-18 05:02:30
6e951719-e0d6-4969-878a-943affb2bfe1,95a0f356-65ab-49ff-9fa4-a627d30608be,6181843.091214773,2026-08-17 06:49:03
cd539417-f519-4ab9-813b-e64b9c4624d3,485d831c-9bea-4529-9801-7a2fa5b83693,1042995.9017814405,2026-07-12 09:47:39
57b6f1aa-f206-4a1c-ae9e-2bbfe2495790,533c2ed5-a3fe-4479-86c7-9b36fd053963,4908808.006089518,2026-07-16 11:44:57
b52f5f46-c0b0-4dd0-bac9-b5b642e88605,3d846fc9-c3f6-4136-846d-5a3b2661c426,6646300.504936266,2026-08-01 00:34:26
f5808b59-75b5-48d7-b5eb-728f57750d0f,090aaa93-bc9a-4998-a365-fc2a6793cb09,3107809.682149736,2026-07-17 01:16:13
223bd9be-b11c-420e-a9fd-197204105bd1,afb28b3d-38ec-4b4d-b69f-5eabb9ff2c29,5922161.2715123575,2026-08-17 09:40:40
79fdcd33-9bd9-42ca-8086-2f9eec191606,d73418fe-2b84-4ef3-986d-655d4cd99164,4795639.144522773,2026-02-09 13:36:42
2c6cdb5a-ac36-4cb9-8273-be68e6c51969,423701f1-bdac-4c5e-a0c0-f2757885187d,2989643.200961653,2026-07-30 13:48:01
b40b7288-b24d-4a35-a530-4b878e484bc0,5af3da5a-38e5-4b27-96dc-5a6ea7890770,6971598.268770118,2026-08-12 14:53:45
14c62aba-89c2-4ba5-a48d-f4c0c330ec14,4b46ef33-95e7-4614-82b4-02815f269466,875674.192051313,2026-08-31 09:26:09
07ec2d32-89e4-4c28-93d8-8e04a6b96653,123b31cf-9ee3-49ff-b1bd-b598948f664a,1980280.907695261,2026-08-23 21:15:31
71f71add-abee-45b2-90e9-15d4d50372a8,0dd70158-69c1-45ae-8c61-0ae887a37f10,3295592.3138456196,2026-06-07 01:04:23
605a34f5-d012-4e91-b8d7-8cbc5a5ddcc5,e4917f7d-91c4-4efc-bcb8-96bb68c0cbef,5190169.231393622,2026-08-19 17:19:17
2d5c1a61-6302-4daa-9ba3-a49c99ef827f,55273407-7cd2-492f-94b0-0f62c768b07f,956205.3129292619,2026-01-06 02:31:08
efadf069-5ed7-41a6-b673-04951ff0864c,c2dd901d-359a-4533-8605-ec0e73b9c2ac,2630003.144978547,2026-07-28 20:53:25
be3eb6f7-38b5-45b9-8265-a22371cfd772,1689e0b8-c79d-4b62-8379-44c1c90394ea,7009655.366455573,2026-06-08 13:59:39
ebe0c8c1-ae38-4f46-87f8-6de4c227e0f2,62210670-7a36-4788-b71f-b9a66dd49c96,6174250.940961149,2026-05-25 10:20:30
9d0a94df-d0f7-47b0-9708-0bbd3106e8ce,d54e7948-c1c0-45e3-927c-8f50e45a87e8,68210.48309693925,2026-09-02 07:54:34
389d2267-b7c2-4d94-8ef4-40984d9d1bb1,b18ad67d-39ec-4ca1-bfb2-df47bbcd6c18,1678440.336266985,2026-06-21 16:48:36
5ced83b3-f7a0-4e7a-be6a-3ea7fae91634,2ac1d5ca-4e5d-4f12-96b3-1f4a80daa8ca,4797284.861718738,2026-06-30 15:16:55
b43c7851-e78d-4f32-be2a-9f7347dfa607,862c92fd-98ab-42e7-8531-9f0fba533122,2182658.0129151037,2026-06-23 16:54:51
d23525df-fbf8-41fe-b232-be7201d3a033,5bf7dda1-7d7c-49a5-a6c1-1650ff02f5b0,6605210.620337385,2026-06-11 06:02:45
91b0af07-4700-4fcf-9eb2-d4901c66fdd9,fc21109b-ba27-4c64-b96d-1ffb3a799efa,9739815.072097074,2026-08-09 06:26:49
319aed6a-8d41-4b4c-aba4-63087e7786aa,b60b4f87-5dd8-4ffc-9f87-8b322b429596,4247654.342029066,2026-08-28 16:50:38
aeb0b110-ac13-4249-90d2-2d54bd22f7fc,fea35d37-980b-4853-8c70-31eb9f85c2dd,321628.4252985223,2026-08-27 05:04:18
eefe02c3-4276-4fe1-a09f-4ff210a71298,a15c159a-af8c-4888-b1f8-1ad9349b5089,1652829.722126292,2026-08-18 17:37:07
85e89165-e189-4b25-ba5b-ece9db00ab4c,b362cd55-9b0a-4a0b-9f6f-acc1451d38fe,1725376.540453788,2026-08-23 01:32:39
d900b745-311d-4ed4-863a-5bb6c841b6a8,485f7888-1e23-4a4b-9e21-741fb8011026,3248884.1105120056,2026-08-25 19:02:29
ad80016d-b167-44b1-b845-846efdf0861e,d4dd1b56-4353-41b2-8728-50c13322c68b,6710879.264568928,2026-08-07 04:33:35
8f63c2bb-ae41-4155-80bf-6f6b9d4d0658,7f111a36-8c52-4271-8a16-7e18290e3e89,7879395.921701484,2026-08-05 12:53:52
a4165dd1-6d57-4fd1-b019-955f00801ed9,abf0263e-0343-4b64-80b3-700f3c088990,9441808.42541033,2026-07-16 22:13:56
6ebb7a17-52b0-447b-b052-8803da968e7d,c78f07cf-170f-487b-b30e-e4fe262e5559,1655438.2631337512,2026-06-28 09:15:58
84aeffbe-ae1f-4957-9f28-e41746273272,fd1935cc-74ed-460e-bb2d-520ba4f34185,830250.1417202072,2026-08-08 23:11:23
c24f3f4c-846a-42e6-9c89-6b2a7eddfc17,0a190939-dfc7-4b26-acb9-41fcd02c75f9,5170648.852440626,2026-06-19 15:50:35
55af47da-31d1-46cb-a450-dd3c01521e60,1d24181c-2ed0-47d4-97bc-ad3ad0a17fe8,4461960.8923773235,2026-06-07 17:45:26
067ec672-cec3-46f4-9262-c536e14e21f7,ccc62fed-7a6e-43d0-99c5-9cd9b09d721b,2743626.5522497175,2026-05-12 12:46:07
f530c98d-6c7f-4bef-b086-47e1fa647958,0f037337-b9f6-443b-b238-305621ec4754,1704150.3600982844,2026-06-18 19:07:04
2a1b76e3-3266-44ff-bffe-f652eac032fa,cd613988-7b90-442f-973b-6977e9462820,6253239.157472138,2026-07-23 04:40:54
a0135044-a041-401d-9016-8d654f90f91a,af390a9d-dcd1-4413-8760-801f9c81fc46,2137419.1438687085,2026-07-17 00:01:00
cedcf5bf-6e94-44ab-badf-14580722ab3c,e3395b1a-1ce9-4871-bcf5-9d5feb9f33cb,4316215.730637379,2026-05-07 16:52:02
ef60250e-a055-41d3-8c16-ab4e97b018b0,ad8cbfea-de4b-461e-b45e-9463032a09e0,9251296.532532617,2026-06-01 21:39:11
1b9b71f0-3f45-44d4-801a-d5cdd72b8154,df865633-ab7a-4b66-b4ac-c7e2fa575cea,1573269.9448983949,2026-08-03 01:56:52
d51fde3f-573e-4c3a-b574-175b3d051bf4,7b5fbe41-3fa2-4de0-ba05-dd0fa9660a5a,6360129.204539059,2026-03-10 07:14:06
cb4addc6-8509-4c78-9566-0d8ed25697ad,e45e2ad0-8eef-45dd-9391-6dcfd6cade2c,2600132.569948835,2026-07-27 20:03:26
9997496b-c697-4476-92aa-48cff18c5581,7eef09ab-da14-4a47-b823-51d9d94df188,8134238.452219418,2026-07-29 16:13:08
724af3fb-a016-4b34-987d-e0c5c39bf6de,47354e4f-f85b-4d0a-94b5-86353dab1614,6273779.644470114,2026-08-01 19:49:44
0f892df6-f97a-422c-95e5-9a0f1ff49f0a,75873920-142e-4df0-bc28-f5dcd12daea8,1446144.0063897427,2026-07-16 19:38:39
d9025a2c-e3dc-4702-9033-14b1609cf7af,fb0d3cda-1e63-4261-90e9-688872730e7b,1678607.1955897845,2026-08-12 23:59:04
0fdf60d5-20a6-4f9b-885b-811b10a5b073,8c91bd13-8ea0-4346-892c-4801698f04f8,5040288.369658863,2026-08-31 00:53:55
4d2d3557-0e06-4416-b121-9097cd693dab,abe5be96-a793-4a2e-b4f4-34048ff50701,897549.260249302,2026-07-25 03:59:44
1a115f59-10d7-4164-ae8d-0018a04dac84,8f660bbd-54fc-486f-b457-7d47d8253010,5975105.59781706,2026-08-30 12:44:51
4b7faa4c-0d5d-4f64-8f2b-892b0e484034,a8ae57b9-c262-4ad0-98f1-a1e41d30a290,4778703.97444521,2026-08-20 05:16:26
c080aba4-9e07-409d-9888-54db66d4b394,1b37ef19-b3bc-412f-9fb7-474e85a0d089,2286767.7636397476,2026-07-18 20:04:17
c997f2fa-997d-4d9a-9d55-4b7d3bad3a0d,3227e8d8-9c60-481b-8119-1aa71b61d453,6456636.633635925,2026-07-31 19:58:35
6248953e-7412-4272-82b7-1c519fbeffb3,30c9c51f-c80b-4af7-9315-fafa7500f785,6844773.739459909,2026-07-18 08:09:25
9ec620e0-e143-40ad-ad98-567ecb8fe981,ac117bab-d664-4fe8-a21c-0c06ed376567,7467443.807165076,2026-08-26 18:04:32
f0058f9a-a6a2-4945-96f1-1afb19ed59a5,811317a8-f4c8-4393-96dd-6c82a8909e31,8774521.18333239,2026-01-29 22:47:50
967aefbb-5404-401d-8468-1060743e5fef,d6bca712-6ecc-4931-af70-5d018da03d88,2929717.2439402356,2026-08-18 08:38:45
985d654b-0325-4820-9a49-de981ba651ed,20dda0ff-d0b3-4752-bb01-b2a52c745800,5326277.042195121,2026-07-22 08:02:12
3190b8f4-d73d-42ba-8a17-31d097c768d6,fac08fc4-6b2d-4ccc-a279-403ce1a2cfe7,4121938.857504896,2026-08-06 13:27:37
419bf74e-8247-43c3-a32a-4516204054fb,f8722413-57c5-482c-b6ae-10e865daced0,2270336.6026915424,2026-07-14 19:11:16
9ef01577-b980-4521-bb3c-fc106bc71d7f,bf98e734-e2ed-4686-b334-22cb9a3f0ad1,9048340.217851683,2026-07-28 05:57:36
cc09de64-233e-44ac-be3f-3da02f98ad33,8db78572-ef7d-4821-bca0-258eb63d65d5,4731376.587966054,2026-05-23 15:45:14
95a340d9-4fc9-463f-a0af-af9e0f7c59ad,fb38cd91-21f6-463d-ac20-af11ebd33927,2920364.137798776,2026-08-27 00:13:37
c11ea16b-a6d6-4330-b5b1-9be4835c3541,5287964d-a30a-4658-b1be-6df28ae0b8a0,9207589.116789546,2026-08-10 06:58:30
8a8864c7-e29d-4722-956b-212f4faa0851,aacad101-f153-4f68-9215-583a9532caba,8845215.13108841,2026-05-20 07:42:06
9a73cd2f-4f05-495e-b832-b59c25bc99ae,ceed0ffc-6c21-435d-98e8-b97ce0a25901,6215064.945343321,2026-05-04 00:34:27
0211a6ca-f863-4f2d-9e6b-a4604a832ab5,332cce0a-0e7d-4698-ab95-c72f0d95aaf5,4713324.8178387815,2026-07-17 19:57:51
250487e4-ada5-47e3-a85d-81db9620ed14,b0cad2eb-0fe1-421a-96e1-ba00257c54bc,8830102.364938533,2026-02-04 19:21:23
d5ce0626-d1b6-4755-81d1-d2263cc56af3,1a3c2131-73dd-4bc6-9064-05a85bd29cb1,9224373.617192201,2026-07-15 17:55:18
5804550b-6c0c-42f9-8dfa-be46dbd3e865,638e1388-8faf-4d4a-a5a9-9ebcbe0ec2da,4732222.975282171,2026-04-05 03:12:38
e893786d-a3fb-4609-b34b-92a2f9fc9c3f,6aa415b5-6336-4815-a1af-663ced2e1bcd,5146808.926240702,2026-08-13 04:39:37
30799b56-576f-4264-9182-e8e7c9070c97,4057e470-be61-47a8-8351-b09d0dc5fb06,7331644.199785002,2026-08-06 06:43:04
fb5f5290-b11c-4dff-b1dd-348c79c91e00,b5a4c55b-b462-4214-a23f-f67de9572bc2,9069559.901069835,2026-08-29 00:06:53
da1d3dab-54c5-4266-b142-0898998a05a8,f6dbb2b6-b993-4f63-86b1-8d94324bcc3d,1213382.9334141342,2026-07-04 22:20:14
9db8ef7e-55ed-4864-b68b-6ba090ebba12,838b77ad-bc2e-4b59-ac7d-d667f664c720,4591167.046730804,2026-08-19 16:58:15
0acd1ac7-e919-4919-8a08-7252e04872dc,5297e1ad-edba-4484-a759-1ad40a398bf7,4961531.630267148,2026-08-27 15:52:06
a3863cd1-00f2-4a96-ab82-1435382afbde,5bab7f4a-8cd7-4c27-929a-f586ca376c36,8713469.033436393,2026-05-09 17:34:00
c4b27b21-bc0d-46ed-bb12-2ee53d305a07,38a06ffe-5972-48c5-9789-be6367465743,5492884.852309895,2026-07-24 11:51:06
348f9ce0-603b-4183-bd75-f95ccea95510,c0ae0b1a-f347-4736-b7ec-07a64b27b079,9295364.778259296,2026-06-08 21:14:23
07af3b8a-5b9e-45f4-92e0-0b9c028849d9,61a1a29c-5228-4d8d-a2ba-9fceaebbaf9c,6369853.455066254,2026-07-27 08:38:50
70be9630-4a63-43e3-a474-74b31d7d0bb3,06531d47-4867-4b30-b956-77318a4cfe1f,6102804.332850864,2026-07-29 04:12:15
c3f9f409-e9a7-4800-95ef-8b1ba19f2485,7c9f3bc3-7210-445a-823c-7ef9cd8565ce,3189881.11944742,2026-07-14 06:49:47
32f9b771-0799-4940-b9ad-de7d0b3d58ad,189099c9-f2be-429f-9514-9755838e9a61,8797478.52253319,2026-08-05 16:19:16
e2a868e7-380c-4838-ac94-df5a48bad5fb,35f5c654-10c2-42e5-a07e-afb101e06ad8,6959588.351561836,2026-05-23 02:40:27
d8f80018-56fe-4769-ac9d-e90ab805ae3c,b3e6f4c6-d428-4f6c-89aa-429334a0dcd4,7113584.963320623,2026-09-01 08:34:20
05808066-322c-4dae-adb4-e4283ef7839f,0614ac41-275c-45dc-afa0-8cbebf343ca7,1447055.4991121846,2026-04-07 19:52:53
19e79a3d-e920-4a24-8304-93f0d7c713b7,407d0aff-cb51-4911-ad90-e4ee0de4833e,3741159.408326515,2026-04-15 12:36:41
610114f4-2322-4464-ad6d-84efd4d9a0ae,a155eb2c-737c-48b5-a356-1add685a9f2b,6410538.207846736,2026-03-31 00:59:44
4e19392b-35d2-4dea-afa5-2c8a56a04943,b864a47b-a434-47fb-8182-978288eae7d4,9639639.547531772,2026-07-14 20:22:27
5f5258ab-cf3a-4723-9ea0-c5033d7a774e,5b923c67-1295-48df-9926-fe41b36d0121,4918299.435301654,2026-09-01 14:06:25
fa2358bc-86e4-4bac-b0ef-fa1e2bde3c78,ed3b9d13-c3e9-4323-8811-86e9162534ca,501660.02052363387,2026-08-15 04:31:17
1e559419-10bc-44d3-b600-4df4e0de0676,22e9e527-3849-4ecc-8891-57fd2804d0ac,9008269.844884275,2026-05-23 14:30:04
cb7e717c-217b-429e-ac95-73e9e1fa2466,4c4d6e40-24e2-426c-a250-d133f5cb5be4,6119746.1149265785,2026-03-19 23:30:38
b1c12d4b-60d1-4c16-8855-817d31120678,243113fd-8e19-4d07-9ff0-b9bf8db3c2c1,6464874.218634147,2026-08-15 18:39:31
fa1b7659-6df6-4800-997c-0dc9516546ca,4e003d55-15ca-4faf-b26d-3dd38c2aa0b1,5625804.397742168,2026-07-25 18:10:19
c3595dc2-0bd3-42a9-abc7-8c063e9ace12,d9f93502-a55b-444f-a7d7-3d1d69a3b991,3596973.235418427,2026-09-01 07:29:59
3f46a43a-53e2-4047-a608-7b53ca226cfe,12b99a50-8cb6-41f0-a509-6396761579e7,1624142.695938406,2026-03-29 00:16:12
df73321d-47b2-424d-8bad-3916a1243bea,f3981e9e-7cb8-42a0-94a1-eab0b9c037aa,3843496.529561406,2026-03-29 23:09:59
95866982-f7e8-48a2-821d-f2cfd9fc13b8,e66e2c11-11de-4ebf-9e98-961d48febf6d,5436351.826724755,2026-08-31 07:56:31
c8dfd1f1-14d7-4283-ba30-3cce359097e0,958c2936-b186-48ce-8e40-bfbaa8cfe589,5235677.7482027095,2026-08-01 00:50:54
109b851a-9d69-42c9-a9db-47b9ca7ecb33,3f05557c-502e-4818-813c-a9982b2bf58c,7232802.50164079,2026-05-20 23:08:22
e1e669e5-c055-4921-a35b-8f49823483a8,adf8f767-2261-4def-9c07-4653d71173e4,7687248.27331569,2026-08-24 14:09:45
7fa372cd-5fcf-4711-8258-3678c04a7761,7caa281b-4e33-4644-8657-20ae5bd67d4d,1349155.4451007855,2026-07-29 17:44:37
b6658a34-5263-4028-add2-d8c076da3875,e42c0aea-23d7-463d-9391-d017dbd4a86d,1254771.414310176,2026-06-24 11:34:50
b734d467-7bb9-4b07-b1cb-62d0868592d2,81d67019-d97e-4d3c-84c4-f46ae4610160,9558653.209408032,2026-07-25 09:04:32
66a466d4-94c8-469d-84b1-a1ee794836f2,e80382eb-3677-4be4-970c-9eb4c4ea4ece,8921829.05551396,2026-08-29 01:06:20
3832dfc1-350b-4860-895e-e97ca6552e7f,5da64a3a-260c-4fb4-8673-5380a7668617,9653088.020841006,2026-06-02 10:21:34
6559b365-3c00-40f0-9cf8-987873bb84e5,82aa5c46-8049-4bbf-b6f6-a77822460ac9,173432.38974052563,2026-05-16 05:15:03
6088825e-e382-4da1-acce-4c234e55f3fe,fb5abb36-ce79-48b7-b6c8-b8b9d9155664,8461206.484338574,2026-06-15 11:07:42
5fc57ff4-d7a9-48ea-af7c-db39283edeec,90fcc9f1-2ddc-456b-a8c2-cce9723b80d4,2394574.099163922,2026-08-01 11:40:28
c06a5949-2263-48ab-95b2-c2b48cf0f97b,38048786-0a58-443c-9bda-0655f06dca24,4308879.793405312,2026-06-09 18:59:05
5a00d0f2-84d1-4f5e-b1cb-19b34b88445a,34ef2552-ab28-4d09-8af5-7e603be8a5df,6343426.660260633,2026-07-24 18:02:00
83239ba9-771a-43fe-8a88-57a5957e8c66,0be3534a-e1ad-440c-b463-835eeafb9f20,1692869.6358197746,2026-08-21 15:12:41
77b16be3-737e-452f-ad15-0b06561c9af3,d5ba304c-4603-49ee-9463-c183a2317211,9343559.195102943,2026-06-01 12:01:11
7f5efb6b-cdf4-4137-9e15-433b68b1211a,5d8416e0-60e6-46ff-a757-43f9606cc2f5,1268461.275162105,2026-08-05 01:00:10
2df80502-0653-4e85-a1e3-0fb445e49a9e,e8410a39-f901-4b9c-a057-153a4067f790,5681584.127863265,2026-08-20 23:05:14
136d6cce-a535-49d7-83ff-fdea3bd9b015,9aad9234-e31d-4345-bb6b-911ecaeb9959,7226101.63889676,2026-05-15 01:03:08
d7b4db17-4b65-4517-9519-613ce6c71f15,a4bae8bf-83b8-4a05-93bc-0dc63ae0acdb,2579432.2439289037,2026-08-27 02:33:23
14023a93-a4c6-48ec-8bf1-60df8346452b,1e4ae3a7-d123-47c1-b7a1-267e9a1e0036,5384202.63179447,2026-06-01 08:51:37
33474b1b-8bc8-4d37-89cc-cf1a5c387c2a,92d00319-20bd-4422-8b0b-81de3e612d66,8502438.176905379,2026-05-25 20:08:01
40018cbe-5449-4845-acd3-d56f325769cd,0e503fd8-2598-4383-9280-3da2e40b50e4,8552360.26231494,2026-07-06 20:30:18
aefc6ef1-c4bb-4ace-90c8-da67bec62bbe,a33b3dfd-9048-45c6-b820-5aa7996f7e88,4678775.602953234,2026-05-20 21:25:44
ff7ca58f-9aa1-498b-b4a4-feee30cdf149,fe268e77-9b45-47e0-b2fe-fdc23772aa97,3588392.618409637,2026-06-22 21:52:24
b757ec69-c09c-4207-9ae1-3a7fff9779f7,95284c0a-cb6b-4562-a488-c84d99d090fd,8386634.178465652,2026-07-28 04:39:37
c523b4e9-022f-46bb-82d9-c5d7e991e6d5,57b94dfb-af82-470c-b964-4e4f2aefcf3b,1136785.0638657114,2026-05-28 09:40:13
c87b17d9-58bc-45e4-9282-d54d482702f0,1bcb404c-21d8-496a-a2ad-a15760d2759a,8356095.4087622175,2026-07-22 05:43:16
9477d9d7-d265-40c0-a7df-c9aff220eeb5,18a70609-9b02-4535-a649-a478d3966f0a,639363.88737007,2026-09-01 04:11:39
a7728290-78d5-40ef-830b-4532a7c24c68,17db4c2f-1e15-4e2f-809c-2ebe80da2ed7,8830629.742912713,2026-07-19 13:24:09
263749ec-f394-460d-82db-6aabfd411a05,adb610f4-c65d-486e-b00f-63efe59fc1c2,6034618.735910514,2026-06-21 05:53:30
bfc77282-b92c-4a72-ba17-d79a3a42958b,3abf9c65-6dd0-43f3-87a2-0e22b298b811,6268114.658187051,2026-06-26 21:09:04
9645dec1-840d-414b-bbd5-48637974c90b,e869707c-bdcb-4ffc-8dfb-a4e996cbdafb,1606841.905698695,2026-08-30 13:18:08
b8f6703b-77ff-4c31-81f3-78378d783178,c40f5405-7a25-4d81-8128-17eb224629cd,4697265.744942542,2026-08-31 05:41:56
15fbf5dc-caba-4f3c-9735-773c761e6287,41ff81d1-689d-4205-8b31-f4d8e073c1d0,118075.20114713414,2026-08-21 01:36:35
c5274f35-6dc5-4044-b016-b62bd8867545,01d77831-850f-4cdc-9e2a-03f185c53910,5201166.688581316,2026-08-15 13:01:59
73315c49-704d-428f-b5a7-58ab6aed979f,6d130705-279f-41ab-9b49-09b65cbdb682,8846431.922209404,2026-08-07 17:09:18
93d797e7-2392-4df4-9fec-59ac07b4e684,468b22af-9ca4-464d-9d9a-d9f1908e3a95,3366135.5244440674,2026-06-22 22:37:57
027a76dc-bce0-4aef-b17f-a5c04e39f65a,7b8301cf-8ebc-4d7e-88a6-5b858d56bff6,8020171.951169097,2026-07-15 14:37:00
5acb287d-d594-4c84-a8aa-454ecf76770a,5827bc1d-93e0-4235-8e80-d10bfd0ee0b6,2248687.1438842798,2026-06-28 05:19:57
af8e26b2-6cfb-4173-ab4d-3d1a39b9c13a,c879d932-7254-4ab7-bad2-4ac8bf70c042,7848577.591150583,2026-08-07 11:08:23
b0c5d3d5-c755-4c99-8349-95ff67432c04,cd04c001-56a3-4ccc-893c-9cc6668b28da,854531.3358145606,2026-06-16 19:36:10
05f30bc5-9642-4052-9379-f2794cb50625,015aba1d-a2c8-4f62-b6ee-137d639c4c6c,4956955.27202606,2026-07-05 17:36:19
239e5593-ec11-444d-883e-d925c90d35aa,4359ff43-1067-43b6-9690-636b6f74e55d,614441.2469565113,2026-06-14 04:18:15
548b4c63-fe87-46bc-b3e0-0dc5fa2c9e79,9d2cd944-6690-4951-bc04-ca7aee415f16,941475.5588497303,2026-06-28 09:36:24
e9eba9fe-9a5e-43f5-8c94-d15ca13d2600,02bdeabe-7060-48eb-be8e-ed12a3ea21a2,8559389.058175895,2026-08-18 02:30:03
faec8f42-6411-48ec-9df0-177192e9b765,9979cf26-c8b1-40e1-889a-9f4f31dae817,2812738.446128971,2026-06-12 02:15:37
104f3fc5-6400-4b0e-b2dd-85f63446c0f0,0012d399-a7af-4545-bd3f-ec1b5c17ebb5,4513145.023756413,2026-07-27 00:26:41
1bcfb92f-798b-4757-b036-f6b962ed5403,67cba27a-6528-4970-ab6e-f8dd5a669316,1128869.8978952074,2026-06-12 17:25:49
a395b867-7397-41a1-b641-940591cbbc49,d46b7756-b9e4-49ef-88d4-95a48cb21aa2,5695415.501373903,2026-06-16 12:59:25
acc54c62-1ab4-44a7-abe2-6bd117deace8,31cc6738-f68a-49b7-9b3a-a1d139ee80ab,75837.56702095784,2026-07-28 18:25:50
b063e9a0-d393-4aad-8835-075f2d798f3e,1b414999-8198-41f5-a839-f98f2ccf1472,5625950.929687716,2026-08-24 04:48:32
11ca2a0b-32f1-44d8-afcb-0dce06dee37b,41f83199-f4ea-4769-8366-c189cd8d9f75,9435765.13684006,2026-06-22 01:53:03
4a85e443-3ba8-48d9-b4b5-5b8648a84587,60885550-f74f-4900-b159-4914b1b68ecd,5569237.974129516,2026-08-31 05:41:11
0eb54078-7464-46f2-91ea-2c00863ecbe2,963a4333-e582-45dc-b5f1-c654ae7cfd14,4239712.662010843,2026-06-19 09:44:21
53a75581-2bfc-4524-82d3-fb7e84be7e1c,fe83c32a-c9e5-4c47-a237-a8c161f6dfbe,5234454.691591204,2026-09-01 15:21:06
283379b8-641f-49aa-a92e-33b9e8e977f0,89207bc4-8439-4ed9-9a64-845ef49816ad,4094444.4703137446,2026-05-14 01:50:13
7a6eaaa5-6b1d-40b9-8954-fc3d210f2a8a,bfb0942c-ac77-4762-a620-516717cf775f,2944596.110304894,2026-07-11 18:02:52
dd9e7b6d-e751-42a4-b481-38b5639509c4,e4f1e8e8-37f3-432b-9a81-762a5059f77b,3115824.991381485,2026-08-02 20:08:36
4f4c3f0b-34a7-4f9d-9ed5-c01721433dfc,bc45144a-3c1f-4ff0-b31d-58bbbcb3636d,3741051.453730878,2026-06-12 16:07:20
798b2f02-aa2f-49d1-b5ad-09f5d161a381,9e5c5dcd-d61a-480a-bfec-0a37d5bea8dc,1977858.3633814887,2026-04-03 03:30:19
4f70b88b-f06c-49d9-9339-304b9a8cb3d7,7e1f48c4-a9d6-490d-b4ad-fa22ad0205f5,8867557.981949726,2026-04-06 05:45:53
757e2b43-af51-4850-b77e-5f7a80a233e3,9ee4105d-5f06-4c76-bb77-7e71d91738f8,9486894.816885384,2026-06-10 04:20:42
24877651-fdb7-4107-81e7-cde733a2ca5f,c3a6b204-fc01-4a22-aed0-b0b27da56b6e,3618409.055813704,2026-08-23 18:33:58
9ad75b94-6634-43e9-9317-d8c91060573a,cc9cf41c-8696-4901-8ddc-a78820d4ba18,531967.4520780391,2026-08-08 02:35:15
91b8ff07-e909-4654-9432-3b1c869e8836,afb3e3ad-dc43-4ed5-a4ca-a1c758e7edf8,1977039.6060563743,2026-09-01 22:24:36
937d6fb1-7673-4597-b5cf-f7557daf76e7,0227b8d5-b070-4a53-90ce-857f75c72fb6,9561562.678849276,2026-02-24 07:20:03
a573dc30-49b4-4625-9752-815cbcbf1583,dca1adcc-9cdf-4664-9c91-f845534fc96d,3913732.1530288714,2026-07-13 05:36:34
b62e8f02-d7b7-4862-b347-f1d458c6b1c6,57d52b78-9cf3-437e-b562-037b78aa16ea,3473999.338192299,2026-08-28 16:31:51
d2cc4853-9cef-4ef4-a41e-7f8c4c25998e,5d75c03c-5f4f-4f10-808f-e6d7b361e70a,2929308.1797051076,2026-08-30 13:46:29
3fc74cb8-6a40-45cc-acd5-1392d98f5e83,af9e7a0e-936d-44a7-bab1-996a21925613,4447103.751002868,2026-05-07 10:45:28
6e9c92ba-bbb5-4037-9e23-faf9e66414db,618192de-db37-4ca7-aea5-e3418e2ac3ff,2458097.357138875,2026-08-17 03:22:30
2ef634f2-a8b9-4820-a92c-5b92627967a3,6be8c756-2d36-426c-827e-789cce40483b,8415789.656026028,2026-08-30 06:54:55
b2da61f7-64bf-476d-9874-ed7d9190c53f,7c93243e-c90b-4454-90d3-802db876a455,9306118.521147486,2026-02-05 11:39:54
286e3f0a-dedb-4ec4-a2b2-de4b3d5cab0e,29d0c613-b0c7-4002-9956-699065fdaadb,7828302.992336078,2026-05-24 17:22:42
4ab946a2-89a9-4af3-a0ca-0f8ee1ef2dd3,42803aa0-55ac-4d06-be9d-a9517329af6e,4244773.971109983,2026-05-27 14:40:07
e6f8dac3-b8ef-4250-b9fe-60c6b2b302d3,59e110eb-1f09-4b9d-a969-29b20513eda8,3292070.360831074,2026-08-18 07:13:36
fe0d40b4-6949-4671-be55-33bae8a2f417,89d716ef-a62d-4221-a65d-958e936dd1a8,5855065.663224695,2026-08-22 14:24:24
1397b542-5e65-4990-becd-0ded1f08f855,c655a597-7ccc-43de-82ac-7e1dac565da6,6232663.1370862685,2026-08-28 14:24:34
537598d4-c78e-4272-843b-e7af8120053d,f4e35f7b-a1b7-43d8-b6b8-74d349599bed,5533039.691743205,2026-07-23 15:12:27
3516567d-40b5-4023-aa32-e55373708a7e,679f2f42-9256-4707-9cc0-5b67a19b224a,2649419.182442688,2026-08-20 17:15:12
12bcf090-06d6-4ba7-b650-9bcd0b6d35d7,a72bdddd-511e-4eb8-9040-5c433a6c7da6,6541291.760749752,2026-08-18 09:32:58
763f56ac-bfee-4533-acf5-9149b1c9d0dc,dce0e2bb-c7ed-4a02-b1e4-dc42e33fc52c,8556459.344902873,2026-07-31 21:09:04
db13f2ec-663b-4427-bef7-110a57f9f3a7,daada0b1-2f13-4a6d-aad5-5c0b69fb2fe6,4101394.8539608764,2026-04-17 14:13:47
4027b283-02bf-4f1c-89ab-99a3658c72ee,1a5ed196-65a4-479b-aaba-a4f935e80364,7789800.6170048835,2026-08-07 13:23:16
53bd8128-22f0-4403-aac9-7d37b5878d33,65a29cc8-c55b-495d-86bf-d9c40dc78104,1701852.690349429,2026-08-21 02:02:09
761b7e11-7c19-4e61-b6d8-cbc7bfa93b6e,a7a31d25-1595-4c42-a7c0-0f899e3bf1b3,3800139.4960511927,2026-04-20 07:54:38
3e06f427-a832-4228-8c65-d01b1521e825,a06109db-7172-4636-88bf-b602bcd2e8eb,2778004.1472528274,2026-07-01 02:11:01
4775d7ab-d207-4bc4-b885-8b6d23e7cd20,dc412176-5b59-428e-a9de-5b2608ffeab0,7664383.509320063,2026-08-06 18:36:54
9b639a38-049f-4b5f-96a7-aa062babba12,71e15b9f-8c6d-468e-85bc-f3baef52d36e,8913974.368560703,2026-03-30 06:32:06
88df12c1-1fc8-428d-8b4d-10792d5f60d9,a18c5492-74e0-479a-98fb-47279740b212,7201625.8232962685,2026-08-28 06:50:47
abe05b22-13dc-4154-ab1f-c2ab640eb68e,4f45f6f7-88a6-43b4-a3b8-1f92a3c90c6a,3730505.6257325537,2026-02-09 03:11:39
70cef646-274b-4b98-85f3-dc5aad68fb45,6986305a-5da3-49cf-8ed0-730d711dc1dd,1526.1908010657046,2026-08-09 14:51:44
08d16094-b6e3-491b-b777-d8232d8d7db8,22e49628-d913-457d-821f-84fcd0bcbad5,137891.38871177536,2026-08-31 17:28:53
0c39bd0e-b25d-4530-b12a-b8eb3756b005,4cb34663-7a21-4151-8166-a8b3f26bcebf,4767762.985703125,2026-08-23 08:21:34
71a91c81-4eee-4680-b0ba-8fe363ff910d,8c57a277-01d9-49b4-8bf8-f29e3b30ee97,9138791.577967437,2026-06-24 20:15:46
c5bca449-0c75-4a17-8131-c6019923fc7a,b7062cfa-29cc-4789-bff9-3134650e78e4,6225742.344230806,2026-06-08 22:51:39
3fec5325-edc7-4f12-b3a5-1ac6c461994d,a0152b5b-6c17-4150-9447-16cc4352acea,4504821.897830926,2026-07-03 07:21:05
176519e7-3332-432b-bd10-fa95e8a44238,cf0e1567-882d-4fc1-be30-74f8a60147c3,1118040.8347261879,2026-03-15 22:54:09
03ba33a0-fd42-469c-8727-59406bf36656,a30b669c-1c40-4045-8a22-eae922f9cafe,8089514.522502075,2026-05-19 09:24:06
ab404598-ae11-43c2-b130-dc8fd20e0734,0cb4afe1-26f3-41c8-84f7-18c85215b503,1674123.2396923432,2026-05-02 19:53:54
6a6a0149-0b44-476d-aac3-9be9b958d153,6b950c1d-5787-49d9-b799-a3767e5b3ac9,6134634.495470131,2026-08-18 20:03:50
529b20e0-53bf-4b10-90cc-c1a51b912adc,548b2ce3-081f-4c82-8a9a-cf77b26a51a5,2385529.9800504236,2026-08-29 01:02:20
3505c563-9fea-47cc-b086-2fe3a0751372,12464474-6475-40ee-8691-30694439940d,4071435.320959031,2026-08-27 21:41:59
6d899035-f05d-45c7-a522-e8b98aad0665,f97f4994-1f38-4f55-833a-c4d6d4085391,7321117.8806165345,2026-04-30 10:42:20
5b48961f-1b1b-4cd7-b6ba-49183b7f1998,32fd73c5-0894-4176-be99-df69bcd49975,8559443.048749361,2026-05-24 17:52:16
a76c11cb-66f2-4d1d-83d6-af3f2c727675,f6121d2c-ae73-40eb-a39d-8fe7790b185c,695264.4512046408,2026-08-17 18:54:09
757256f6-3677-45b4-a3a1-bcaa03113626,7b31dcdc-40d9-4a8e-9f44-aa88855b6c5b,849041.7875370372,2026-05-08 07:39:21
4748ffb3-d0a9-4757-a870-2d9710e67176,a206527c-3c68-41d6-9ce8-e12ff9287d26,4538792.530839268,2026-08-31 20:23:24
994f7c31-c47d-4678-8d31-5923693da46c,16e827b0-c552-43c5-9f13-fb9827ad8d51,5522896.830239414,2026-09-02 07:02:00
b668705d-1a10-448c-bd8f-b938fbac9ade,a502dc4b-5b03-44d8-8f4d-6c400f5f9707,1773771.0335139441,2026-04-26 10:54:41
9990e4a9-1841-4e07-b583-4c69407f2654,fb4f1972-5115-47ee-bb90-908e7ce34563,5676695.802345153,2026-07-21 20:57:23
6379064f-b241-495b-a180-f402fb3e127f,b072afc8-0577-4108-b166-2c94bbb24366,4129029.1531239515,2026-03-08 23:04:13
c2ffd690-a2a6-461a-ace2-7ec9550100bf,8f1c3fa0-7000-4009-b4e5-70ba7c3cc2bc,3092589.357087727,2026-08-24 12:30:04
7b6ce596-aa97-435d-99ff-74ebfa5f9e72,52dcbffd-5900-4d65-8b2a-b7592fc6c4e6,9115810.938981991,2026-03-17 09:08:40
e97f995d-9bc8-46f6-8484-a1b355c974a4,730ad7de-27af-4ff9-87f8-9f6211a1e557,5996470.044765465,2026-08-22 03:33:27
a3fdd59c-82d2-4bf8-a1e3-178b72ebde4e,8186722b-a355-4d05-86a2-8e4e002f2ca4,309159.5656129496,2026-08-31 02:11:39
fd06875b-b462-431f-9664-56be80e022c8,9ec5405d-c6a9-4598-9d34-0833db592a19,8897784.981874991,2026-06-01 18:38:53
c249f59a-9dc9-46df-856e-3d783b8c0f84,7f5f61aa-aee7-47a5-8629-6fbe309b48dd,4646865.15554884,2026-05-30 08:59:38
6db2094b-bce7-4298-bc84-78214f10b422,1c4760a5-5270-4b29-a412-47a268e8f311,712452.024066261,2026-07-17 10:36:16
0f571d6b-1452-4130-9ea8-ffe33e59034b,33bb7382-0801-4e83-9f9d-39102dbb45bd,523247.34235261363,2026-08-14 02:21:03
09b4413c-a45c-494a-b452-98c460310461,9b1fc6d1-3881-49dc-9dc9-60970c90e028,3429310.6946705966,2026-08-02 22:57:37
225f52ab-5425-44b8-a098-d2e3bd3fdb62,6a7be8b1-e3f3-42a8-b030-bfd4be54898e,957543.9286435973,2026-08-30 06:44:25
c2afba28-c976-4c61-a4c3-1af7514a36bf,bbfb1b71-0a68-4eb8-876d-e8c5440c7e5b,3546620.522964408,2026-07-23 16:05:58
6a367425-fa41-4d2e-8ab2-14388557ec6c,3b23feed-b9a4-4e2b-99e9-e3a418dcceb6,8659370.456422111,2026-08-11 10:45:16
0610c42d-c024-4ac1-89d8-3188d00dcc4f,2dcc4095-f28f-4444-a015-4d6591ed554a,1741149.0715284229,2026-08-18 11:22:14
57bd0ca8-54ce-40ea-bb9d-92c0d8d0b8db,b3da5808-756e-467d-acab-8b695ba37cb5,2760059.6804736285,2026-04-28 02:22:46
e81909ce-0dd7-4ac2-8a10-55c534b0738e,56673e49-8133-4bdc-a6cc-73768cca8963,7254511.379734831,2026-07-05 01:14:15
b8314c26-b23f-4738-aff6-28bccd2bf206,fdd084a1-8cd2-416f-90ad-ff63e7094153,6769688.46410212,2026-07-08 19:42:13
857f2f3e-61a9-4fb1-9f69-a5609baa0785,9bc0fa93-52cd-4def-b9d2-76f4d37ee471,6200204.81405364,2026-08-18 07:19:50
018c0313-a139-4d49-b13e-90352efcd60c,5c29850b-410b-4c29-be9c-afcfed17f6e9,6492128.311223056,2026-01-26 04:05:46
f42323d9-11ea-4815-bddc-44f5deaf9631,48d3d2ce-fba3-491f-88df-aaf8b9efaad6,5009010.618695315,2026-03-19 07:08:01
243b7101-fdf4-4930-a265-df650d56e000,36fea0b4-38cd-4122-bc01-45e14ce2afa2,4514547.231997463,2026-08-13 22:26:52
97b6a461-2c76-44c1-977d-8b262024c407,ed0940f7-9217-4fb0-8e6b-308582e2b02d,7537555.832856142,2026-06-27 19:24:01
6d1e0d7d-1402-46ee-81e6-935f3c7ed208,5df924fb-43d6-43ed-a36e-b83227f6a2ac,4186311.2790413643,2026-07-27 07:44:42
3291bc95-b8bf-4cae-aa06-4fd24fbc0984,91ae3d4c-6659-4d83-920b-725b17871810,5350900.8186537605,2026-07-31 04:15:05
3fbc75e0-9b19-4112-ad2a-e08e6c8c5d0e,e6267164-d361-4b3a-bcff-ae922c435667,1562716.0513239945,2026-08-27 12:31:32
f7bce0ef-72c1-468e-9390-6193490ce315,bb1502ea-0991-4f46-8ce6-928ba46acc9a,913453.5155865337,2026-06-18 23:20:02
7b2e00e6-c802-4d0e-9cc7-eb514598ab17,6f2e92b9-d130-42db-a13a-14ca5911f42e,3691049.2113032327,2026-08-23 21:09:51
65f35984-5c0d-4fcc-b8f9-60bdf37599aa,c704e80e-a246-4cd7-82ed-5d15edbc36d8,8622569.902972246,2026-06-12 16:25:42
6c35e33c-70fe-45a1-b880-adc62af2b718,264ae04f-909e-41ba-8a38-d5aa51beba8e,2542631.6465038797,2026-08-04 20:32:47
c2a49fd8-6ef5-4cee-bc24-3f9f9c014262,6493f5ef-ff53-46a4-bb48-bbbaac735be0,9457718.073769903,2026-07-23 14:01:47
7b64665c-cb26-4809-b429-73f5d1d18e0b,4a2f3876-6e93-4615-b8da-9a90170fad32,5517004.170860487,2026-02-09 18:01:43
daa282b4-6d69-488c-a1a4-b230c30dcc74,0c9fa6e6-becc-4760-9249-ee3a79d19c4e,6503022.6336000515,2026-07-22 23:16:36
4cdbf99e-ebe9-4dd4-a80d-9169c24489e1,2160446e-b2a7-4475-8619-67736f3acf33,3232370.546882772,2026-08-30 14:57:22
2cfaa174-ba05-4e68-8d87-b7be271dd0f1,32339053-9242-4a54-a6f9-c0e165339cf0,8630020.088680182,2026-05-26 14:14:37
7b189d5d-9b24-4a55-8fe8-8b776009a05a,6c6d282b-69e0-4370-abf7-a5d01ccec1ef,5669553.707926832,2026-08-21 09:14:38
782152e0-b701-4925-a2fb-e906554ed52c,4e089bb4-c509-4558-8632-6b36a7c8f0c5,7237676.220136968,2026-08-31 14:43:48
0111fa05-308b-4146-aa87-9f65279c058a,ec993c80-0b7d-4856-b0c2-360025545c1a,6157540.069403037,2026-03-05 01:45:19
b9b03c1a-baf9-406d-802d-dcc4dc956e31,15f7ef61-da4e-404c-ba7e-1b86c1fad753,2420397.8138003224,2026-07-04 09:35:13
6a7330b3-ecfa-4700-a790-eee07dcfe924,cde55848-b19c-405e-97e0-a1f103840661,376665.12994487304,2026-07-25 12:30:57
625046c0-5f86-4c8e-be00-6ccbf8723487,363d75f1-89ba-49c8-bd71-7da33581a632,4255427.534063881,2026-08-25 21:33:20
969b6b4b-fcce-4ef8-a41b-c4c24eccb0ab,fe07832a-badc-4599-9f7f-ae0c7ba79d05,299452.4846860501,2026-06-10 02:12:16
fe12ace5-09f0-4f24-a28f-553768a64d97,86dc4e34-a9dc-4e52-a7f2-418a953fcfd4,4685051.684616538,2026-04-13 02:43:48
299094c0-90cb-4982-aea0-0af96283f50f,4572b385-9e32-4085-b24f-92b9ca0841de,136498.38690322405,2026-04-12 07:04:27
41589d90-f504-4d15-afb1-38c2c350bf4f,a9b92a1d-4574-48ca-a90e-319d637e3f94,1768499.9925915329,2026-05-23 18:48:41
62a53193-a6a1-4c2b-8ec5-bad7b24ae6e3,dde4d194-7c12-4198-90c1-b8f7e76428c4,3246338.044771166,2026-08-24 14:29:21
7a4c38ef-3e0a-466d-bf2d-bf97bc547d54,ed25459e-8f89-47fa-b53e-9662f77fa3a7,8640648.056048889,2026-05-06 02:56:49
a1861de1-5c85-458c-9029-0d6bebe55cc4,be9063fb-64b5-49a5-bd6c-3d2a5564d1d3,5800217.184715903,2026-05-24 12:02:49
25dbbe8d-a534-4425-aa69-b7f7b28d7cb8,fef97d57-3c77-4a4a-8d65-4036a00f230b,1023367.568037877,2026-09-01 10:19:20
ae5a5f99-f1bb-4d9b-b499-bb6b9afdd464,e3f16406-631d-4c8b-a0f0-fe7941f74651,9083413.35752455,2026-05-18 10:22:39
1de20f2d-0328-4b00-a953-4ea7d76d9612,df695d17-9cc9-4aed-ad91-12c5f5ea4128,3921909.702119075,2026-08-30 04:55:30
eab8d5be-b62c-49bf-a4f7-3a3017a15a60,4ff85111-f875-4fd4-ad2c-cf42271a919f,8999678.567102809,2026-05-06 19:23:43
f9619ae2-960e-4c1a-b4c0-fd1865cd7fd1,94be6d9f-2379-405f-a708-728034ee0b67,2290763.1888920376,2026-05-16 14:31:26
e041f0a3-3056-487f-a8f2-6d6384bed7ed,86181db2-e60d-4a94-b483-d162b043a39a,2380169.50857223,2026-08-28 21:29:48
40bc2b56-6d47-42f8-946a-77af2a736a67,115c42cd-5147-4e86-a875-d40aeac7dc2e,1929773.472526994,2026-07-25 20:27:27
887fe19c-f7ba-49f9-802a-63cc4d5e42e8,2540fbfe-e12f-46cd-96ea-f269514e1353,6738415.084001098,2026-08-12 15:31:40
4ed7b3f3-9609-42eb-a1fe-6f28e2fb8d66,ef0b743e-bee0-4762-b168-bdec4da838b7,4479005.401927402,2026-07-21 12:43:11
eca04629-e05b-47ea-80a1-5dbc695f34ff,21acfdb5-1b55-4f6d-b01c-6abfc7739d46,4393589.066250097,2026-09-02 00:35:13
a2dcb574-1bf9-42a5-96c0-68e8de922cf1,98ab182c-3b1d-4181-9cc3-c1f59129bc75,5955273.69846782,2026-06-14 14:44:17
bfacc63e-44de-450f-a488-dee3d0713f73,22538040-7a02-4a6d-87a2-b171b02a06ee,6131744.163719891,2026-04-23 03:14:41
b2f240e3-65e1-405b-bf8f-f33eee1595cf,794e0838-7dcf-40fd-a330-98edda252795,525888.0497278781,2026-07-08 14:15:10
d0fee4f1-2b1c-4d3d-bcad-b3fd01a4c2d1,ece9504b-03d7-4962-b804-43eec3b8d179,3338765.3887624727,2026-06-24 22:15:12
c6141017-11e1-41c7-98cc-84170067743e,f4672866-ed56-42a0-ad54-ff2b10ee4f77,8023595.90727942,2026-07-27 07:31:13
49d0aac1-a78e-437c-aab6-2dbf8663e8bb,3f2d39c8-e338-4579-b521-aa18dde4f5c1,6202506.366126416,2026-07-25 04:47:11
2fb7e9bd-5fe9-4750-ad28-a2a82baeafc7,be125f8f-f06b-4c12-9c8b-955064e70f9a,639077.3443487138,2026-08-25 09:04:31
2e968660-7c89-417d-b2b1-792b2263960a,d3b6ef1b-74f7-4d09-b39c-afa51bfc270c,4015667.06399695,2026-08-14 20:14:46
912cf322-735e-4153-9c38-92e8f2cfcd63,bc341b4f-fbdc-432e-a546-c66d89b1cad1,813926.9036177595,2026-08-20 20:46:29
0f1972db-3370-4c1d-af85-f99d366b3575,e267e12b-65e5-413f-b086-9a454a8abb17,7604703.307219126,2026-07-30 06:37:41
68a69e71-df22-4246-a6fb-61d3fba26c21,172720fa-73a2-4c7b-a566-e884d473e687,9619625.728784196,2026-08-22 14:22:17
1bf43b9f-9fda-45ac-a9b8-7e7aa0786a1f,52ce55e3-69df-45c7-a4a0-053f22a37556,9692723.954094265,2026-07-22 00:08:17
15f0e5ea-4b0a-4742-946e-6a4f2a873e02,400564b8-1716-43b1-b466-1e6fe1eeb1f1,2680248.9363517947,2026-07-14 16:12:02
579744ba-1073-40cb-86d9-e34d1feb21c7,730bc657-b4cb-4613-9d39-e9c217584f23,6357579.498883904,2026-07-20 03:38:27
7c35b274-7a57-472b-bc1a-8ce295ecec2c,60f11528-28ef-4f46-b323-123e9cb0c90c,2833786.140043028,2026-05-30 18:01:51
c075e119-441d-4e33-8fa1-659f026f05f6,dcd81a8b-a8d6-4af6-9f0d-def190c40e45,2918621.058635701,2026-01-23 17:36:20
fcd49681-ca09-4b17-951b-2503aa528f85,baebe15d-4f3c-4771-8edd-2a2a6b69b4ae,2963696.0344537427,2026-03-03 21:50:22
cab285dc-85b7-4774-b608-937418caa0a9,33ee16e7-f5de-4eba-a1ae-a39be606d7c2,201787.23520744813,2026-06-28 19:46:50
fca54576-8523-43d7-9a5d-376e602ba256,8b22e445-7fa7-4485-9afc-38057f6485de,8045072.517217597,2026-08-29 05:24:00
7925b7d5-7c65-4804-ae9f-f73c440dd09f,79c842cb-a8d3-410e-96bf-ae6e37850b5c,108868.44952000373,2026-08-31 00:21:21
56282768-6df0-4c3c-9ab8-180f56479889,9ea8fcb1-4732-48c9-8c1e-9464e1d5c0dc,3416624.9554667133,2026-06-12 23:55:26
ffdba2ee-57d3-4c63-a3e1-03bbae8e6075,a73d2746-0e18-4b96-a5f4-1dd62f51ac6e,535924.7662060981,2026-08-21 03:50:44
5c784ca4-f0e4-4a0b-bd56-3b0ed11ce5c8,54c3b22e-4c66-4a4d-9a70-ea8ad6881d3e,6889709.9624063475,2026-07-18 08:53:05
0ea761a6-9c5d-4b8d-a0e1-2973660237ed,9c7060da-48cd-49c5-ac0e-1f71294d43ed,9503500.265444372,2026-08-24 14:40:30
19a53942-ce67-4962-948b-9bb7df8200b8,bfd467e7-7491-450c-b75e-fed82d6b5953,1521641.5907767268,2026-04-27 20:00:08
66dce997-b2c4-44a4-9edb-cef974f8a913,61022b56-e5c4-42ff-9e5a-90c152a473f9,8976567.91422129,2026-03-21 03:27:00
de772156-1f76-443f-9a16-b8530692fe02,1f3cea1d-2271-47ca-b887-73ed4af715b7,8634226.821042947,2026-08-01 04:57:32
c05e5ade-b303-4188-b378-cb94478b2f00,35845d71-b221-41c5-b5b8-6d0a864f36dd,8757480.051961953,2026-05-11 13:40:47
afa9d02c-9e4c-4be7-b3b0-e73d5e516bf8,9ad2bb72-b04b-4584-b95c-ec2d7bd15655,4727463.906283058,2026-08-18 19:43:14
69c2aa17-83d1-477a-b9a6-ab72deaeb0c0,42791490-5105-44f9-9909-49aa9bdd3d7a,7715402.902814196,2026-08-21 23:58:46
a358c4d3-fc76-427b-80cd-11a8301c8108,850b7073-7f13-4e67-9008-cdc99d421bae,2952698.515373765,2026-08-29 13:54:57
53559e80-bc5e-4e2f-8ebc-1bd7f8378be2,d91b1a04-bcca-4a38-9e30-614fcbf6aa23,6827785.07876103,2026-08-15 14:49:59
7c0a8f90-9b54-4227-bbca-7ff671be0c72,8f7763e0-5982-4a44-9573-68cf0ba56050,3324732.8191256197,2026-07-07 01:51:21
14d49d3a-cb40-4cdd-9cd2-da08bd3c83c3,4eca2e96-115d-444f-8a4a-40bc412181a3,100107.0371740191,2026-06-29 11:44:35
f104ad27-ee75-434e-b067-dba16d8bebc3,65637d1f-5763-4902-9552-0712af92ef22,481686.39820058644,2026-06-10 15:52:14
b3126a11-db6a-47db-a888-e7affca39bae,56830783-d575-4337-949c-9eb931ab0158,7819948.573509226,2026-02-22 19:44:30
9b6fbe20-4b3a-4a83-a286-16f4bbf9a04b,27c7655a-7b43-4a72-a2c0-c475a54976d0,8831678.914465759,2026-06-18 00:34:22
8522496a-deaf-4fa9-a4a6-3a6cb641d449,69f8d3e4-d06d-4943-88b3-815e76647043,8613272.478063824,2026-08-16 07:17:55
812fdd98-b777-4609-9b57-6a7fc8ecb641,50c4cb4b-ad9e-4c1e-b997-402490a014ab,9479456.824831152,2026-05-15 23:47:37
164b85f0-cbfc-421c-bf78-042820bb859a,cbb86be0-e355-4636-aa8b-31f5ccae58fe,4604200.716679156,2026-05-10 03:19:28
8c7aa939-ff0d-43c2-ac4d-cd33d51528af,a06303ca-600f-479c-bbce-708756d2b14d,6340726.863694745,2026-08-31 15:17:41
723fd85a-e57b-484d-ab05-82e077806788,c847b130-dd56-430e-9de9-87a2985e7e89,5192514.348247293,2026-02-27 04:59:57
3dabba61-8a69-4650-a9a2-e9cd7b6f65df,7f3ef59b-1638-4137-a9f3-5b2d4580dac2,4927198.329223621,2026-05-12 04:41:26
f1b7bd1e-c0d5-4828-aba1-7f78362e17d4,1cbb304b-2ccd-42af-8d64-bb63866cfb2b,3312114.7761756578,2026-03-12 16:41:51
b73c62ab-fe4c-4fed-af55-2c9e1b000f9f,cc8ceba9-0662-400c-8188-de48719b2dd6,3141801.0685480614,2026-05-18 18:17:35
53958e5c-edd0-4e02-add3-2be929052dd7,dfb68a5f-bb81-41f0-bbc4-d138ec737598,2352848.979688156,2026-07-07 02:09:17
b81bda1d-386a-4050-87c5-8839c42cd0ba,84222f58-f022-44af-bb76-4637d277ab64,598714.9557777087,2026-07-23 09:56:30
e5c345fc-f395-4213-b9ee-f2c0aa7a907d,85b864d4-dd64-4387-b6b3-8fbc6338fb29,720321.0136068553,2026-08-22 18:52:17
88d7d47c-ec38-404b-a2c0-eee9aa5ca8cd,77852ddb-5552-4a3c-964a-9b18df3334c6,5184998.974586841,2026-07-19 18:55:09
55327432-b118-4ad6-8ba8-8a28172730d8,a38bbaa4-4fe8-48d8-822c-a6a893daf60d,3158906.5327047436,2026-06-04 18:00:50
ec814510-c42e-4fc8-9372-e80dee892190,c5d56016-51b3-4cf5-8843-3a3846d28109,2455256.055774191,2026-06-27 19:20:17
6083bf88-57dd-451e-a4dc-4d4e108e04ac,f5530567-03e7-4d21-9d4d-46d6460d113d,3368472.487607093,2026-08-18 05:23:20
8fd8acb4-c8fb-4050-a460-cf44a7674726,4563abbe-5188-4a26-8ca3-3a5459ae7302,4677725.984926306,2026-09-01 17:34:44
393aa0a9-3bbd-480c-8ef6-6a146fdcc21b,4fb67094-123c-4911-abd8-ad4d3eacdb28,7249828.954759263,2026-05-01 07:43:58
1c8390ba-1672-480e-8a7d-6fa11d9ddb86,e73e2bc5-7882-4064-876c-108d214c87b1,882636.7755445394,2026-03-10 01:31:55
efed098b-979a-4368-bd96-bb0a5719d3e4,b465c027-2dd1-445b-a454-a82a6d2cdbf9,7352395.472602529,2026-08-29 11:52:39
92a593c8-1db9-4330-b127-6a5cbe9f44cb,d143e0a2-5513-474f-8ffc-1c545b0a31ea,8746937.284161564,2026-06-23 07:39:20
f43dd740-5039-4a8c-9a73-dae0209e6e48,c3b1927b-c178-4e77-ac3b-9258f943375e,7680253.15134742,2026-07-05 10:13:54
4f908490-006e-4070-bca6-a6b093b0d27e,a4f89e23-af39-42ce-8f75-d45a74a12a0d,3795629.04481581,2026-04-09 22:19:11
d8dcc3a5-309a-4327-891d-47fe970e287a,9defeab9-e54c-46ca-9c70-ce2224caf1b8,3001048.4816221427,2026-07-23 15:46:07
c572aa5b-51d4-4f72-ac77-8135fad76ab7,53238aff-e1e5-48a1-9c5c-d673c9ed66a6,7789912.250596532,2026-07-05 14:27:08
cbebb43f-ef15-4821-ade6-bf3ccc2a261d,d8842354-7613-4f44-ba88-f16259f8068e,9383439.159301952,2026-04-09 12:40:04
f1613bab-d0ef-4299-a50b-1c5a50e08a81,6241cba3-7b7c-47cc-b950-f7fa28b58db5,9687528.23383971,2026-07-16 06:14:38
ae133adc-7ff5-488e-b80a-1bb7d653d4bb,9134c0b7-6f73-473b-baee-bacdc8c8ccf9,3897921.802345124,2026-06-05 17:22:59
2557c82c-488c-4ea4-99f9-a33825bdab14,bd472885-13f0-433f-ab6b-3f08a9a0f4ef,8010687.537589973,2026-02-27 17:40:26
809bd813-4f13-423b-91f4-a72499503858,534bfa86-7681-4ad7-9898-6758979800c3,2891900.6638314063,2026-05-24 14:29:05
b4dea4a4-d900-4a4b-bf31-78464600fc5f,9927839b-11d1-4e50-a7e2-189bf4b4c704,6200396.782681381,2026-08-27 14:34:08
37387270-d424-49f3-a18e-44407a70bcf8,0fbd4c81-a900-4ecd-a51e-01ad7e8a2078,9628676.608193517,2026-07-12 07:41:25
606ffa15-f76c-432e-b442-8cde4a9f6c5c,26330c43-a92f-45fe-a58f-cafcc1cfd878,9541900.750021262,2026-06-29 08:52:27
27177e59-5548-4613-8f69-ef2dfb2c2c83,e09ef2a3-ae77-4249-b4a6-3e7632173525,4982032.606066923,2026-08-27 10:08:09
ef36feb1-bb8f-4b2b-991b-1cb635eabd3e,5821b9f8-ea45-4afd-bb8a-61ebb7c12a4c,8447784.111622203,2026-08-24 15:48:18
0d74fc38-bc58-42ec-b34d-e663399e4d08,4b4fafaf-da3d-4780-a0a7-7d78d8feb8de,880068.6390039196,2026-03-11 20:26:58
644d852c-ba36-46cc-bccd-1ac6db55daf5,fa8bd601-d21c-4315-8f5e-248eb40f040e,512326.5748455215,2026-05-30 10:31:18
e9917f60-a8c4-40ca-90a4-a31afc00f3e7,64eec4c1-9714-4adc-b3c4-d0306e84e832,6611628.1104680635,2026-08-19 13:38:04
8c45fc9e-0585-4672-bdb6-51a628c0e305,a998c8e1-3612-41be-8b8c-e7be6f689d65,9126318.341987003,2026-07-07 10:46:37
793228b9-ad8a-44bc-ac24-dcaa566082e1,d707cb6d-5c3b-43b5-acaa-dafbd7e4527a,2046828.3274825222,2026-04-30 18:47:07
126301a0-641c-4619-a430-58d9c1f98e90,04056d2b-a5fc-4671-925d-f20602f865f8,7132235.980953044,2026-06-05 05:27:18
b245b7d9-4849-432c-8875-4d16ba0c96e2,ce52309d-a46a-47c2-a320-de1615ac80e4,7034012.273604747,2026-08-31 15:18:10
64ce4589-8c4a-42ba-9b33-5860b37bdb99,6c936f69-8269-441a-b453-30442e07336d,5803144.467020179,2026-04-17 13:35:59
ca9128fb-c094-4932-92cb-8f692182b518,01e6ee9a-9ac5-4023-acbd-d9312f900058,3894016.713840481,2026-07-20 02:34:04
4dd7cb5c-b5a7-4756-af40-55ddd98d213c,8bd18d4b-ed33-43fc-a92c-aaae44ed98e2,618679.3059230238,2026-08-20 18:04:11
233731e0-93c0-4687-a9e7-e176a79617c4,1cf8570b-5e5b-4ad8-b473-2eb67bb775d4,1309757.2827677347,2026-05-21 23:40:42
e5b015b4-4a84-425f-bb81-4ce1b22a2428,fbcbd6ec-86c2-4d8f-bb36-07b0baed6f49,4609268.651362517,2026-07-14 14:58:56
bf95ff33-cdea-4f52-b7d7-cab335b33f54,e3d1803c-85fa-45ea-9407-2edb8456ce4f,1293889.4675410572,2026-08-07 21:38:12
5cbad410-0256-4225-a6b7-8891bc3ddbfc,9cf021b8-4fff-4b59-9462-8786cc502a89,175631.52061975398,2026-08-26 23:36:37
fd0d4cb1-c916-4a93-ada6-3c4b1a1940e4,781f9d3f-e7f3-49dc-833d-e3ad743b9f71,5845055.412897403,2026-05-24 01:55:45
6d572692-fb92-4354-b34d-4b136065f5cf,b1eedf64-090b-43ed-aae1-d0bc4a099088,9180044.50915041,2026-08-22 01:57:00
0e6bbde0-ed0d-4017-ab10-a823d7770933,94010dfe-7921-4c7c-a119-ceee0fb91307,4761663.240881002,2026-08-31 18:03:00
2dfc6b9c-794f-4bef-b962-77e55b078b11,151f62f9-7c19-4e6f-896c-c03a06fd01e6,4547404.321044164,2026-04-19 01:49:23
a66ccf43-83f3-4f4e-baf3-6aec1e0a7157,4674a0eb-47ed-46dd-9da4-ec0f21ee0f6c,1816103.8210503631,2026-08-27 14:36:56
260892d6-f840-46f2-af0e-ebef97e89057,bd2cf4eb-977e-4f2c-a8fe-60952cb37e23,2856367.6313483203,2026-08-12 04:57:15
08b3c111-3eb8-42c6-a76c-269fb8f91075,7c239ebc-3c77-4558-b365-fb7cc853bc55,540690.4850028649,2026-06-06 05:14:04
4d7d10f3-7d16-4638-a58a-83773da8b37a,252352f6-f7a3-46a6-959b-558bfbec1ed8,8176564.93254278,2026-08-16 04:04:19
a71db3a6-2c28-4bbd-b45d-bd91989da530,a9217ddc-3cea-4f89-a217-3b7fc536d2ce,3446280.6951720347,2026-08-31 11:11:59
fdbcebdb-b119-479c-869e-17c960185b17,0de84b63-5856-41fc-9782-5ea3bbff16e9,1926069.5459006096,2026-02-25 04:47:17
d1753cd1-dd69-4f6b-b6b3-5303c7195dd0,79ea5621-6614-43a7-b6c9-aeb22ae7dc19,8749007.553920206,2026-08-06 00:32:59
a737d19b-a1e0-4bf1-8674-8ee461d15db2,63dba8c8-b4a2-4699-aefa-823b613a9ff9,7154363.669637862,2026-06-27 11:22:28
1ddb4f15-1eb8-4863-82f8-60445e08e249,72e5e892-cc1c-4204-ad5e-749b49ee4969,8687512.011375442,2026-02-18 00:32:39
ab35f75a-a433-46c9-bd3d-6b721f3ec572,a32e3ab5-8802-474a-aaef-2ec218ecde2b,4466091.1842463575,2026-08-18 01:43:21
92aef13c-963b-4564-85e5-14ff399557cb,1928aae5-cd64-4aff-845f-dde1453417b5,7568322.086145742,2026-07-25 02:21:45
becfdded-b198-447f-8612-d4247ac067a6,c53f4f7e-96b6-4287-ac00-f929bbfbf76c,2938675.403041479,2026-05-21 00:32:11
624b31d7-2e5c-48ad-97c6-eb3ccb5a1c0e,022b7e76-ac3c-4e34-82b5-3d3d8c30563f,1591906.6886694124,2026-08-16 11:56:30
6f041c76-b3e6-422d-a504-4925fffcff63,59fcfaeb-7229-44a9-af7c-e6091a99aae0,3199934.1175775845,2026-05-10 02:14:24
534234cf-1974-4b71-a00f-7ed09248c8c8,0e8fd00b-1789-46de-9e90-d10706113bfe,3584336.1544155474,2026-08-22 13:10:04
cb93dab6-dcb9-4394-a8ac-64c4b6b98240,f5321352-b544-48e4-9f2d-a344a3596667,2156606.2595258537,2026-07-01 21:50:07
050e1961-b363-4272-9018-1ce667c3bd9e,a5dd2836-e65f-49fa-838c-2eafa8097a77,1808196.29517632,2026-05-29 00:40:49
c891c9c6-8952-4c51-9145-3eb78e59f579,a9151364-778a-469f-8b68-d94d40da9c7d,4538522.013408642,2026-08-06 06:58:02
d64f10b5-84d6-4400-905d-d35c7d127b6b,c516e394-aae6-487e-a744-aa30b1356d67,1206333.93171898,2026-08-10 05:30:22
ca41e052-d19e-4f98-b6b8-432989fab5cc,637aa999-61ff-4d9a-8ff8-9e8ac6f06a71,4376286.557490373,2026-07-15 15:34:04
b1f9ab31-995e-49de-9cac-41f82e4001c1,c4ca00d7-8a66-4e67-a4d4-d5a31bc2197e,1735386.3326459401,2026-07-08 23:07:28
ccee6b1c-727d-4a84-8e02-3ef0015ce9f4,08eca4c8-1a71-464d-824d-9430b72479b7,4085808.6954678497,2026-07-23 16:17:05
933882b3-20fa-45b7-8a05-49501f7fe5b0,261b5048-7f69-4b97-a581-d60104cdc4e8,624601.6181574255,2026-06-21 16:07:23
8fffc06d-167b-4ea0-a945-1370a71372ab,546fcba3-b336-4143-a6cf-bf5144352e6f,8489625.74630796,2026-08-04 11:45:33
15a905b4-08f6-4b3f-80c9-1cd8d9f8a24e,d8139af7-6766-437b-afa1-79a57a675870,1161038.3314538284,2026-08-04 19:40:13
f75ddff4-5d12-4e9b-8c6f-9a458192ef8f,f443864c-6269-4a44-80d8-c04639d11950,1974650.4401398415,2026-08-22 12:14:52
f1fa7e6a-fa23-4dbb-ac4d-17742bee2fff,5be2124f-fdd9-4681-af5e-eca58909b003,911124.8139773096,2026-02-05 05:52:29
f23b1efb-0bd1-4d4a-8cf4-1edd3f9304fa,f5ff3705-da74-4056-88dd-44cc5d87edd2,4768132.401648703,2026-06-29 18:00:00
a8be8d1f-4b1c-4df3-8865-b35ce79524eb,f7aeede8-0a11-4bac-8df2-1ad52d36db7e,6466709.98869736,2026-08-03 06:06:27
b1f22be5-7d8d-492b-93ba-f4a323cd8a44,7c8b7f1e-5bf8-4967-b057-fcd4a1701e8e,3090502.487700354,2026-04-26 02:45:01
ff2e1955-fc6b-466b-a929-15a385cd74bf,b840d136-067e-4b72-b16e-8645092385fe,6439524.311363431,2026-06-11 05:06:11
35b80aae-82b6-4c8e-89c8-18d79b2e18c0,4ec77371-a4b6-4cfa-8a61-9e64caf0f442,7394361.092373287,2026-02-14 19:51:41
3cb29bf1-0b73-4a1c-91dc-01e5a9a14475,5674b9e2-0e59-45aa-96db-638a097ba119,1936441.793921815,2026-03-31 08:10:33
db2865da-4cb9-4e7b-a444-4f6430259856,85eb2b3f-aad5-4fb8-a762-b59cce9e5929,8778200.654716128,2026-08-08 12:40:30
9a262279-225b-44ad-b519-ab52371831f3,ecc0baa6-3ba4-42ba-9450-0024bdb58d06,7965095.677285264,2026-08-10 19:21:04
470367f7-5beb-41c7-977f-199a374e6538,9e4da214-eb03-4c4e-a83c-dff978a1d988,2149809.9798055156,2026-02-25 11:31:35
13093c17-6c09-4d0a-9f4f-e355baa6961c,e797f3ae-0cca-4c05-a1f6-19ed2c1882c9,7463362.459538408,2026-09-02 01:11:35
a65741db-61bc-4c56-82bb-8f6341458abc,105f86aa-974e-4f83-95d9-a3852bb24cbc,8231509.508190612,2026-08-24 00:43:53
f1da833d-1550-4390-b4c0-db3e666a4a82,1027fbf7-3877-40f0-9d99-d4c5cc96bf43,6621184.487813447,2026-06-25 06:39:01
a12b61ae-1210-4787-b429-ce3b89310697,102f4f5c-55e3-4295-ac67-10bd97d46f61,6827324.128103378,2026-07-27 12:51:35
b261ad5c-a214-445c-becf-dd7244f760a8,2a3dd769-8dac-410d-9eb3-8ef5b24070ca,670422.3335692871,2026-06-27 03:41:11
d2524487-6b70-4287-a9fe-ba149adda7c8,2dee003e-01d9-4e96-81a0-204714aa3ca3,9855025.609912248,2026-05-20 23:53:28
6f023006-c9ac-476c-be11-230e50fcfdaa,cad04982-ceb2-4a32-b189-727f6a8d8a70,3398584.14993219,2026-05-10 03:40:21
3f5c022a-9a86-413d-b6c9-dd3806a2074c,734eab10-85e9-454f-855c-f668a3cb9e18,619279.9394658486,2026-08-22 10:49:07
1c285022-880e-4ddd-9fe7-2d214526ed62,9caf4bfe-7ff8-42c6-b79a-566b2e1482be,4906701.104170485,2026-08-30 13:48:49
a3e2ac17-5450-461f-90e2-b6766822d128,3c52d68a-8ec6-4be5-812b-809e6b358d15,1561799.4281316495,2026-08-29 21:43:08
